"'","'6 mm",
"'","'",
"'","'pericarp",
"'","'seedcoat",
"'","'cotyledons",
"'","'hypocotyl",
"'","'radicle",
"'","'",
,

'Confidence Scores % (Table Cell)
"'21.30126953","'17.57812500",
"'16.54052734","'13.64746094",
"'18.13964844","'14.96582031",
"'26.34277344","'21.74072266",
"'25.19531250","'20.78857422",
"'24.31640625","'20.06835938",
"'17.59033203","'14.51416016",
"'17.85888672","'14.73388672",
