"chillTemp","chillDuration","chillTempUnc","chillTempCycle","chillLightCycle","germTempGen","germTemp","germDuration","germTempClass","germTempDay","germTempNight","germPhotoperiod","germPhotoperiodDay","germPhotoperiodNight","scarifTypeGen","scarifTypeSpe","chemicalCor","storageType","storageDetails","storageTemp","storageDuration","responseVar","photoperiodCor","chemicalConcentUnit","datasetIDstudy","latbi","provLatLon","provLatLonAlt","datasetID","study","entered.by","genus","species","variety","woody","crop","source.population","provenance.lat","provenance.long","provenance.altitude","continent","no.indiv.collected","year.collected","year.germination","storage.type","storage.time","storage.humidity","storage.temp","treatment","chill.temp","chill.duration","germ.temp","other.treatment","photoperiod","chemical","chemical.concent","trt.duration","scarification","scarif.type","soaking","soaked.in","soaking.duration","seed.mass.given","respvar","response","error.type","resp.error","reps","n.per.rep","germ.duration","germ.time.zero","figure","Notes","responseValueNum","responseErrorType","treatmentOverview","chemicalConcent","counter","datasetIDstudycount"
NA,NA,NA,NA,NA,NA,NA,21,"constant",NA,NA,"16/8",16,8,NA,NA,"GA3","dry","dry","25","14","percent.germ","light",NA,"moeini21exp1","Lepyrodiclis_holosteoides","35.67694444 51.80805556","35.67694444 51.80805556 1160","moeini21","exp1","JN","Lepyrodiclis","holosteoides",NA,"N","N","Shahriar area near Bagh-e Komesh, Tehran, Iran",35.67694444,51.80805556,"1160","Asia",NA,"2017","2017","dry","14","40-50","25","GA3",NA,NA,NA,NA,"16","GA4","99.75",NA,"N",NA,"N",NA,NA,"N","per.germ","83.501","SE","1.008","4","50","21","end of treatment","1",NA,83.501,"SE","GA3","99.75",6,"moeini21exp1 6"
NA,NA,NA,NA,NA,NA,NA,21,"constant",NA,NA,"16/8",16,8,NA,NA,"GA3","dry","dry","25","14","percent.germ","light",NA,"moeini21exp1","Lepyrodiclis_holosteoides","35.67694444 51.80805556","35.67694444 51.80805556 1160","moeini21","exp1","JN","Lepyrodiclis","holosteoides",NA,"N","N","Shahriar area near Bagh-e Komesh, Tehran, Iran",35.67694444,51.80805556,"1160","Asia",NA,"2017","2017","dry","14","40-50","25","GA3",NA,NA,NA,NA,"16","GA5","149.98",NA,"N",NA,"N",NA,NA,"N","per.germ","83.501","SE","3.779","4","50","21","end of treatment","1",NA,83.501,"SE","GA3","149.98",6,"moeini21exp1 6"
NA,NA,NA,NA,NA,NA,NA,21,"constant",NA,NA,"16/8",16,8,NA,NA,"GA3","dry","dry","25","14","percent.germ","light",NA,"moeini21exp1","Lepyrodiclis_holosteoides","35.67694444 51.80805556","35.67694444 51.80805556 1160","moeini21","exp1","JN","Lepyrodiclis","holosteoides",NA,"N","N","Shahriar area near Bagh-e Komesh, Tehran, Iran",35.67694444,51.80805556,"1160","Asia",NA,"2017","2017","dry","14","40-50","25","GA3",NA,NA,NA,NA,"16","GA3","49.88",NA,"N",NA,"N",NA,NA,"N","per.germ","84.005","SE","1.763","4","50","21","end of treatment","1",NA,84.005,"SE","GA3","49.88",6,"moeini21exp1 6"
NA,NA,NA,NA,NA,NA,NA,21,"constant",NA,NA,"16/8",16,8,NA,NA,"GA3","dry","dry","25","14","germ.rate","light",NA,"moeini21exp1","Lepyrodiclis_holosteoides","35.67694444 51.80805556","35.67694444 51.80805556 1160","moeini21","exp1","JN","Lepyrodiclis","holosteoides",NA,"N","N","Shahriar area near Bagh-e Komesh, Tehran, Iran",35.67694444,51.80805556,"1160","Asia",NA,"2017","2017","dry","14","40-50","25","GA3",NA,NA,NA,NA,"16","GA5","149.98",NA,"N",NA,"N",NA,NA,"N","germ.speed","14.498","SE","0.811","4","50","21","end of treatment","2",NA,14.498,"SE","GA3","149.98",13,"moeini21exp1 13"
NA,NA,NA,NA,NA,NA,NA,21,"constant",NA,NA,"16/8",16,8,NA,NA,"GA3","dry","dry","25","14","germ.rate","light",NA,"moeini21exp1","Lepyrodiclis_holosteoides","35.67694444 51.80805556","35.67694444 51.80805556 1160","moeini21","exp1","JN","Lepyrodiclis","holosteoides",NA,"N","N","Shahriar area near Bagh-e Komesh, Tehran, Iran",35.67694444,51.80805556,"1160","Asia",NA,"2017","2017","dry","14","40-50","25","GA3",NA,NA,NA,NA,"16","GA3","49.88",NA,"N",NA,"N",NA,NA,"N","germ.speed","16.313","SE","0.733","4","50","21","end of treatment","2",NA,16.313,"SE","GA3","49.88",13,"moeini21exp1 13"
NA,NA,NA,NA,NA,NA,NA,21,"constant",NA,NA,"16/8",16,8,NA,NA,"GA3","dry","dry","25","14","germ.rate","light",NA,"moeini21exp1","Lepyrodiclis_holosteoides","35.67694444 51.80805556","35.67694444 51.80805556 1160","moeini21","exp1","JN","Lepyrodiclis","holosteoides",NA,"N","N","Shahriar area near Bagh-e Komesh, Tehran, Iran",35.67694444,51.80805556,"1160","Asia",NA,"2017","2017","dry","14","40-50","25","GA3",NA,NA,NA,NA,"16","GA4","99.75",NA,"N",NA,"N",NA,NA,"N","germ.speed","12.876","SE","0.155","4","50","21","end of treatment","2",NA,12.876,"SE","GA3","99.75",13,"moeini21exp1 13"
NA,NA,NA,NA,NA,"15","10/20",42,"alternating",10,20,"12/12",12,12,NA,NA,"GA3","dry","dry","18","6","percent.germ","light",NA,"tang10aexp4","Dichotomanthes_tristaniicarpa","25.116667 102.733333","25.116667 102.733333 927","tang10a","exp4","JN","Dichotomanthes","tristaniicarpa",NA,"Y","N","Kunming Botanical Garden, Yunnan, China",25.116667,102.733333,"927","Asia",NA,"2008","2008","dry","6",NA,"18","GA3",NA,NA,"10/20","freshly harvested","12","GA3","400","indefinite","N",NA,"N",NA,NA,"N","per.germ","29","SD","3.7","4","25","42","end of treatment","table1",NA,29,"SD","hormone","400",5,"tang10aexp4 5"
NA,NA,NA,NA,NA,"15","10/20",42,"alternating",10,20,"12/12",12,12,NA,NA,"GA3","dry","dry","18","6","percent.germ","light",NA,"tang10aexp4","Dichotomanthes_tristaniicarpa","25.116667 102.733333","25.116667 102.733333 927","tang10a","exp4","JN","Dichotomanthes","tristaniicarpa",NA,"Y","N","Kunming Botanical Garden, Yunnan, China",25.116667,102.733333,"927","Asia",NA,"2008","2008","dry","6",NA,"18","GA3",NA,NA,"10/20","dry-stored","12","GA3","400","indefinite","N",NA,"N",NA,NA,"N","per.germ","64","SD","5.3","4","25","42","end of treatment","table1",NA,64,"SD","hormone","400",5,"tang10aexp4 5"
NA,NA,NA,NA,NA,"15","10/20",42,"alternating",10,20,"12/12",12,12,NA,NA,"GA3","dry","dry","18","6","percent.germ","light",NA,"tang10aexp4","Dichotomanthes_tristaniicarpa","25.116667 102.733333","25.116667 102.733333 927","tang10a","exp4","JN","Dichotomanthes","tristaniicarpa",NA,"Y","N","Kunming Botanical Garden, Yunnan, China",25.116667,102.733333,"927","Asia",NA,"2008","2008","dry","6",NA,"18","GA3",NA,NA,"10/20","dry-stored","12","GA3","50","indefinite","N",NA,"N",NA,NA,"N","per.germ","39","SD","3.4","4","25","42","end of treatment","table1",NA,39,"SD","hormone","50",5,"tang10aexp4 5"
NA,NA,NA,NA,NA,"15","10/20",42,"alternating",10,20,"12/12",12,12,NA,NA,"GA3","dry","dry","18","6","percent.germ","light",NA,"tang10aexp4","Dichotomanthes_tristaniicarpa","25.116667 102.733333","25.116667 102.733333 927","tang10a","exp4","JN","Dichotomanthes","tristaniicarpa",NA,"Y","N","Kunming Botanical Garden, Yunnan, China",25.116667,102.733333,"927","Asia",NA,"2008","2008","dry","6",NA,"18","GA3",NA,NA,"10/20","dry-stored","12","GA3","100","indefinite","N",NA,"N",NA,NA,"N","per.germ","65","SD","6.9","4","25","42","end of treatment","table1",NA,65,"SD","hormone","100",5,"tang10aexp4 5"
NA,NA,NA,NA,NA,"15","10/20",42,"alternating",10,20,"12/12",12,12,NA,NA,"GA3","dry","dry","18","6","percent.germ","light",NA,"tang10aexp4","Dichotomanthes_tristaniicarpa","25.116667 102.733333","25.116667 102.733333 927","tang10a","exp4","JN","Dichotomanthes","tristaniicarpa",NA,"Y","N","Kunming Botanical Garden, Yunnan, China",25.116667,102.733333,"927","Asia",NA,"2008","2008","dry","6",NA,"18","GA3",NA,NA,"10/20","dry-stored","12","GA3","200","indefinite","N",NA,"N",NA,NA,"N","per.germ","81","SD","3.5","4","25","42","end of treatment","table1",NA,81,"SD","hormone","200",5,"tang10aexp4 5"
NA,NA,NA,NA,NA,"15","10/20",42,"alternating",10,20,"12/12",12,12,NA,NA,"GA3","dry","dry","18","6","percent.germ","light",NA,"tang10aexp4","Dichotomanthes_tristaniicarpa","25.116667 102.733333","25.116667 102.733333 927","tang10a","exp4","JN","Dichotomanthes","tristaniicarpa",NA,"Y","N","Kunming Botanical Garden, Yunnan, China",25.116667,102.733333,"927","Asia",NA,"2008","2008","dry","6",NA,"18","GA3",NA,NA,"10/20","freshly harvested","12","GA3","50","indefinite","N",NA,"N",NA,NA,"N","per.germ","24","SD","6.1","4","25","42","end of treatment","table1",NA,24,"SD","hormone","50",5,"tang10aexp4 5"
NA,NA,NA,NA,NA,"15","10/20",42,"alternating",10,20,"12/12",12,12,NA,NA,"GA3","dry","dry","18","6","percent.germ","light",NA,"tang10aexp4","Dichotomanthes_tristaniicarpa","25.116667 102.733333","25.116667 102.733333 927","tang10a","exp4","JN","Dichotomanthes","tristaniicarpa",NA,"Y","N","Kunming Botanical Garden, Yunnan, China",25.116667,102.733333,"927","Asia",NA,"2008","2008","dry","6",NA,"18","GA3",NA,NA,"10/20","freshly harvested","12","GA3","100","indefinite","N",NA,"N",NA,NA,"N","per.germ","30","SD","5.7","4","25","42","end of treatment","table1",NA,30,"SD","hormone","100",5,"tang10aexp4 5"
NA,NA,NA,NA,NA,"15","10/20",42,"alternating",10,20,"12/12",12,12,NA,NA,"GA3","dry","dry","18","6","percent.germ","light",NA,"tang10aexp4","Dichotomanthes_tristaniicarpa","25.116667 102.733333","25.116667 102.733333 927","tang10a","exp4","JN","Dichotomanthes","tristaniicarpa",NA,"Y","N","Kunming Botanical Garden, Yunnan, China",25.116667,102.733333,"927","Asia",NA,"2008","2008","dry","6",NA,"18","GA3",NA,NA,"10/20","freshly harvested","12","GA3","200","indefinite","N",NA,"N",NA,NA,"N","per.germ","37","SD","4.6","4","25","42","end of treatment","table1",NA,37,"SD","hormone","200",5,"tang10aexp4 5"
NA,NA,NA,NA,NA,"7.5","5/10",10,"alternating",5,10,"12/12",12,12,NA,NA,"GA",NA,NA,NA,NA,"per.ungerminated.fresh",NA,NA,"ochuodho08exp4","Sisymbrium_capense","-32.29 26.41","-32.29 26.41 NA","ochuodho08","exp4","JN","Sisymbrium","capense","Kwayimba","N","N","Umbumbulu, 65km south of Pietermaritzburg, KwaZulu-Natal, South Africa",-32.29,26.41,NA,"Africa",NA,NA,NA,NA,NA,NA,NA,"GA.light",NA,NA,"5-10","5",NA,"GA","1000","10","N",NA,"N",NA,NA,"N","per.ungerminated.fresh","58.648","SD","6.604","4","100","10","start of treatment","5",NA,58.648,"SD","GA.light","1000",3,"ochuodho08exp4 3"
NA,NA,NA,NA,NA,"7.5","5/10",10,"alternating",5,10,"12/12",12,12,NA,NA,"GA",NA,NA,NA,NA,"per.ungerminated.fresh",NA,NA,"ochuodho08exp4","Sisymbrium_capense","-32.29 26.41","-32.29 26.41 NA","ochuodho08","exp4","JN","Sisymbrium","capense","Kwayimba","N","N","Umbumbulu, 65km south of Pietermaritzburg, KwaZulu-Natal, South Africa",-32.29,26.41,NA,"Africa",NA,NA,NA,NA,NA,NA,NA,"GA.dark",NA,NA,"5-10","5",NA,"GA","500","10","N",NA,"N",NA,NA,"N","per.ungerminated.fresh","72.484","SD","5.346","4","100","10","start of treatment","5",NA,72.484,"SD","GA.dark","500",3,"ochuodho08exp4 3"
NA,NA,NA,NA,NA,"7.5","5/10",10,"alternating",5,10,"12/12",12,12,NA,NA,"GA",NA,NA,NA,NA,"per.ungerminated.fresh",NA,NA,"ochuodho08exp4","Sisymbrium_capense","-32.29 26.41","-32.29 26.41 NA","ochuodho08","exp4","JN","Sisymbrium","capense","Kwayimba","N","N","Umbumbulu, 65km south of Pietermaritzburg, KwaZulu-Natal, South Africa",-32.29,26.41,NA,"Africa",NA,NA,NA,NA,NA,NA,NA,"GA.light",NA,NA,"5-10","5",NA,"GA","500","10","N",NA,"N",NA,NA,"N","per.ungerminated.fresh","13.365","SD","3.773","4","100","10","start of treatment","5",NA,13.365,"SD","GA.light","500",3,"ochuodho08exp4 3"
NA,NA,NA,NA,NA,"7.5","5/10",10,"alternating",5,10,"12/12",12,12,NA,NA,"GA",NA,NA,NA,NA,"per.ungerminated.fresh",NA,NA,"ochuodho08exp4","Sisymbrium_capense","-32.29 26.41","-32.29 26.41 NA","ochuodho08","exp4","JN","Sisymbrium","capense","Kwayimba","N","N","Umbumbulu, 65km south of Pietermaritzburg, KwaZulu-Natal, South Africa",-32.29,26.41,NA,"Africa",NA,NA,NA,NA,NA,NA,NA,"GA.dark",NA,NA,"5-10","5",NA,"GA","1000","10","N",NA,"N",NA,NA,"N","per.ungerminated.fresh","12.421","SD","2.516","4","100","10","start of treatment","5",NA,12.421,"SD","GA.dark","1000",3,"ochuodho08exp4 3"
NA,NA,NA,NA,NA,"25","20/30",NA,"alternating",20,30,"12/12",12,12,NA,NA,"GA",NA,NA,NA,NA,"amylase.concentration",NA,NA,"ochuodho08exp5","Sisymbrium_capense","-32.29 26.41","-32.29 26.41 NA","ochuodho08","exp5","JN","Sisymbrium","capense","Kwayimba","N","N","Umbumbulu, 65km south of Pietermaritzburg, KwaZulu-Natal, South Africa",-32.29,26.41,NA,"Africa",NA,NA,NA,NA,NA,NA,NA,"seed.light",NA,NA,"20/30",NA,NA,"GA","1000","6","N",NA,"N",NA,NA,"N","amylase.concentration","2.652","SD","0.864","2","100",NA,NA,"7",NA,2.652,"SD","seed.light","1000",2,"ochuodho08exp5 2"
NA,NA,NA,NA,NA,"25","20/30",NA,"alternating",20,30,"12/12",12,12,NA,NA,"GA",NA,NA,NA,NA,"amylase.concentration",NA,NA,"ochuodho08exp5","Sisymbrium_capense","-32.29 26.41","-32.29 26.41 NA","ochuodho08","exp5","JN","Sisymbrium","capense","Kwayimba","N","N","Umbumbulu, 65km south of Pietermaritzburg, KwaZulu-Natal, South Africa",-32.29,26.41,NA,"Africa",NA,NA,NA,NA,NA,NA,NA,"seed.light",NA,NA,"20/30",NA,NA,"GA","1000","8","N",NA,"N",NA,NA,"N","amylase.concentration","5.133","SD","0.557","2","100",NA,NA,"7",NA,5.133,"SD","seed.light","1000",2,"ochuodho08exp5 2"
NA,NA,NA,NA,NA,"25","20/30",NA,"alternating",20,30,"12/12",12,12,NA,NA,"GA",NA,NA,NA,NA,"amylase.concentration",NA,NA,"ochuodho08exp5","Sisymbrium_capense","-32.29 26.41","-32.29 26.41 NA","ochuodho08","exp5","JN","Sisymbrium","capense","Kwayimba","N","N","Umbumbulu, 65km south of Pietermaritzburg, KwaZulu-Natal, South Africa",-32.29,26.41,NA,"Africa",NA,NA,NA,NA,NA,NA,NA,"seed.light",NA,NA,"20/30",NA,NA,"GA","1000","4","N",NA,"N",NA,NA,"N","amylase.concentration","1.62","SD","0.669","2","100",NA,NA,"7",NA,1.62,"SD","seed.light","1000",2,"ochuodho08exp5 2"
NA,NA,NA,NA,NA,"25","20/30",NA,"alternating",20,30,"12/12",12,12,NA,NA,"GA",NA,NA,NA,NA,"amylase.concentration",NA,NA,"ochuodho08exp5","Sisymbrium_capense","-32.29 26.41","-32.29 26.41 NA","ochuodho08","exp5","JN","Sisymbrium","capense","Kwayimba","N","N","Umbumbulu, 65km south of Pietermaritzburg, KwaZulu-Natal, South Africa",-32.29,26.41,NA,"Africa",NA,NA,NA,NA,NA,NA,NA,"seed.light",NA,NA,"20/30",NA,NA,"GA","500","2","N",NA,"N",NA,NA,"N","amylase.concentration","4.464","SD","0.306","2","100",NA,NA,"7",NA,4.464,"SD","seed.light","500",2,"ochuodho08exp5 2"
NA,NA,NA,NA,NA,"25","20/30",NA,"alternating",20,30,"12/12",12,12,NA,NA,"GA",NA,NA,NA,NA,"amylase.concentration",NA,NA,"ochuodho08exp5","Sisymbrium_capense","-32.29 26.41","-32.29 26.41 NA","ochuodho08","exp5","JN","Sisymbrium","capense","Kwayimba","N","N","Umbumbulu, 65km south of Pietermaritzburg, KwaZulu-Natal, South Africa",-32.29,26.41,NA,"Africa",NA,NA,NA,NA,NA,NA,NA,"seed.light",NA,NA,"20/30",NA,NA,"GA","500","4","N",NA,"N",NA,NA,"N","amylase.concentration","2.261","SD","0.335","2","100",NA,NA,"7",NA,2.261,"SD","seed.light","500",2,"ochuodho08exp5 2"
NA,NA,NA,NA,NA,"25","20/30",NA,"alternating",20,30,"12/12",12,12,NA,NA,"GA",NA,NA,NA,NA,"amylase.concentration",NA,NA,"ochuodho08exp5","Sisymbrium_capense","-32.29 26.41","-32.29 26.41 NA","ochuodho08","exp5","JN","Sisymbrium","capense","Kwayimba","N","N","Umbumbulu, 65km south of Pietermaritzburg, KwaZulu-Natal, South Africa",-32.29,26.41,NA,"Africa",NA,NA,NA,NA,NA,NA,NA,"seed.light",NA,NA,"20/30",NA,NA,"GA","1000","10","N",NA,"N",NA,NA,"N","amylase.concentration","0.756","SD","0.558","2","100",NA,NA,"7",NA,0.756,"SD","seed.light","1000",2,"ochuodho08exp5 2"
NA,NA,NA,NA,NA,"25","20/30",NA,"alternating",20,30,"12/12",12,12,NA,NA,"GA",NA,NA,NA,NA,"amylase.concentration",NA,NA,"ochuodho08exp5","Sisymbrium_capense","-32.29 26.41","-32.29 26.41 NA","ochuodho08","exp5","JN","Sisymbrium","capense","Kwayimba","N","N","Umbumbulu, 65km south of Pietermaritzburg, KwaZulu-Natal, South Africa",-32.29,26.41,NA,"Africa",NA,NA,NA,NA,NA,NA,NA,"seed.light",NA,NA,"20/30",NA,NA,"GA","1000","12","N",NA,"N",NA,NA,"N","amylase.concentration","2.596","SD","0.781","2","100",NA,NA,"7",NA,2.596,"SD","seed.light","1000",2,"ochuodho08exp5 2"
NA,NA,NA,NA,NA,"25","20/30",NA,"alternating",20,30,"12/12",12,12,NA,NA,"GA",NA,NA,NA,NA,"amylase.concentration",NA,NA,"ochuodho08exp5","Sisymbrium_capense","-32.29 26.41","-32.29 26.41 NA","ochuodho08","exp5","JN","Sisymbrium","capense","Kwayimba","N","N","Umbumbulu, 65km south of Pietermaritzburg, KwaZulu-Natal, South Africa",-32.29,26.41,NA,"Africa",NA,NA,NA,NA,NA,NA,NA,"seed.light",NA,NA,"20/30",NA,NA,"GA","500","10","N",NA,"N",NA,NA,"N","amylase.concentration","0.031","SD","0.781","2","100",NA,NA,"7",NA,0.031,"SD","seed.light","500",2,"ochuodho08exp5 2"
NA,NA,NA,NA,NA,"25","20/30",NA,"alternating",20,30,"12/12",12,12,NA,NA,"GA",NA,NA,NA,NA,"amylase.concentration",NA,NA,"ochuodho08exp5","Sisymbrium_capense","-32.29 26.41","-32.29 26.41 NA","ochuodho08","exp5","JN","Sisymbrium","capense","Kwayimba","N","N","Umbumbulu, 65km south of Pietermaritzburg, KwaZulu-Natal, South Africa",-32.29,26.41,NA,"Africa",NA,NA,NA,NA,NA,NA,NA,"seed.light",NA,NA,"20/30",NA,NA,"GA","500","12","N",NA,"N",NA,NA,"N","amylase.concentration","2.345","SD","0.641","2","100",NA,NA,"7",NA,2.345,"SD","seed.light","500",2,"ochuodho08exp5 2"
NA,NA,NA,NA,NA,"25","20/30",NA,"alternating",20,30,"12/12",12,12,NA,NA,"GA",NA,NA,NA,NA,"amylase.concentration",NA,NA,"ochuodho08exp5","Sisymbrium_capense","-32.29 26.41","-32.29 26.41 NA","ochuodho08","exp5","JN","Sisymbrium","capense","Kwayimba","N","N","Umbumbulu, 65km south of Pietermaritzburg, KwaZulu-Natal, South Africa",-32.29,26.41,NA,"Africa",NA,NA,NA,NA,NA,NA,NA,"seed.light",NA,NA,"20/30",NA,NA,"GA","500","6","N",NA,"N",NA,NA,"N","amylase.concentration","1.174","SD","0.53","2","100",NA,NA,"7",NA,1.174,"SD","seed.light","500",2,"ochuodho08exp5 2"
NA,NA,NA,NA,NA,"25","20/30",NA,"alternating",20,30,"12/12",12,12,NA,NA,"GA",NA,NA,NA,NA,"amylase.concentration",NA,NA,"ochuodho08exp5","Sisymbrium_capense","-32.29 26.41","-32.29 26.41 NA","ochuodho08","exp5","JN","Sisymbrium","capense","Kwayimba","N","N","Umbumbulu, 65km south of Pietermaritzburg, KwaZulu-Natal, South Africa",-32.29,26.41,NA,"Africa",NA,NA,NA,NA,NA,NA,NA,"seed.light",NA,NA,"20/30",NA,NA,"GA","1000","2","N",NA,"N",NA,NA,"N","amylase.concentration","2.289","SD","0.586","2","100",NA,NA,"7",NA,2.289,"SD","seed.light","1000",2,"ochuodho08exp5 2"
NA,NA,NA,NA,NA,"25","20/30",NA,"alternating",20,30,"12/12",12,12,NA,NA,"GA",NA,NA,NA,NA,"amylase.concentration",NA,NA,"ochuodho08exp5","Sisymbrium_capense","-32.29 26.41","-32.29 26.41 NA","ochuodho08","exp5","JN","Sisymbrium","capense","Kwayimba","N","N","Umbumbulu, 65km south of Pietermaritzburg, KwaZulu-Natal, South Africa",-32.29,26.41,NA,"Africa",NA,NA,NA,NA,NA,NA,NA,"seed.dark",NA,NA,"20/30",NA,NA,"GA","1000","10","N",NA,"N",NA,NA,"N","amylase.concentration","8.975","SD","0.523","2","100",NA,NA,"7",NA,8.975,"SD","seed.dark","1000",2,"ochuodho08exp5 2"
NA,NA,NA,NA,NA,"25","20/30",NA,"alternating",20,30,"12/12",12,12,NA,NA,"GA",NA,NA,NA,NA,"amylase.concentration",NA,NA,"ochuodho08exp5","Sisymbrium_capense","-32.29 26.41","-32.29 26.41 NA","ochuodho08","exp5","JN","Sisymbrium","capense","Kwayimba","N","N","Umbumbulu, 65km south of Pietermaritzburg, KwaZulu-Natal, South Africa",-32.29,26.41,NA,"Africa",NA,NA,NA,NA,NA,NA,NA,"seed.dark",NA,NA,"20/30",NA,NA,"GA","1000","12","N",NA,"N",NA,NA,"N","amylase.concentration","5.544","SD","0.581","2","100",NA,NA,"7",NA,5.544,"SD","seed.dark","1000",2,"ochuodho08exp5 2"
NA,NA,NA,NA,NA,"25","20/30",NA,"alternating",20,30,"12/12",12,12,NA,NA,"GA",NA,NA,NA,NA,"amylase.concentration",NA,NA,"ochuodho08exp5","Sisymbrium_capense","-32.29 26.41","-32.29 26.41 NA","ochuodho08","exp5","JN","Sisymbrium","capense","Kwayimba","N","N","Umbumbulu, 65km south of Pietermaritzburg, KwaZulu-Natal, South Africa",-32.29,26.41,NA,"Africa",NA,NA,NA,NA,NA,NA,NA,"seed.dark",NA,NA,"20/30",NA,NA,"GA","500","2","N",NA,"N",NA,NA,"N","amylase.concentration","8.655","SD","0.436","2","100",NA,NA,"7",NA,8.655,"SD","seed.dark","500",2,"ochuodho08exp5 2"
NA,NA,NA,NA,NA,"25","20/30",NA,"alternating",20,30,"12/12",12,12,NA,NA,"GA",NA,NA,NA,NA,"amylase.concentration",NA,NA,"ochuodho08exp5","Sisymbrium_capense","-32.29 26.41","-32.29 26.41 NA","ochuodho08","exp5","JN","Sisymbrium","capense","Kwayimba","N","N","Umbumbulu, 65km south of Pietermaritzburg, KwaZulu-Natal, South Africa",-32.29,26.41,NA,"Africa",NA,NA,NA,NA,NA,NA,NA,"seed.dark",NA,NA,"20/30",NA,NA,"GA","500","4","N",NA,"N",NA,NA,"N","amylase.concentration","7.695","SD","0.611","2","100",NA,NA,"7",NA,7.695,"SD","seed.dark","500",2,"ochuodho08exp5 2"
NA,NA,NA,NA,NA,"25","20/30",NA,"alternating",20,30,"12/12",12,12,NA,NA,"GA",NA,NA,NA,NA,"amylase.concentration",NA,NA,"ochuodho08exp5","Sisymbrium_capense","-32.29 26.41","-32.29 26.41 NA","ochuodho08","exp5","JN","Sisymbrium","capense","Kwayimba","N","N","Umbumbulu, 65km south of Pietermaritzburg, KwaZulu-Natal, South Africa",-32.29,26.41,NA,"Africa",NA,NA,NA,NA,NA,NA,NA,"seed.dark",NA,NA,"20/30",NA,NA,"GA","500","6","N",NA,"N",NA,NA,"N","amylase.concentration","9.556","SD","0.669","2","100",NA,NA,"7",NA,9.556,"SD","seed.dark","500",2,"ochuodho08exp5 2"
NA,NA,NA,NA,NA,"25","20/30",NA,"alternating",20,30,"12/12",12,12,NA,NA,"GA",NA,NA,NA,NA,"amylase.concentration",NA,NA,"ochuodho08exp5","Sisymbrium_capense","-32.29 26.41","-32.29 26.41 NA","ochuodho08","exp5","JN","Sisymbrium","capense","Kwayimba","N","N","Umbumbulu, 65km south of Pietermaritzburg, KwaZulu-Natal, South Africa",-32.29,26.41,NA,"Africa",NA,NA,NA,NA,NA,NA,NA,"seed.dark",NA,NA,"20/30",NA,NA,"GA","500","8","N",NA,"N",NA,NA,"N","amylase.concentration","8.335","SD","0.552","2","100",NA,NA,"7",NA,8.335,"SD","seed.dark","500",2,"ochuodho08exp5 2"
NA,NA,NA,NA,NA,"25","20/30",NA,"alternating",20,30,"12/12",12,12,NA,NA,"GA",NA,NA,NA,NA,"amylase.concentration",NA,NA,"ochuodho08exp5","Sisymbrium_capense","-32.29 26.41","-32.29 26.41 NA","ochuodho08","exp5","JN","Sisymbrium","capense","Kwayimba","N","N","Umbumbulu, 65km south of Pietermaritzburg, KwaZulu-Natal, South Africa",-32.29,26.41,NA,"Africa",NA,NA,NA,NA,NA,NA,NA,"seed.dark",NA,NA,"20/30",NA,NA,"GA","500","10","N",NA,"N",NA,NA,"N","amylase.concentration","3.944","SD","0.553","2","100",NA,NA,"7",NA,3.944,"SD","seed.dark","500",2,"ochuodho08exp5 2"
NA,NA,NA,NA,NA,"25","20/30",NA,"alternating",20,30,"12/12",12,12,NA,NA,"GA",NA,NA,NA,NA,"amylase.concentration",NA,NA,"ochuodho08exp5","Sisymbrium_capense","-32.29 26.41","-32.29 26.41 NA","ochuodho08","exp5","JN","Sisymbrium","capense","Kwayimba","N","N","Umbumbulu, 65km south of Pietermaritzburg, KwaZulu-Natal, South Africa",-32.29,26.41,NA,"Africa",NA,NA,NA,NA,NA,NA,NA,"seed.dark",NA,NA,"20/30",NA,NA,"GA","500","12","N",NA,"N",NA,NA,"N","amylase.concentration","2.636","SD","0.523","2","100",NA,NA,"7",NA,2.636,"SD","seed.dark","500",2,"ochuodho08exp5 2"
NA,NA,NA,NA,NA,"25","20/30",NA,"alternating",20,30,"12/12",12,12,NA,NA,"GA",NA,NA,NA,NA,"amylase.concentration",NA,NA,"ochuodho08exp5","Sisymbrium_capense","-32.29 26.41","-32.29 26.41 NA","ochuodho08","exp5","JN","Sisymbrium","capense","Kwayimba","N","N","Umbumbulu, 65km south of Pietermaritzburg, KwaZulu-Natal, South Africa",-32.29,26.41,NA,"Africa",NA,NA,NA,NA,NA,NA,NA,"seed.light",NA,NA,"20/30",NA,NA,"GA","500","8","N",NA,"N",NA,NA,"N","amylase.concentration","1.732","SD","0.613","2","100",NA,NA,"7",NA,1.732,"SD","seed.light","500",2,"ochuodho08exp5 2"
NA,NA,NA,NA,NA,"25","20/30",NA,"alternating",20,30,"12/12",12,12,NA,NA,"GA",NA,NA,NA,NA,"amylase.concentration",NA,NA,"ochuodho08exp5","Sisymbrium_capense","-32.29 26.41","-32.29 26.41 NA","ochuodho08","exp5","JN","Sisymbrium","capense","Kwayimba","N","N","Umbumbulu, 65km south of Pietermaritzburg, KwaZulu-Natal, South Africa",-32.29,26.41,NA,"Africa",NA,NA,NA,NA,NA,NA,NA,"seed.dark",NA,NA,"20/30",NA,NA,"GA","1000","2","N",NA,"N",NA,NA,"N","amylase.concentration","10.225","SD","0.465","2","100",NA,NA,"7",NA,10.225,"SD","seed.dark","1000",2,"ochuodho08exp5 2"
NA,NA,NA,NA,NA,"25","20/30",NA,"alternating",20,30,"12/12",12,12,NA,NA,"GA",NA,NA,NA,NA,"amylase.concentration",NA,NA,"ochuodho08exp5","Sisymbrium_capense","-32.29 26.41","-32.29 26.41 NA","ochuodho08","exp5","JN","Sisymbrium","capense","Kwayimba","N","N","Umbumbulu, 65km south of Pietermaritzburg, KwaZulu-Natal, South Africa",-32.29,26.41,NA,"Africa",NA,NA,NA,NA,NA,NA,NA,"seed.dark",NA,NA,"20/30",NA,NA,"GA","1000","4","N",NA,"N",NA,NA,"N","amylase.concentration","11.62","SD","0.291","2","100",NA,NA,"7",NA,11.62,"SD","seed.dark","1000",2,"ochuodho08exp5 2"
NA,NA,NA,NA,NA,"25","20/30",NA,"alternating",20,30,"12/12",12,12,NA,NA,"GA",NA,NA,NA,NA,"amylase.concentration",NA,NA,"ochuodho08exp5","Sisymbrium_capense","-32.29 26.41","-32.29 26.41 NA","ochuodho08","exp5","JN","Sisymbrium","capense","Kwayimba","N","N","Umbumbulu, 65km south of Pietermaritzburg, KwaZulu-Natal, South Africa",-32.29,26.41,NA,"Africa",NA,NA,NA,NA,NA,NA,NA,"seed.dark",NA,NA,"20/30",NA,NA,"GA","1000","6","N",NA,"N",NA,NA,"N","amylase.concentration","11.911","SD","0.262","2","100",NA,NA,"7",NA,11.911,"SD","seed.dark","1000",2,"ochuodho08exp5 2"
NA,NA,NA,NA,NA,"25","20/30",NA,"alternating",20,30,"12/12",12,12,NA,NA,"GA",NA,NA,NA,NA,"amylase.concentration",NA,NA,"ochuodho08exp5","Sisymbrium_capense","-32.29 26.41","-32.29 26.41 NA","ochuodho08","exp5","JN","Sisymbrium","capense","Kwayimba","N","N","Umbumbulu, 65km south of Pietermaritzburg, KwaZulu-Natal, South Africa",-32.29,26.41,NA,"Africa",NA,NA,NA,NA,NA,NA,NA,"seed.dark",NA,NA,"20/30",NA,NA,"GA","1000","8","N",NA,"N",NA,NA,"N","amylase.concentration","11.679","SD","0.436","2","100",NA,NA,"7",NA,11.679,"SD","seed.dark","1000",2,"ochuodho08exp5 2"
NA,NA,NA,NA,NA,NA,NA,NA,"constant",NA,NA,NA,NA,NA,NA,NA,"GA",NA,NA,NA,NA,"percent.germ",NA,NA,"chakraborty92exp1","Terminalia_bellirica","30.56 77.30","30.56 77.30 NA","chakraborty92","exp1","JN","Terminalia","bellirica",NA,"Y","N","Nahan, Himachal Pradesh, India",30.56,77.3,NA,"Asia",NA,NA,"1988",NA,NA,NA,NA,"GA",NA,NA,NA,NA,NA,"GA","50","1","N",NA,"N",NA,NA,"N","per.germ","56.122",NA,NA,NA,NA,NA,NA,"1",NA,56.122,NA,"GA","50",3,"chakraborty92exp1 3"
NA,NA,NA,NA,NA,NA,NA,NA,"constant",NA,NA,NA,NA,NA,NA,NA,"GA",NA,NA,NA,NA,"percent.germ",NA,NA,"chakraborty92exp1","Terminalia_bellirica","30.56 77.30","30.56 77.30 NA","chakraborty92","exp1","JN","Terminalia","bellirica",NA,"Y","N","Nahan, Himachal Pradesh, India",30.56,77.3,NA,"Asia",NA,NA,"1988",NA,NA,NA,NA,"GA",NA,NA,NA,NA,NA,"GA","100","1","N",NA,"N",NA,NA,"N","per.germ","43.586",NA,NA,NA,NA,NA,NA,"1",NA,43.586,NA,"GA","100",3,"chakraborty92exp1 3"
NA,NA,NA,NA,NA,NA,NA,NA,"constant",NA,NA,NA,NA,NA,NA,NA,"GA3",NA,NA,NA,NA,"germ.energy",NA,NA,"chakraborty92exp1","Terminalia_bellirica","30.56 77.30","30.56 77.30 NA","chakraborty92","exp1","JN","Terminalia","bellirica",NA,"Y","N","Nahan, Himachal Pradesh, India",30.56,77.3,NA,"Asia",NA,NA,"1988",NA,NA,NA,NA,"GA3",NA,NA,NA,NA,NA,"GA3","50","1","N",NA,"N",NA,NA,"N","germination.energy","35.131",NA,NA,NA,NA,NA,NA,"1",NA,35.131,NA,"GA3","50",7,"chakraborty92exp1 7"
NA,NA,NA,NA,NA,NA,NA,NA,"constant",NA,NA,NA,NA,NA,NA,NA,"GA3",NA,NA,NA,NA,"germ.energy",NA,NA,"chakraborty92exp1","Terminalia_bellirica","30.56 77.30","30.56 77.30 NA","chakraborty92","exp1","JN","Terminalia","bellirica",NA,"Y","N","Nahan, Himachal Pradesh, India",30.56,77.3,NA,"Asia",NA,NA,"1988",NA,NA,NA,NA,"GA3",NA,NA,NA,NA,NA,"GA3","100","1","N",NA,"N",NA,NA,"N","germination.energy","28.717",NA,NA,NA,NA,NA,NA,"1",NA,28.717,NA,"GA3","100",7,"chakraborty92exp1 7"
NA,NA,NA,NA,NA,NA,NA,NA,"constant",NA,NA,NA,NA,NA,NA,NA,"GA3",NA,NA,NA,NA,"percent.germ",NA,NA,"chakraborty92exp2","Terminalia_bellirica","30.56 77.30","30.56 77.30 NA","chakraborty92","exp2","JN","Terminalia","bellirica",NA,"Y","N","Nahan, Himachal Pradesh, India",30.56,77.3,NA,"Asia",NA,NA,"1989",NA,NA,NA,NA,"GA3",NA,NA,NA,NA,NA,"GA3","100","1","N",NA,"N",NA,NA,"N","per.germ","45.393",NA,NA,NA,NA,NA,NA,"2",NA,45.393,NA,"GA3","100",4,"chakraborty92exp2 4"
NA,NA,NA,NA,NA,NA,NA,NA,"constant",NA,NA,NA,NA,NA,NA,NA,"GA3",NA,NA,NA,NA,"percent.germ",NA,NA,"chakraborty92exp2","Terminalia_bellirica","30.56 77.30","30.56 77.30 NA","chakraborty92","exp2","JN","Terminalia","bellirica",NA,"Y","N","Nahan, Himachal Pradesh, India",30.56,77.3,NA,"Asia",NA,NA,"1989",NA,NA,NA,NA,"GA3",NA,NA,NA,NA,NA,"GA3","200","1","N",NA,"N",NA,NA,"N","per.germ","51.897",NA,NA,NA,NA,NA,NA,"2",NA,51.897,NA,"GA3","200",4,"chakraborty92exp2 4"
NA,NA,NA,NA,NA,NA,NA,NA,"constant",NA,NA,NA,NA,NA,NA,NA,"GA3",NA,NA,NA,NA,"germ.energy",NA,NA,"chakraborty92exp2","Terminalia_bellirica","30.56 77.30","30.56 77.30 NA","chakraborty92","exp2","JN","Terminalia","bellirica",NA,"Y","N","Nahan, Himachal Pradesh, India",30.56,77.3,NA,"Asia",NA,NA,"1989",NA,NA,NA,NA,"GA3",NA,NA,NA,NA,NA,"GA3","100","1","N",NA,"N",NA,NA,"N","germination.energy","31.572",NA,NA,NA,NA,NA,NA,"2",NA,31.572,NA,"GA3","100",8,"chakraborty92exp2 8"
NA,NA,NA,NA,NA,NA,NA,NA,"constant",NA,NA,NA,NA,NA,NA,NA,"GA3",NA,NA,NA,NA,"germ.energy",NA,NA,"chakraborty92exp2","Terminalia_bellirica","30.56 77.30","30.56 77.30 NA","chakraborty92","exp2","JN","Terminalia","bellirica",NA,"Y","N","Nahan, Himachal Pradesh, India",30.56,77.3,NA,"Asia",NA,NA,"1989",NA,NA,NA,NA,"GA3",NA,NA,NA,NA,NA,"GA3","200","1","N",NA,"N",NA,NA,"N","germination.energy","31.843",NA,NA,NA,NA,NA,NA,"2",NA,31.843,NA,"GA3","200",8,"chakraborty92exp2 8"
NA,NA,NA,NA,NA,NA,NA,NA,"constant",NA,NA,NA,NA,NA,NA,NA,"GA",NA,NA,NA,NA,"germ.time",NA,NA,"chakraborty92exp3","Terminalia_bellirica","30.56 77.30","30.56 77.30 NA","chakraborty92","exp3","JN","Terminalia","bellirica",NA,"Y","N","Nahan, Himachal Pradesh, India",30.56,77.3,NA,"Asia",NA,NA,"1988",NA,NA,NA,NA,"GA",NA,NA,NA,NA,NA,"GA","50","1","N",NA,"N",NA,NA,"N","germ.days","64.3",NA,NA,NA,NA,NA,NA,"table1",NA,64.3,NA,"GA","50",3,"chakraborty92exp3 3"
NA,NA,NA,NA,NA,NA,NA,NA,"constant",NA,NA,NA,NA,NA,NA,NA,"GA",NA,NA,NA,NA,"germ.time",NA,NA,"chakraborty92exp3","Terminalia_bellirica","30.56 77.30","30.56 77.30 NA","chakraborty92","exp3","JN","Terminalia","bellirica",NA,"Y","N","Nahan, Himachal Pradesh, India",30.56,77.3,NA,"Asia",NA,NA,"1988",NA,NA,NA,NA,"GA",NA,NA,NA,NA,NA,"GA","100","1","N",NA,"N",NA,NA,"N","germ.days","64",NA,NA,NA,NA,NA,NA,"table1",NA,64,NA,"GA","100",3,"chakraborty92exp3 3"
NA,NA,NA,NA,NA,NA,NA,NA,"constant",NA,NA,NA,NA,NA,NA,NA,"GA",NA,NA,NA,NA,"per.survive",NA,NA,"chakraborty92exp3","Terminalia_bellirica","30.56 77.30","30.56 77.30 NA","chakraborty92","exp3","JN","Terminalia","bellirica",NA,"Y","N","Nahan, Himachal Pradesh, India",30.56,77.3,NA,"Asia",NA,NA,"1988",NA,NA,NA,NA,"GA",NA,NA,NA,NA,NA,"GA","50","1","N",NA,"N",NA,NA,"N","per.survive","93.9",NA,NA,NA,NA,NA,NA,"table1",NA,93.9,NA,"GA","50",7,"chakraborty92exp3 7"
NA,NA,NA,NA,NA,NA,NA,NA,"constant",NA,NA,NA,NA,NA,NA,NA,"GA",NA,NA,NA,NA,"per.survive",NA,NA,"chakraborty92exp3","Terminalia_bellirica","30.56 77.30","30.56 77.30 NA","chakraborty92","exp3","JN","Terminalia","bellirica",NA,"Y","N","Nahan, Himachal Pradesh, India",30.56,77.3,NA,"Asia",NA,NA,"1988",NA,NA,NA,NA,"GA",NA,NA,NA,NA,NA,"GA","100","1","N",NA,"N",NA,NA,"N","per.survive","89.1",NA,NA,NA,NA,NA,NA,"table1",NA,89.1,NA,"GA","100",7,"chakraborty92exp3 7"
NA,NA,NA,NA,NA,NA,NA,NA,"constant",NA,NA,NA,NA,NA,NA,NA,"GA",NA,NA,NA,NA,"growth.height.cm",NA,NA,"chakraborty92exp3","Terminalia_bellirica","30.56 77.30","30.56 77.30 NA","chakraborty92","exp3","JN","Terminalia","bellirica",NA,"Y","N","Nahan, Himachal Pradesh, India",30.56,77.3,NA,"Asia",NA,NA,"1988",NA,NA,NA,NA,"GA",NA,NA,NA,NA,NA,"GA","100","1","N",NA,"N",NA,NA,"N","growth.height.cm","18",NA,NA,NA,NA,NA,NA,"table1",NA,18,NA,"GA","100",11,"chakraborty92exp3 11"
NA,NA,NA,NA,NA,NA,NA,NA,"constant",NA,NA,NA,NA,NA,NA,NA,"GA",NA,NA,NA,NA,"growth.height.cm",NA,NA,"chakraborty92exp3","Terminalia_bellirica","30.56 77.30","30.56 77.30 NA","chakraborty92","exp3","JN","Terminalia","bellirica",NA,"Y","N","Nahan, Himachal Pradesh, India",30.56,77.3,NA,"Asia",NA,NA,"1988",NA,NA,NA,NA,"GA",NA,NA,NA,NA,NA,"GA","50","1","N",NA,"N",NA,NA,"N","growth.height.cm","14.3",NA,NA,NA,NA,NA,NA,"table1",NA,14.3,NA,"GA","50",11,"chakraborty92exp3 11"
NA,NA,NA,NA,NA,NA,NA,NA,"constant",NA,NA,NA,NA,NA,NA,NA,"GA",NA,NA,NA,NA,"growth.collar.diameter.cm",NA,NA,"chakraborty92exp3","Terminalia_bellirica","30.56 77.30","30.56 77.30 NA","chakraborty92","exp3","JN","Terminalia","bellirica",NA,"Y","N","Nahan, Himachal Pradesh, India",30.56,77.3,NA,"Asia",NA,NA,"1988",NA,NA,NA,NA,"GA",NA,NA,NA,NA,NA,"GA","50","1","N",NA,"N",NA,NA,"N","growth.collar.diameter.cm","0.68",NA,NA,NA,NA,NA,NA,"table1",NA,0.68,NA,"GA","50",15,"chakraborty92exp3 15"
NA,NA,NA,NA,NA,NA,NA,NA,"constant",NA,NA,NA,NA,NA,NA,NA,"GA",NA,NA,NA,NA,"growth.collar.diameter.cm",NA,NA,"chakraborty92exp3","Terminalia_bellirica","30.56 77.30","30.56 77.30 NA","chakraborty92","exp3","JN","Terminalia","bellirica",NA,"Y","N","Nahan, Himachal Pradesh, India",30.56,77.3,NA,"Asia",NA,NA,"1988",NA,NA,NA,NA,"GA",NA,NA,NA,NA,NA,"GA","100","1","N",NA,"N",NA,NA,"N","growth.collar.diameter.cm","0.78",NA,NA,NA,NA,NA,NA,"table1",NA,0.78,NA,"GA","100",15,"chakraborty92exp3 15"
NA,NA,NA,NA,NA,NA,NA,NA,"constant",NA,NA,NA,NA,NA,NA,NA,"GA3",NA,NA,NA,NA,"germ.time",NA,NA,"chakraborty92exp4","Terminalia_bellirica","30.56 77.30","30.56 77.30 NA","chakraborty92","exp4","JN","Terminalia","bellirica",NA,"Y","N","Nahan, Himachal Pradesh, India",30.56,77.3,NA,"Asia",NA,NA,"1989",NA,NA,NA,NA,"GA3",NA,NA,NA,NA,NA,"GA3","200","1","N",NA,"N",NA,NA,"N","germ.days","60",NA,NA,NA,NA,NA,NA,"table2",NA,60,NA,"GA3","200",4,"chakraborty92exp4 4"
NA,NA,NA,NA,NA,NA,NA,NA,"constant",NA,NA,NA,NA,NA,NA,NA,"GA3",NA,NA,NA,NA,"germ.time",NA,NA,"chakraborty92exp4","Terminalia_bellirica","30.56 77.30","30.56 77.30 NA","chakraborty92","exp4","JN","Terminalia","bellirica",NA,"Y","N","Nahan, Himachal Pradesh, India",30.56,77.3,NA,"Asia",NA,NA,"1989",NA,NA,NA,NA,"GA3",NA,NA,NA,NA,NA,"GA3","100","1","N",NA,"N",NA,NA,"N","germ.days","61.7",NA,NA,NA,NA,NA,NA,"table2",NA,61.7,NA,"GA3","100",4,"chakraborty92exp4 4"
NA,NA,NA,NA,NA,NA,NA,NA,"constant",NA,NA,NA,NA,NA,NA,NA,"GA3",NA,NA,NA,NA,"per.survive",NA,NA,"chakraborty92exp4","Terminalia_bellirica","30.56 77.30","30.56 77.30 NA","chakraborty92","exp4","JN","Terminalia","bellirica",NA,"Y","N","Nahan, Himachal Pradesh, India",30.56,77.3,NA,"Asia",NA,NA,"1989",NA,NA,NA,NA,"GA3",NA,NA,NA,NA,NA,"GA3","100","1","N",NA,"N",NA,NA,"N","per.survive","88",NA,NA,NA,NA,NA,NA,"table2",NA,88,NA,"GA3","100",8,"chakraborty92exp4 8"
NA,NA,NA,NA,NA,NA,NA,NA,"constant",NA,NA,NA,NA,NA,NA,NA,"GA3",NA,NA,NA,NA,"per.survive",NA,NA,"chakraborty92exp4","Terminalia_bellirica","30.56 77.30","30.56 77.30 NA","chakraborty92","exp4","JN","Terminalia","bellirica",NA,"Y","N","Nahan, Himachal Pradesh, India",30.56,77.3,NA,"Asia",NA,NA,"1989",NA,NA,NA,NA,"GA3",NA,NA,NA,NA,NA,"GA3","200","1","N",NA,"N",NA,NA,"N","per.survive","85.3",NA,NA,NA,NA,NA,NA,"table2",NA,85.3,NA,"GA3","200",8,"chakraborty92exp4 8"
NA,NA,NA,NA,NA,NA,NA,NA,"constant",NA,NA,NA,NA,NA,NA,NA,"GA3",NA,NA,NA,NA,"growth.height.cm",NA,NA,"chakraborty92exp4","Terminalia_bellirica","30.56 77.30","30.56 77.30 NA","chakraborty92","exp4","JN","Terminalia","bellirica",NA,"Y","N","Nahan, Himachal Pradesh, India",30.56,77.3,NA,"Asia",NA,NA,"1989",NA,NA,NA,NA,"GA3",NA,NA,NA,NA,NA,"GA3","200","1","N",NA,"N",NA,NA,"N","growth.height.cm","9",NA,NA,NA,NA,NA,NA,"table2",NA,9,NA,"GA3","200",12,"chakraborty92exp4 12"
NA,NA,NA,NA,NA,NA,NA,NA,"constant",NA,NA,NA,NA,NA,NA,NA,"GA3",NA,NA,NA,NA,"growth.height.cm",NA,NA,"chakraborty92exp4","Terminalia_bellirica","30.56 77.30","30.56 77.30 NA","chakraborty92","exp4","JN","Terminalia","bellirica",NA,"Y","N","Nahan, Himachal Pradesh, India",30.56,77.3,NA,"Asia",NA,NA,"1989",NA,NA,NA,NA,"GA3",NA,NA,NA,NA,NA,"GA3","100","1","N",NA,"N",NA,NA,"N","growth.height.cm","8.7",NA,NA,NA,NA,NA,NA,"table2",NA,8.7,NA,"GA3","100",12,"chakraborty92exp4 12"
NA,NA,NA,NA,NA,NA,NA,NA,"constant",NA,NA,NA,NA,NA,NA,NA,"GA3",NA,NA,NA,NA,"growth.collar.diameter.cm",NA,NA,"chakraborty92exp4","Terminalia_bellirica","30.56 77.30","30.56 77.30 NA","chakraborty92","exp4","JN","Terminalia","bellirica",NA,"Y","N","Nahan, Himachal Pradesh, India",30.56,77.3,NA,"Asia",NA,NA,"1989",NA,NA,NA,NA,"GA3",NA,NA,NA,NA,NA,"GA3","200","1","N",NA,"N",NA,NA,"N","growth.collar.diameter.cm","0.58",NA,NA,NA,NA,NA,NA,"table2",NA,0.58,NA,"GA3","200",16,"chakraborty92exp4 16"
NA,NA,NA,NA,NA,NA,NA,NA,"constant",NA,NA,NA,NA,NA,NA,NA,"GA3",NA,NA,NA,NA,"growth.collar.diameter.cm",NA,NA,"chakraborty92exp4","Terminalia_bellirica","30.56 77.30","30.56 77.30 NA","chakraborty92","exp4","JN","Terminalia","bellirica",NA,"Y","N","Nahan, Himachal Pradesh, India",30.56,77.3,NA,"Asia",NA,NA,"1989",NA,NA,NA,NA,"GA3",NA,NA,NA,NA,NA,"GA3","100","1","N",NA,"N",NA,NA,"N","growth.collar.diameter.cm","0.62",NA,NA,NA,NA,NA,NA,"table2",NA,0.62,NA,"GA3","100",16,"chakraborty92exp4 16"
"4.5","0","0.5",NA,NA,"24","24",63,"constant",24,NA,NA,NA,NA,NA,NA,"GA3",NA,NA,NA,NA,"percent.germ",NA,NA,"al-absi10exp1","Prunus_mahaleb","30.83 35.62","30.83 35.62 900","al-absi10","exp1","JN","Prunus","mahaleb",NA,"Y","N","Al-Hassan Agricultural Station, Tafila, Jordan",30.83,35.62,"900","Asia",NA,"2003","2004",NA,NA,NA,NA,"stratification.GA","4-5","0","24",NA,NA,"GA3","2000",NA,"N",NA,"Y","tap.water","120","N","per.germ","7.595",NA,"4.224","3","50","63","end of treatment","1c",NA,7.595,NA,"cold stratification x hormone","2000",21,"al-absi10exp1 21"
"4.5","0","0.5",NA,NA,"24","24",63,"constant",24,NA,NA,NA,NA,NA,NA,"GA3",NA,NA,NA,NA,"percent.germ",NA,NA,"al-absi10exp1","Prunus_mahaleb","30.83 35.62","30.83 35.62 900","al-absi10","exp1","JN","Prunus","mahaleb",NA,"Y","N","Al-Hassan Agricultural Station, Tafila, Jordan",30.83,35.62,"900","Asia",NA,"2003","2004",NA,NA,NA,NA,"stratification.GA","4-5","0","24",NA,NA,"GA3","0",NA,"N",NA,"Y","tap.water","120","N","per.germ","7.83",NA,"4.484","3","50","63","end of treatment","1c",NA,7.83,NA,"cold stratification x hormone","0",21,"al-absi10exp1 21"
"4.5","0","0.5",NA,NA,"24","24",63,"constant",24,NA,NA,NA,NA,NA,NA,"GA3",NA,NA,NA,NA,"percent.germ",NA,NA,"al-absi10exp1","Prunus_mahaleb","30.83 35.62","30.83 35.62 900","al-absi10","exp1","JN","Prunus","mahaleb",NA,"Y","N","Al-Hassan Agricultural Station, Tafila, Jordan",30.83,35.62,"900","Asia",NA,"2003","2004",NA,NA,NA,NA,"stratification.GA","4-5","0","24",NA,NA,"GA3","500",NA,"N",NA,"Y","tap.water","120","N","per.germ","7.595",NA,"3.989","3","50","63","end of treatment","1c",NA,7.595,NA,"cold stratification x hormone","500",21,"al-absi10exp1 21"
"4.5","0","0.5",NA,NA,"24","24",63,"constant",24,NA,NA,NA,NA,NA,NA,"GA3",NA,NA,NA,NA,"percent.germ",NA,NA,"al-absi10exp1","Prunus_mahaleb","30.83 35.62","30.83 35.62 900","al-absi10","exp1","JN","Prunus","mahaleb",NA,"Y","N","Al-Hassan Agricultural Station, Tafila, Jordan",30.83,35.62,"900","Asia",NA,"2003","2004",NA,NA,NA,NA,"stratification.GA","4-5","0","24",NA,NA,"GA3","1000",NA,"N",NA,"Y","tap.water","120","N","per.germ","5.952",NA,"4.223","3","50","63","end of treatment","1c",NA,5.952,NA,"cold stratification x hormone","1000",21,"al-absi10exp1 21"
"4.5","30","0.5",NA,NA,"24","24",63,"constant",24,NA,NA,NA,NA,NA,NA,"GA3",NA,NA,NA,NA,"percent.germ",NA,NA,"al-absi10exp1","Prunus_mahaleb","30.83 35.62","30.83 35.62 900","al-absi10","exp1","JN","Prunus","mahaleb",NA,"Y","N","Al-Hassan Agricultural Station, Tafila, Jordan",30.83,35.62,"900","Asia",NA,"2003","2004",NA,NA,NA,NA,"stratification.GA","4-5","30","24",NA,NA,"GA3","2000",NA,"N",NA,"Y","tap.water","120","N","per.germ","11.584",NA,"4.458","3","50","63","end of treatment","1c",NA,11.584,NA,"cold stratification x hormone","2000",22,"al-absi10exp1 22"
"4.5","30","0.5",NA,NA,"24","24",63,"constant",24,NA,NA,NA,NA,NA,NA,"GA3",NA,NA,NA,NA,"percent.germ",NA,NA,"al-absi10exp1","Prunus_mahaleb","30.83 35.62","30.83 35.62 900","al-absi10","exp1","JN","Prunus","mahaleb",NA,"Y","N","Al-Hassan Agricultural Station, Tafila, Jordan",30.83,35.62,"900","Asia",NA,"2003","2004",NA,NA,NA,NA,"stratification.GA","4-5","30","24",NA,NA,"GA3","0",NA,"N",NA,"Y","tap.water","120","N","per.germ","9.003",NA,"3.989","3","50","63","end of treatment","1c",NA,9.003,NA,"cold stratification x hormone","0",22,"al-absi10exp1 22"
"4.5","30","0.5",NA,NA,"24","24",63,"constant",24,NA,NA,NA,NA,NA,NA,"GA3",NA,NA,NA,NA,"percent.germ",NA,NA,"al-absi10exp1","Prunus_mahaleb","30.83 35.62","30.83 35.62 900","al-absi10","exp1","JN","Prunus","mahaleb",NA,"Y","N","Al-Hassan Agricultural Station, Tafila, Jordan",30.83,35.62,"900","Asia",NA,"2003","2004",NA,NA,NA,NA,"stratification.GA","4-5","30","24",NA,NA,"GA3","500",NA,"N",NA,"Y","tap.water","120","N","per.germ","12.758",NA,"3.99","3","50","63","end of treatment","1c",NA,12.758,NA,"cold stratification x hormone","500",22,"al-absi10exp1 22"
"4.5","30","0.5",NA,NA,"24","24",63,"constant",24,NA,NA,NA,NA,NA,NA,"GA3",NA,NA,NA,NA,"percent.germ",NA,NA,"al-absi10exp1","Prunus_mahaleb","30.83 35.62","30.83 35.62 900","al-absi10","exp1","JN","Prunus","mahaleb",NA,"Y","N","Al-Hassan Agricultural Station, Tafila, Jordan",30.83,35.62,"900","Asia",NA,"2003","2004",NA,NA,NA,NA,"stratification.GA","4-5","30","24",NA,NA,"GA3","1000",NA,"N",NA,"Y","tap.water","120","N","per.germ","11.584",NA,"4.458","3","50","63","end of treatment","1c",NA,11.584,NA,"cold stratification x hormone","1000",22,"al-absi10exp1 22"
"4.5","60","0.5",NA,NA,"24","24",63,"constant",24,NA,NA,NA,NA,NA,NA,"GA3",NA,NA,NA,NA,"percent.germ",NA,NA,"al-absi10exp1","Prunus_mahaleb","30.83 35.62","30.83 35.62 900","al-absi10","exp1","JN","Prunus","mahaleb",NA,"Y","N","Al-Hassan Agricultural Station, Tafila, Jordan",30.83,35.62,"900","Asia",NA,"2003","2004",NA,NA,NA,NA,"stratification.GA","4-5","60","24",NA,NA,"GA3","2000",NA,"N",NA,"Y","tap.water","120","N","per.germ","61.332",NA,"3.989","3","50","63","end of treatment","1c",NA,61.332,NA,"cold stratification x hormone","2000",23,"al-absi10exp1 23"
"4.5","60","0.5",NA,NA,"24","24",63,"constant",24,NA,NA,NA,NA,NA,NA,"GA3",NA,NA,NA,NA,"percent.germ",NA,NA,"al-absi10exp1","Prunus_mahaleb","30.83 35.62","30.83 35.62 900","al-absi10","exp1","JN","Prunus","mahaleb",NA,"Y","N","Al-Hassan Agricultural Station, Tafila, Jordan",30.83,35.62,"900","Asia",NA,"2003","2004",NA,NA,NA,NA,"stratification.GA","4-5","60","24",NA,NA,"GA3","0",NA,"N",NA,"Y","tap.water","120","N","per.germ","46.314",NA,"3.989","3","50","63","end of treatment","1c",NA,46.314,NA,"cold stratification x hormone","0",23,"al-absi10exp1 23"
"4.5","60","0.5",NA,NA,"24","24",63,"constant",24,NA,NA,NA,NA,NA,NA,"GA3",NA,NA,NA,NA,"percent.germ",NA,NA,"al-absi10exp1","Prunus_mahaleb","30.83 35.62","30.83 35.62 900","al-absi10","exp1","JN","Prunus","mahaleb",NA,"Y","N","Al-Hassan Agricultural Station, Tafila, Jordan",30.83,35.62,"900","Asia",NA,"2003","2004",NA,NA,NA,NA,"stratification.GA","4-5","60","24",NA,NA,"GA3","500",NA,"N",NA,"Y","tap.water","120","N","per.germ","55.231",NA,"4.224","3","50","63","end of treatment","1c",NA,55.231,NA,"cold stratification x hormone","500",23,"al-absi10exp1 23"
"4.5","60","0.5",NA,NA,"24","24",63,"constant",24,NA,NA,NA,NA,NA,NA,"GA3",NA,NA,NA,NA,"percent.germ",NA,NA,"al-absi10exp1","Prunus_mahaleb","30.83 35.62","30.83 35.62 900","al-absi10","exp1","JN","Prunus","mahaleb",NA,"Y","N","Al-Hassan Agricultural Station, Tafila, Jordan",30.83,35.62,"900","Asia",NA,"2003","2004",NA,NA,NA,NA,"stratification.GA","4-5","60","24",NA,NA,"GA3","1000",NA,"N",NA,"Y","tap.water","120","N","per.germ","66.73",NA,"3.99","3","50","63","end of treatment","1c",NA,66.73,NA,"cold stratification x hormone","1000",23,"al-absi10exp1 23"
"4.5","90","0.5",NA,NA,"24","24",63,"constant",24,NA,NA,NA,NA,NA,NA,"GA3",NA,NA,NA,NA,"percent.germ",NA,NA,"al-absi10exp1","Prunus_mahaleb","30.83 35.62","30.83 35.62 900","al-absi10","exp1","JN","Prunus","mahaleb",NA,"Y","N","Al-Hassan Agricultural Station, Tafila, Jordan",30.83,35.62,"900","Asia",NA,"2003","2004",NA,NA,NA,NA,"stratification.GA","4-5","90","24",NA,NA,"GA3","0",NA,"N",NA,"Y","tap.water","120","N","per.germ","46.783",NA,"4.693","3","50","63","end of treatment","1c",NA,46.783,NA,"cold stratification x hormone","0",24,"al-absi10exp1 24"
"4.5","90","0.5",NA,NA,"24","24",63,"constant",24,NA,NA,NA,NA,NA,NA,"GA3",NA,NA,NA,NA,"percent.germ",NA,NA,"al-absi10exp1","Prunus_mahaleb","30.83 35.62","30.83 35.62 900","al-absi10","exp1","JN","Prunus","mahaleb",NA,"Y","N","Al-Hassan Agricultural Station, Tafila, Jordan",30.83,35.62,"900","Asia",NA,"2003","2004",NA,NA,NA,NA,"stratification.GA","4-5","90","24",NA,NA,"GA3","500",NA,"N",NA,"Y","tap.water","120","N","per.germ","59.69",NA,"3.755","3","50","63","end of treatment","1c",NA,59.69,NA,"cold stratification x hormone","500",24,"al-absi10exp1 24"
"4.5","90","0.5",NA,NA,"24","24",63,"constant",24,NA,NA,NA,NA,NA,NA,"GA3",NA,NA,NA,NA,"percent.germ",NA,NA,"al-absi10exp1","Prunus_mahaleb","30.83 35.62","30.83 35.62 900","al-absi10","exp1","JN","Prunus","mahaleb",NA,"Y","N","Al-Hassan Agricultural Station, Tafila, Jordan",30.83,35.62,"900","Asia",NA,"2003","2004",NA,NA,NA,NA,"stratification.GA","4-5","90","24",NA,NA,"GA3","1000",NA,"N",NA,"Y","tap.water","120","N","per.germ","73.3",NA,"4.458","3","50","63","end of treatment","1c",NA,73.3,NA,"cold stratification x hormone","1000",24,"al-absi10exp1 24"
"4.5","90","0.5",NA,NA,"24","24",63,"constant",24,NA,NA,NA,NA,NA,NA,"GA3",NA,NA,NA,NA,"percent.germ",NA,NA,"al-absi10exp1","Prunus_mahaleb","30.83 35.62","30.83 35.62 900","al-absi10","exp1","JN","Prunus","mahaleb",NA,"Y","N","Al-Hassan Agricultural Station, Tafila, Jordan",30.83,35.62,"900","Asia",NA,"2003","2004",NA,NA,NA,NA,"stratification.GA","4-5","90","24",NA,NA,"GA3","2000",NA,"N",NA,"Y","tap.water","120","N","per.germ","69.78",NA,"3.989","3","50","63","end of treatment","1c",NA,69.78,NA,"cold stratification x hormone","2000",24,"al-absi10exp1 24"
NA,NA,NA,NA,NA,NA,NA,NA,"constant",NA,NA,NA,NA,NA,"mechanical","mechanical - razor","GA3","ambient","ambient","26",NA,"percent.germ",NA,NA,"bhatt00exp6","Myrica_esculenta","29.63 79.83","29.63 79.83 NA","bhatt00","exp6","DL","Myrica","esculenta",NA,NA,NA,"Kalika, Kumaun, Himalaya",29.63,79.83,NA,"Asia","5 plants","1997",NA,"ambient","14 to 45 days esti",NA,NA,"GA3 100",NA,NA,NA,"Kalika -population",NA,"GA3","100",NA,"N","mechanical - razor",NA,NA,NA,"no","per.germ","27.95",NA,NA,"3","50",NA,NA,"Table7",NA,27.95,NA,"hormone x scarification x population","100",3,"bhatt00exp6 3"
NA,NA,NA,NA,NA,NA,NA,NA,"constant",NA,NA,NA,NA,NA,"mechanical","mechanical - razor","GA3","ambient","ambient","26",NA,"percent.germ",NA,NA,"bhatt00exp6","Myrica_esculenta","29.63 79.83","29.63 79.83 NA","bhatt00","exp6","DL","Myrica","esculenta",NA,NA,NA,"Kalika, Kumaun, Himalaya",29.63,79.83,NA,"Asia","5 plants","1997",NA,"ambient","14 to 45 days esti",NA,NA,"GA3 500",NA,NA,NA,"Kalika -population",NA,"GA3","500",NA,"N","mechanical - razor",NA,NA,NA,"no","per.germ","27.95",NA,NA,"3","50",NA,NA,"Table7",NA,27.95,NA,"hormone x scarification x population","500",3,"bhatt00exp6 3"
NA,NA,NA,NA,NA,NA,NA,NA,"constant",NA,NA,NA,NA,NA,"mechanical","mechanical - razor","GA3","ambient","ambient","26",NA,"percent.germ",NA,NA,"bhatt00exp6","Myrica_esculenta","29.63 79.83","29.63 79.83 NA","bhatt00","exp6","DL","Myrica","esculenta",NA,NA,NA,"Kalika, Kumaun, Himalaya",29.63,79.83,NA,"Asia","5 plants","1997",NA,"ambient","14 to 45 days esti",NA,NA,"GA3 100",NA,NA,NA,"Kalika -population",NA,"GA3","100",NA,"Y","mechanical - razor",NA,NA,NA,"no","per.germ","45.48",NA,NA,"3","50",NA,NA,"Table7",NA,45.48,NA,"hormone x scarification x population","100",3,"bhatt00exp6 3"
NA,NA,NA,NA,NA,NA,NA,NA,"constant",NA,NA,NA,NA,NA,"mechanical","mechanical - razor","GA3","ambient","ambient","26",NA,"percent.germ",NA,NA,"bhatt00exp6","Myrica_esculenta","29.63 79.83","29.63 79.83 NA","bhatt00","exp6","DL","Myrica","esculenta",NA,NA,NA,"Kalika, Kumaun, Himalaya",29.63,79.83,NA,"Asia","5 plants","1997",NA,"ambient","14 to 45 days esti",NA,NA,"GA3 500",NA,NA,NA,"Kalika -population",NA,"GA3","500",NA,"Y","mechanical - razor",NA,NA,NA,"no","per.germ","37",NA,NA,"3","50",NA,NA,"Table7",NA,37,NA,"hormone x scarification x population","500",3,"bhatt00exp6 3"
NA,NA,NA,NA,NA,NA,NA,NA,"constant",NA,NA,NA,NA,NA,"mechanical","mechanical - razor","GA3","ambient","ambient","26",NA,"percent.germ",NA,NA,"bhatt00exp6","Myrica_esculenta","29.57 79.68","29.57 79.68 NA","bhatt00","exp6","DL","Myrica","esculenta",NA,NA,NA,"Jalna, Kumaun, Himalaya",29.57,79.68,NA,"Asia","5 plants","1997",NA,"ambient","14 to 45 days esti",NA,NA,"GA3 500",NA,NA,NA,"Jalna -population",NA,"GA3","500",NA,"N","mechanical - razor",NA,NA,NA,"no","per.germ","24.59",NA,NA,"3","50",NA,NA,"Table7",NA,24.59,NA,"hormone x scarification x population","500",5,"bhatt00exp6 5"
NA,NA,NA,NA,NA,NA,NA,NA,"constant",NA,NA,NA,NA,NA,"mechanical","mechanical - razor","GA3","ambient","ambient","26",NA,"percent.germ",NA,NA,"bhatt00exp6","Myrica_esculenta","29.57 79.68","29.57 79.68 NA","bhatt00","exp6","DL","Myrica","esculenta",NA,NA,NA,"Jalna, Kumaun, Himalaya",29.57,79.68,NA,"Asia","5 plants","1997",NA,"ambient","14 to 45 days esti",NA,NA,"GA3 100",NA,NA,NA,"Jalna -population",NA,"GA3","100",NA,"N","mechanical - razor",NA,NA,NA,"no","per.germ","26.51",NA,NA,"3","50",NA,NA,"Table7",NA,26.51,NA,"hormone x scarification x population","100",5,"bhatt00exp6 5"
NA,NA,NA,NA,NA,NA,NA,NA,"constant",NA,NA,NA,NA,NA,"mechanical","mechanical - razor","GA3","ambient","ambient","26",NA,"percent.germ",NA,NA,"bhatt00exp6","Myrica_esculenta","29.57 79.68","29.57 79.68 NA","bhatt00","exp6","DL","Myrica","esculenta",NA,NA,NA,"Jalna, Kumaun, Himalaya",29.57,79.68,NA,"Asia","5 plants","1997",NA,"ambient","14 to 45 days esti",NA,NA,"GA3 500",NA,NA,NA,"Jalna -population",NA,"GA3","500",NA,"Y","mechanical - razor",NA,NA,NA,"no","per.germ","33.62",NA,NA,"3","50",NA,NA,"Table7",NA,33.62,NA,"hormone x scarification x population","500",5,"bhatt00exp6 5"
NA,NA,NA,NA,NA,NA,NA,NA,"constant",NA,NA,NA,NA,NA,"mechanical","mechanical - razor","GA3","ambient","ambient","26",NA,"percent.germ",NA,NA,"bhatt00exp6","Myrica_esculenta","29.57 79.68","29.57 79.68 NA","bhatt00","exp6","DL","Myrica","esculenta",NA,NA,NA,"Jalna, Kumaun, Himalaya",29.57,79.68,NA,"Asia","5 plants","1997",NA,"ambient","14 to 45 days esti",NA,NA,"GA3 100",NA,NA,NA,"Jalna -population",NA,"GA3","100",NA,"Y","mechanical - razor",NA,NA,NA,"no","per.germ","42.73",NA,NA,"3","50",NA,NA,"Table7",NA,42.73,NA,"hormone x scarification x population","100",5,"bhatt00exp6 5"
NA,NA,NA,NA,NA,NA,NA,NA,"constant",NA,NA,NA,NA,NA,"mechanical","mechanical - razor","GA3","ambient","ambient","26",NA,"percent.germ",NA,NA,"bhatt00exp6","Myrica_esculenta","29.65 79.82","29.65 79.82 NA","bhatt00","exp6","DL","Myrica","esculenta",NA,NA,NA,"Binsar, Kumaun, Himalaya",29.65,79.82,NA,"Asia","5 plants","1997",NA,"ambient","14 to 45 days esti",NA,NA,"GA3 100",NA,NA,NA,"Binsar - population",NA,"GA3","100",NA,"N","mechanical - razor",NA,NA,NA,"no","per.germ","22.5",NA,NA,"3","50",NA,NA,"Table7",NA,22.5,NA,"hormone x scarification x population","100",7,"bhatt00exp6 7"
NA,NA,NA,NA,NA,NA,NA,NA,"constant",NA,NA,NA,NA,NA,"mechanical","mechanical - razor","GA3","ambient","ambient","26",NA,"percent.germ",NA,NA,"bhatt00exp6","Myrica_esculenta","29.65 79.82","29.65 79.82 NA","bhatt00","exp6","DL","Myrica","esculenta",NA,NA,NA,"Binsar, Kumaun, Himalaya",29.65,79.82,NA,"Asia","5 plants","1997",NA,"ambient","14 to 45 days esti",NA,NA,"GA3 500",NA,NA,NA,"Binsar - population",NA,"GA3","500",NA,"N","mechanical - razor",NA,NA,NA,"no","per.germ","21.46",NA,NA,"3","50",NA,NA,"Table7",NA,21.46,NA,"hormone x scarification x population","500",7,"bhatt00exp6 7"
NA,NA,NA,NA,NA,NA,NA,NA,"constant",NA,NA,NA,NA,NA,"mechanical","mechanical - razor","GA3","ambient","ambient","26",NA,"percent.germ",NA,NA,"bhatt00exp6","Myrica_esculenta","29.65 79.82","29.65 79.82 NA","bhatt00","exp6","DL","Myrica","esculenta",NA,NA,NA,"Binsar, Kumaun, Himalaya",29.65,79.82,NA,"Asia","5 plants","1997",NA,"ambient","14 to 45 days esti",NA,NA,"GA3 100",NA,NA,NA,"Binsar - population",NA,"GA3","100",NA,"Y","mechanical - razor",NA,NA,NA,"no","per.germ","37.65",NA,NA,"3","50",NA,NA,"Table7",NA,37.65,NA,"hormone x scarification x population","100",7,"bhatt00exp6 7"
NA,NA,NA,NA,NA,NA,NA,NA,"constant",NA,NA,NA,NA,NA,"mechanical","mechanical - razor","GA3","ambient","ambient","26",NA,"percent.germ",NA,NA,"bhatt00exp6","Myrica_esculenta","29.65 79.82","29.65 79.82 NA","bhatt00","exp6","DL","Myrica","esculenta",NA,NA,NA,"Binsar, Kumaun, Himalaya",29.65,79.82,NA,"Asia","5 plants","1997",NA,"ambient","14 to 45 days esti",NA,NA,"GA3 500",NA,NA,NA,"Binsar - population",NA,"GA3","500",NA,"Y","mechanical - razor",NA,NA,NA,"no","per.germ","35.25",NA,NA,"3","50",NA,NA,"Table7",NA,35.25,NA,"hormone x scarification x population","500",7,"bhatt00exp6 7"
NA,NA,NA,NA,NA,NA,NA,15,"constant",NA,NA,"12/12",12,12,NA,NA,"GA3","cold","cold",NA,NA,"percent.germ",NA,NA,"beikmohammadi12exp1","Colutea_buhsei","37.22 55.8","37.22 55.8 NA","beikmohammadi12","exp1","DL","Colutea","buhsei",NA,"Y",NA,"Shahrud provenance, Iran",37.22,55.8,NA,"Asia",NA,"2010",NA,"cold",NA,NA,NA,"GA3",NA,NA,NA,NA,NA,"GA3","100","1",NA,NA,NA,NA,"0","no","per.germ","30",NA,NA,NA,"20","15",NA,"Table 2",NA,30,NA,"soaking (hormone)","100",4,"beikmohammadi12exp1 4"
NA,NA,NA,NA,NA,NA,NA,15,"constant",NA,NA,"12/12",12,12,NA,NA,"GA3","cold","cold",NA,NA,"percent.germ",NA,NA,"beikmohammadi12exp1","Colutea_buhsei","37.22 55.8","37.22 55.8 NA","beikmohammadi12","exp1","DL","Colutea","buhsei",NA,"Y",NA,"Shahrud provenance, Iran",37.22,55.8,NA,"Asia",NA,"2010",NA,"cold",NA,NA,NA,"GA3",NA,NA,NA,NA,NA,"GA3","250","1",NA,NA,NA,NA,NA,"no","per.germ","7.5",NA,NA,NA,"20","15",NA,"Table 2",NA,7.5,NA,"soaking (hormone)","250",4,"beikmohammadi12exp1 4"
NA,NA,NA,NA,NA,NA,NA,15,"constant",NA,NA,"12/12",12,12,NA,NA,"GA3","cold","cold",NA,NA,"percent.germ",NA,NA,"beikmohammadi12exp1","Colutea_buhsei","37.22 55.8","37.22 55.8 NA","beikmohammadi12","exp1","DL","Colutea","buhsei",NA,"Y",NA,"Shahrud provenance, Iran",37.22,55.8,NA,"Asia",NA,"2010",NA,"cold",NA,NA,NA,"GA3",NA,NA,NA,NA,NA,"GA3","500","1",NA,NA,NA,NA,NA,"no","per.germ","7.5",NA,NA,NA,"20","15",NA,"Table 2",NA,7.5,NA,"soaking (hormone)","500",4,"beikmohammadi12exp1 4"
NA,NA,NA,NA,NA,NA,NA,15,"constant",NA,NA,"12/12",12,12,"chemical","chemical - H2SO4","GA3","cold","cold",NA,NA,"percent.germ",NA,NA,"beikmohammadi12exp1","Colutea_buhsei","37.22 55.8","37.22 55.8 NA","beikmohammadi12","exp1","DL","Colutea","buhsei",NA,"Y",NA,"Shahrud provenance, Iran",37.22,55.8,NA,"Asia",NA,"2010",NA,"cold",NA,NA,NA,"acid + GA2",NA,NA,NA,NA,NA,"GA3","500","1","Y","H2SO4",NA,NA,"15","no","per.germ","48.7",NA,NA,NA,"20","15",NA,"Table 2",NA,48.7,NA,"acid x soaking (hormone)","500",7,"beikmohammadi12exp1 7"
NA,NA,NA,NA,NA,NA,NA,15,"constant",NA,NA,"12/12",12,12,"chemical","chemical - H2SO4","GA3","cold","cold",NA,NA,"percent.germ",NA,NA,"beikmohammadi12exp1","Colutea_buhsei","37.22 55.8","37.22 55.8 NA","beikmohammadi12","exp1","DL","Colutea","buhsei",NA,"Y",NA,"Shahrud provenance, Iran",37.22,55.8,NA,"Asia",NA,"2010",NA,"cold",NA,NA,NA,"acid + GA3",NA,NA,NA,NA,NA,"GA3","100","1","Y","H2SO4",NA,NA,"30","no","per.germ","66.2",NA,NA,NA,"20","15",NA,"Table 2",NA,66.2,NA,"acid x soaking (hormone)","100",7,"beikmohammadi12exp1 7"
NA,NA,NA,NA,NA,NA,NA,15,"constant",NA,NA,"12/12",12,12,"chemical","chemical - H2SO4","GA3","cold","cold",NA,NA,"percent.germ",NA,NA,"beikmohammadi12exp1","Colutea_buhsei","37.22 55.8","37.22 55.8 NA","beikmohammadi12","exp1","DL","Colutea","buhsei",NA,"Y",NA,"Shahrud provenance, Iran",37.22,55.8,NA,"Asia",NA,"2010",NA,"cold",NA,NA,NA,"acid + GA0",NA,NA,NA,NA,NA,"GA3","100","1","Y","H2SO4",NA,NA,"15","no","per.germ","57.5",NA,NA,NA,"20","15",NA,"Table 2",NA,57.5,NA,"acid x soaking (hormone)","100",7,"beikmohammadi12exp1 7"
NA,NA,NA,NA,NA,NA,NA,15,"constant",NA,NA,"12/12",12,12,"chemical","chemical - H2SO4","GA3","cold","cold",NA,NA,"percent.germ",NA,NA,"beikmohammadi12exp1","Colutea_buhsei","37.22 55.8","37.22 55.8 NA","beikmohammadi12","exp1","DL","Colutea","buhsei",NA,"Y",NA,"Shahrud provenance, Iran",37.22,55.8,NA,"Asia",NA,"2010",NA,"cold",NA,NA,NA,"acid + GA1",NA,NA,NA,NA,NA,"GA3","250","1","Y","H2SO4",NA,NA,"15","no","per.germ","66.2",NA,NA,NA,"20","15",NA,"Table 2",NA,66.2,NA,"acid x soaking (hormone)","250",7,"beikmohammadi12exp1 7"
NA,NA,NA,NA,NA,NA,NA,15,"constant",NA,NA,"12/12",12,12,NA,NA,"GA3","cold","cold",NA,NA,"germ.rate",NA,NA,"beikmohammadi12exp1","Colutea_buhsei","37.22 55.8","37.22 55.8 NA","beikmohammadi12","exp1","DL","Colutea","buhsei",NA,"Y",NA,"Shahrud provenance, Iran",37.22,55.8,NA,"Asia",NA,"2010",NA,"cold",NA,NA,NA,"GA3",NA,NA,NA,NA,NA,"GA3","100","1",NA,NA,NA,NA,"0","no","germ.rate (days)","8.7",NA,NA,NA,"20","15",NA,"Table 2",NA,8.7,NA,"soaking (hormone)","100",11,"beikmohammadi12exp1 11"
NA,NA,NA,NA,NA,NA,NA,15,"constant",NA,NA,"12/12",12,12,NA,NA,"GA3","cold","cold",NA,NA,"germ.rate",NA,NA,"beikmohammadi12exp1","Colutea_buhsei","37.22 55.8","37.22 55.8 NA","beikmohammadi12","exp1","DL","Colutea","buhsei",NA,"Y",NA,"Shahrud provenance, Iran",37.22,55.8,NA,"Asia",NA,"2010",NA,"cold",NA,NA,NA,"GA3",NA,NA,NA,NA,NA,"GA3","250","1",NA,NA,NA,NA,NA,"no","germ.rate (days)","0.8",NA,NA,NA,"20","15",NA,"Table 2",NA,0.8,NA,"soaking (hormone)","250",11,"beikmohammadi12exp1 11"
NA,NA,NA,NA,NA,NA,NA,15,"constant",NA,NA,"12/12",12,12,NA,NA,"GA3","cold","cold",NA,NA,"germ.rate",NA,NA,"beikmohammadi12exp1","Colutea_buhsei","37.22 55.8","37.22 55.8 NA","beikmohammadi12","exp1","DL","Colutea","buhsei",NA,"Y",NA,"Shahrud provenance, Iran",37.22,55.8,NA,"Asia",NA,"2010",NA,"cold",NA,NA,NA,"GA3",NA,NA,NA,NA,NA,"GA3","500","1",NA,NA,NA,NA,NA,"no","germ.rate (days)","0.4",NA,NA,NA,"20","15",NA,"Table 2",NA,0.4,NA,"soaking (hormone)","500",11,"beikmohammadi12exp1 11"
NA,NA,NA,NA,NA,NA,NA,15,"constant",NA,NA,"12/12",12,12,"chemical","chemical - H2SO4","GA3","cold","cold",NA,NA,"germ.rate",NA,NA,"beikmohammadi12exp1","Colutea_buhsei","37.22 55.8","37.22 55.8 NA","beikmohammadi12","exp1","DL","Colutea","buhsei",NA,"Y",NA,"Shahrud provenance, Iran",37.22,55.8,NA,"Asia",NA,"2010",NA,"cold",NA,NA,NA,"acid + GA2",NA,NA,NA,NA,NA,"GA3","500","1","Y","H2SO4",NA,NA,"15","no","germ.rate (days)","10.4",NA,NA,NA,"20","15",NA,"Table 2",NA,10.4,NA,"acid x soaking (hormone)","500",14,"beikmohammadi12exp1 14"
NA,NA,NA,NA,NA,NA,NA,15,"constant",NA,NA,"12/12",12,12,"chemical","chemical - H2SO4","GA3","cold","cold",NA,NA,"germ.rate",NA,NA,"beikmohammadi12exp1","Colutea_buhsei","37.22 55.8","37.22 55.8 NA","beikmohammadi12","exp1","DL","Colutea","buhsei",NA,"Y",NA,"Shahrud provenance, Iran",37.22,55.8,NA,"Asia",NA,"2010",NA,"cold",NA,NA,NA,"acid + GA3",NA,NA,NA,NA,NA,"GA3","100","1","Y","H2SO4",NA,NA,"30","no","germ.rate (days)","17.4",NA,NA,NA,"20","15",NA,"Table 2",NA,17.4,NA,"acid x soaking (hormone)","100",14,"beikmohammadi12exp1 14"
NA,NA,NA,NA,NA,NA,NA,15,"constant",NA,NA,"12/12",12,12,"chemical","chemical - H2SO4","GA3","cold","cold",NA,NA,"germ.rate",NA,NA,"beikmohammadi12exp1","Colutea_buhsei","37.22 55.8","37.22 55.8 NA","beikmohammadi12","exp1","DL","Colutea","buhsei",NA,"Y",NA,"Shahrud provenance, Iran",37.22,55.8,NA,"Asia",NA,"2010",NA,"cold",NA,NA,NA,"acid + GA0",NA,NA,NA,NA,NA,"GA3","100","1","Y","H2SO4",NA,NA,"15","no","germ.rate (days)","13.3",NA,NA,NA,"20","15",NA,"Table 2",NA,13.3,NA,"acid x soaking (hormone)","100",14,"beikmohammadi12exp1 14"
NA,NA,NA,NA,NA,NA,NA,15,"constant",NA,NA,"12/12",12,12,"chemical","chemical - H2SO4","GA3","cold","cold",NA,NA,"germ.rate",NA,NA,"beikmohammadi12exp1","Colutea_buhsei","37.22 55.8","37.22 55.8 NA","beikmohammadi12","exp1","DL","Colutea","buhsei",NA,"Y",NA,"Shahrud provenance, Iran",37.22,55.8,NA,"Asia",NA,"2010",NA,"cold",NA,NA,NA,"acid + GA1",NA,NA,NA,NA,NA,"GA3","250","1","Y","H2SO4",NA,NA,"15","no","germ.rate (days)","13.2",NA,NA,NA,"20","15",NA,"Table 2",NA,13.2,NA,"acid x soaking (hormone)","250",14,"beikmohammadi12exp1 14"
NA,NA,NA,NA,NA,"15","20/10",48,"alternating",20,10,"12/12",12,12,NA,NA,"GA3","room/dark","dark/room","20","240","percent.germ","light",NA,"boscagli01exp5","Satureja_montana","42.83 11.16","42.83 11.16 NA","boscagli01","exp5","DL","Satureja","montana",NA,"Y",NA,"Rosellae, Grosseto, Italy",42.83,11.16,NA,"Europe",NA,"1997","1998","dark room temp","240",NA,"18-22","piercing - GA3",NA,NA,NA,"pierced","12/12","GA3","0.05",NA,NA,NA,NA,NA,NA,"no","per.germ","86.9","SE","5.9","8","50","48",NA,"Table 2",NA,86.9,"SE","piercing x hormone","0.05",1,"boscagli01exp5 1"
NA,NA,NA,NA,NA,"15","20/10",48,"alternating",20,10,"12/12",12,12,NA,NA,"GA3","room/dark","dark/room","20","240","percent.germ","light",NA,"boscagli01exp5","Satureja_montana","42.83 11.16","42.83 11.16 NA","boscagli01","exp5","DL","Satureja","montana",NA,"Y",NA,"Rosellae, Grosseto, Italy",42.83,11.16,NA,"Europe",NA,"1997","1998","dark room temp","240",NA,"18-22","piercing - GA3",NA,NA,NA,"pierced","12/12","GA3","0.5",NA,NA,NA,NA,NA,NA,"no","per.germ","88.1","SE","7.5","8","50","48",NA,"Table 2",NA,88.1,"SE","piercing x hormone","0.5",1,"boscagli01exp5 1"
NA,NA,NA,NA,NA,"15","20/10",48,"alternating",20,10,"12/12",12,12,NA,NA,"GA3","room/dark","dark/room","20","240","percent.germ","light",NA,"boscagli01exp5","Satureja_montana","42.83 11.16","42.83 11.16 NA","boscagli01","exp5","DL","Satureja","montana",NA,"Y",NA,"Rosellae, Grosseto, Italy",42.83,11.16,NA,"Europe",NA,"1997","1998","dark room temp","240",NA,"18-22","soaking - 24h + GA3",NA,NA,NA,NA,"12/12","GA3","0.05",NA,NA,NA,"Y","H2O","1440","no","per.germ","57.5","SE","6.1","8","50","48",NA,"Table 2",NA,57.5,"SE","soaking x hormone","0.05",1,"boscagli01exp5 1"
NA,NA,NA,NA,NA,"15","20/10",48,"alternating",20,10,"12/12",12,12,NA,NA,"GA3","room/dark","dark/room","20","240","percent.germ","light",NA,"boscagli01exp5","Satureja_montana","42.83 11.16","42.83 11.16 NA","boscagli01","exp5","DL","Satureja","montana",NA,"Y",NA,"Rosellae, Grosseto, Italy",42.83,11.16,NA,"Europe",NA,"1997","1998","dark room temp","240",NA,"18-22","soaking - 24h + GA3",NA,NA,NA,NA,"12/12","GA3","0.5",NA,NA,NA,"Y","H2O","1440","no","per.germ","55.8","SE","5.5","8","50","48",NA,"Table 2",NA,55.8,"SE","soaking x hormone","0.5",1,"boscagli01exp5 1"
NA,NA,NA,NA,NA,"15","20/10",48,"alternating",20,10,"12/12",12,12,NA,NA,"GA3","room/dark","dark/room","20","240","percent.germ","light",NA,"boscagli01exp5","Satureja_montana","42.83 11.16","42.83 11.16 NA","boscagli01","exp5","DL","Satureja","montana",NA,"Y",NA,"Rosellae, Grosseto, Italy",42.83,11.16,NA,"Europe",NA,"1997","1998","dark room temp","240",NA,"18-22","control",NA,NA,NA,NA,"12/12","GA3","0.05",NA,NA,NA,NA,NA,NA,"no","per.germ","48","SE","5.4","8","50","48",NA,"Table 2",NA,48,"SE","hormone","0.05",1,"boscagli01exp5 1"
NA,NA,NA,NA,NA,"15","20/10",48,"alternating",20,10,"12/12",12,12,NA,NA,"GA3","room/dark","dark/room","20","240","percent.germ","light",NA,"boscagli01exp5","Satureja_montana","42.83 11.16","42.83 11.16 NA","boscagli01","exp5","DL","Satureja","montana",NA,"Y",NA,"Rosellae, Grosseto, Italy",42.83,11.16,NA,"Europe",NA,"1997","1998","dark room temp","240",NA,"18-22","GA3",NA,NA,NA,NA,"12/12","GA3","0.5",NA,NA,NA,NA,NA,NA,"no","per.germ","49.7","SE","5.8","8","50","48",NA,"Table 2",NA,49.7,"SE","hormone","0.5",1,"boscagli01exp5 1"
NA,NA,NA,NA,NA,"15","20/10",48,"alternating",20,10,"12/12",12,12,NA,NA,"GA3","room/dark","dark/room","20","240","coeff.rate.germ","light",NA,"boscagli01exp5","Satureja_montana","42.83 11.16","42.83 11.16 NA","boscagli01","exp5","DL","Satureja","montana",NA,"Y",NA,"Rosellae, Grosseto, Italy",42.83,11.16,NA,"Europe",NA,"1997","1998","dark room temp","240",NA,"18-22","control",NA,NA,NA,NA,"12/12","GA3","0.05",NA,NA,NA,NA,NA,NA,"no","coeff.rate.germ","32.4","SE","3.5","8","50","48",NA,"Table 2",NA,32.4,"SE","hormone","0.05",3,"boscagli01exp5 3"
NA,NA,NA,NA,NA,"15","20/10",48,"alternating",20,10,"12/12",12,12,NA,NA,"GA3","room/dark","dark/room","20","240","coeff.rate.germ","light",NA,"boscagli01exp5","Satureja_montana","42.83 11.16","42.83 11.16 NA","boscagli01","exp5","DL","Satureja","montana",NA,"Y",NA,"Rosellae, Grosseto, Italy",42.83,11.16,NA,"Europe",NA,"1997","1998","dark room temp","240",NA,"18-22","GA3",NA,NA,NA,NA,"12/12","GA3","0.5",NA,NA,NA,NA,NA,NA,"no","coeff.rate.germ","35.1","SE","4","8","50","48",NA,"Table 2",NA,35.1,"SE","hormone","0.5",3,"boscagli01exp5 3"
NA,NA,NA,NA,NA,"15","20/10",48,"alternating",20,10,"12/12",12,12,NA,NA,"GA3","room/dark","dark/room","20","240","coeff.rate.germ","light",NA,"boscagli01exp5","Satureja_montana","42.83 11.16","42.83 11.16 NA","boscagli01","exp5","DL","Satureja","montana",NA,"Y",NA,"Rosellae, Grosseto, Italy",42.83,11.16,NA,"Europe",NA,"1997","1998","dark room temp","240",NA,"18-22","soaking - 24h + GA3",NA,NA,NA,NA,"12/12","GA3","0.05",NA,NA,NA,"Y","H2O","1440","no","coeff.rate.germ","34.1","SE","4.7","8","50","48",NA,"Table 2",NA,34.1,"SE","soaking x hormone","0.05",3,"boscagli01exp5 3"
NA,NA,NA,NA,NA,"15","20/10",48,"alternating",20,10,"12/12",12,12,NA,NA,"GA3","room/dark","dark/room","20","240","coeff.rate.germ","light",NA,"boscagli01exp5","Satureja_montana","42.83 11.16","42.83 11.16 NA","boscagli01","exp5","DL","Satureja","montana",NA,"Y",NA,"Rosellae, Grosseto, Italy",42.83,11.16,NA,"Europe",NA,"1997","1998","dark room temp","240",NA,"18-22","soaking - 24h + GA3",NA,NA,NA,NA,"12/12","GA3","0.5",NA,NA,NA,"Y","H2O","1440","no","coeff.rate.germ","32.6","SE","5.9","8","50","48",NA,"Table 2",NA,32.6,"SE","soaking x hormone","0.5",3,"boscagli01exp5 3"
NA,NA,NA,NA,NA,"15","20/10",48,"alternating",20,10,"12/12",12,12,NA,NA,"GA3","room/dark","dark/room","20","240","coeff.rate.germ","light",NA,"boscagli01exp5","Satureja_montana","42.83 11.16","42.83 11.16 NA","boscagli01","exp5","DL","Satureja","montana",NA,"Y",NA,"Rosellae, Grosseto, Italy",42.83,11.16,NA,"Europe",NA,"1997","1998","dark room temp","240",NA,"18-22","piercing - GA3",NA,NA,NA,"pierced","12/12","GA3","0.05",NA,NA,NA,NA,NA,NA,"no","coeff.rate.germ","76.1","SE","5.3","8","50","48",NA,"Table 2",NA,76.1,"SE","piercing x hormone","0.05",3,"boscagli01exp5 3"
NA,NA,NA,NA,NA,"15","20/10",48,"alternating",20,10,"12/12",12,12,NA,NA,"GA3","room/dark","dark/room","20","240","coeff.rate.germ","light",NA,"boscagli01exp5","Satureja_montana","42.83 11.16","42.83 11.16 NA","boscagli01","exp5","DL","Satureja","montana",NA,"Y",NA,"Rosellae, Grosseto, Italy",42.83,11.16,NA,"Europe",NA,"1997","1998","dark room temp","240",NA,"18-22","piercing - GA3",NA,NA,NA,"pierced","12/12","GA3","0.5",NA,NA,NA,NA,NA,NA,"no","coeff.rate.germ","76.4","SE","6","8","50","48",NA,"Table 2",NA,76.4,"SE","piercing x hormone","0.5",3,"boscagli01exp5 3"
NA,"0",NA,NA,NA,"20","25/15",0,"alternating",25,15,"12/12",12,12,NA,NA,"GA3",NA,NA,NA,NA,"percent.germ","light",NA,"hawkins19exp1","Quercus_pagoda","33.4925 -89.72778","33.4925 -89.72778 NA","hawkins19","exp1","DL","Quercus","pagoda",NA,"Y","N","Winona Seed Orchard, Winona, Mississippi",33.4925,-89.72778,NA,"North America",NA,"2010","2010",NA,NA,NA,NA,"100 mg/L GA3",NA,"0","25/15",NA,"12/12","GA3","100","84","N",NA,"N",NA,NA,"Y","per.germ","0","SE",NA,"3","50","0",NA,"Fig 4","Error bars can not be distinguished",0,"SE","GA3","100",8,"hawkins19exp1 8"
NA,"0",NA,NA,NA,"20","25/15",0,"alternating",25,15,"12/12",12,12,NA,NA,"GA3",NA,NA,NA,NA,"percent.germ","light",NA,"hawkins19exp1","Quercus_pagoda","33.4925 -89.72778","33.4925 -89.72778 NA","hawkins19","exp1","DL","Quercus","pagoda",NA,"Y","N","Winona Seed Orchard, Winona, Mississippi",33.4925,-89.72778,NA,"North America",NA,"2010","2010",NA,NA,NA,NA,"10 mg/L GA3",NA,"0","25/15",NA,"12/12","GA3","10","84","N",NA,"N",NA,NA,"Y","per.germ","0","SE",NA,"3","50","0",NA,"Fig 4","Error bars can not be distinguished",0,"SE","GA3","10",8,"hawkins19exp1 8"
NA,"0",NA,NA,NA,"20","25/15",0,"alternating",25,15,"12/12",12,12,NA,NA,"GA3",NA,NA,NA,NA,"percent.germ","light",NA,"hawkins19exp1","Quercus_pagoda","33.4925 -89.72778","33.4925 -89.72778 NA","hawkins19","exp1","DL","Quercus","pagoda",NA,"Y","N","Winona Seed Orchard, Winona, Mississippi",33.4925,-89.72778,NA,"North America",NA,"2010","2010",NA,NA,NA,NA,"1000 mg/L GA3",NA,"0","25/15",NA,"12/12","GA3","1000","84","N",NA,"N",NA,NA,"Y","per.germ","0","SE",NA,"3","50","0",NA,"Fig 4","Error bars can not be distinguished",0,"SE","GA3","1000",8,"hawkins19exp1 8"
NA,"0",NA,NA,NA,"20","25/15",14,"alternating",25,15,"12/12",12,12,NA,NA,"GA3",NA,NA,NA,NA,"percent.germ","light",NA,"hawkins19exp1","Quercus_pagoda","33.4925 -89.72778","33.4925 -89.72778 NA","hawkins19","exp1","DL","Quercus","pagoda",NA,"Y","N","Winona Seed Orchard, Winona, Mississippi",33.4925,-89.72778,NA,"North America",NA,"2010","2010",NA,NA,NA,NA,"1000 mg/L GA3",NA,"0","25/15",NA,"12/12","GA3","1000","84","N",NA,"N",NA,NA,"Y","per.germ","2.634","SE",NA,"3","50","14",NA,"Fig 4","Error bars can not be distinguished",2.634,"SE","GA3","1000",9,"hawkins19exp1 9"
NA,"0",NA,NA,NA,"20","25/15",14,"alternating",25,15,"12/12",12,12,NA,NA,"GA3",NA,NA,NA,NA,"percent.germ","light",NA,"hawkins19exp1","Quercus_pagoda","33.4925 -89.72778","33.4925 -89.72778 NA","hawkins19","exp1","DL","Quercus","pagoda",NA,"Y","N","Winona Seed Orchard, Winona, Mississippi",33.4925,-89.72778,NA,"North America",NA,"2010","2010",NA,NA,NA,NA,"100 mg/L GA3",NA,"0","25/15",NA,"12/12","GA3","100","84","N",NA,"N",NA,NA,"Y","per.germ","0.05","SE",NA,"3","50","14",NA,"Fig 4","Error bars can not be distinguished",0.05,"SE","GA3","100",9,"hawkins19exp1 9"
NA,"0",NA,NA,NA,"20","25/15",14,"alternating",25,15,"12/12",12,12,NA,NA,"GA3",NA,NA,NA,NA,"percent.germ","light",NA,"hawkins19exp1","Quercus_pagoda","33.4925 -89.72778","33.4925 -89.72778 NA","hawkins19","exp1","DL","Quercus","pagoda",NA,"Y","N","Winona Seed Orchard, Winona, Mississippi",33.4925,-89.72778,NA,"North America",NA,"2010","2010",NA,NA,NA,NA,"10 mg/L GA3",NA,"0","25/15",NA,"12/12","GA3","10","84","N",NA,"N",NA,NA,"Y","per.germ","0.05","SE",NA,"3","50","14",NA,"Fig 4","Error bars can not be distinguished",0.05,"SE","GA3","10",9,"hawkins19exp1 9"
NA,"0",NA,NA,NA,"20","25/15",28,"alternating",25,15,"12/12",12,12,NA,NA,"GA3",NA,NA,NA,NA,"percent.germ","light",NA,"hawkins19exp1","Quercus_pagoda","33.4925 -89.72778","33.4925 -89.72778 NA","hawkins19","exp1","DL","Quercus","pagoda",NA,"Y","N","Winona Seed Orchard, Winona, Mississippi",33.4925,-89.72778,NA,"North America",NA,"2010","2010",NA,NA,NA,NA,"10 mg/L GA3",NA,"0","25/15",NA,"12/12","GA3","10","84","N",NA,"N",NA,NA,"Y","per.germ","3.429","SE",NA,"3","50","28",NA,"Fig 4","Error bars can not be distinguished",3.429,"SE","GA3","10",10,"hawkins19exp1 10"
NA,"0",NA,NA,NA,"20","25/15",28,"alternating",25,15,"12/12",12,12,NA,NA,"GA3",NA,NA,NA,NA,"percent.germ","light",NA,"hawkins19exp1","Quercus_pagoda","33.4925 -89.72778","33.4925 -89.72778 NA","hawkins19","exp1","DL","Quercus","pagoda",NA,"Y","N","Winona Seed Orchard, Winona, Mississippi",33.4925,-89.72778,NA,"North America",NA,"2010","2010",NA,NA,NA,NA,"1000 mg/L GA3",NA,"0","25/15",NA,"12/12","GA3","1000","84","N",NA,"N",NA,NA,"Y","per.germ","14.761","SE",NA,"3","50","28",NA,"Fig 4","Error bars can not be distinguished",14.761,"SE","GA3","1000",10,"hawkins19exp1 10"
NA,"0",NA,NA,NA,"20","25/15",28,"alternating",25,15,"12/12",12,12,NA,NA,"GA3",NA,NA,NA,NA,"percent.germ","light",NA,"hawkins19exp1","Quercus_pagoda","33.4925 -89.72778","33.4925 -89.72778 NA","hawkins19","exp1","DL","Quercus","pagoda",NA,"Y","N","Winona Seed Orchard, Winona, Mississippi",33.4925,-89.72778,NA,"North America",NA,"2010","2010",NA,NA,NA,NA,"100 mg/L GA3",NA,"0","25/15",NA,"12/12","GA3","100","84","N",NA,"N",NA,NA,"Y","per.germ","5.02","SE",NA,"3","50","28",NA,"Fig 4","Error bars can not be distinguished",5.02,"SE","GA3","100",10,"hawkins19exp1 10"
NA,"0",NA,NA,NA,"20","25/15",42,"alternating",25,15,"12/12",12,12,NA,NA,"GA3",NA,NA,NA,NA,"percent.germ","light",NA,"hawkins19exp1","Quercus_pagoda","33.4925 -89.72778","33.4925 -89.72778 NA","hawkins19","exp1","DL","Quercus","pagoda",NA,"Y","N","Winona Seed Orchard, Winona, Mississippi",33.4925,-89.72778,NA,"North America",NA,"2010","2010",NA,NA,NA,NA,"10 mg/L GA3",NA,"0","25/15",NA,"12/12","GA3","10","84","N",NA,"N",NA,NA,"Y","per.germ","8.797","SE",NA,"3","50","42",NA,"Fig 4","Error bars can not be distinguished",8.797,"SE","GA3","10",11,"hawkins19exp1 11"
NA,"0",NA,NA,NA,"20","25/15",42,"alternating",25,15,"12/12",12,12,NA,NA,"GA3",NA,NA,NA,NA,"percent.germ","light",NA,"hawkins19exp1","Quercus_pagoda","33.4925 -89.72778","33.4925 -89.72778 NA","hawkins19","exp1","DL","Quercus","pagoda",NA,"Y","N","Winona Seed Orchard, Winona, Mississippi",33.4925,-89.72778,NA,"North America",NA,"2010","2010",NA,NA,NA,NA,"1000 mg/L GA3",NA,"0","25/15",NA,"12/12","GA3","1000","84","N",NA,"N",NA,NA,"Y","per.germ","35.04","SE",NA,"3","50","42",NA,"Fig 4","Error bars can not be distinguished",35.04,"SE","GA3","1000",11,"hawkins19exp1 11"
NA,"0",NA,NA,NA,"20","25/15",42,"alternating",25,15,"12/12",12,12,NA,NA,"GA3",NA,NA,NA,NA,"percent.germ","light",NA,"hawkins19exp1","Quercus_pagoda","33.4925 -89.72778","33.4925 -89.72778 NA","hawkins19","exp1","DL","Quercus","pagoda",NA,"Y","N","Winona Seed Orchard, Winona, Mississippi",33.4925,-89.72778,NA,"North America",NA,"2010","2010",NA,NA,NA,NA,"100 mg/L GA3",NA,"0","25/15",NA,"12/12","GA3","100","84","N",NA,"N",NA,NA,"Y","per.germ","11.978","SE",NA,"3","50","42",NA,"Fig 4","Error bars can not be distinguished",11.978,"SE","GA3","100",11,"hawkins19exp1 11"
NA,"0",NA,NA,NA,"20","25/15",56,"alternating",25,15,"12/12",12,12,NA,NA,"GA3",NA,NA,NA,NA,"percent.germ","light",NA,"hawkins19exp1","Quercus_pagoda","33.4925 -89.72778","33.4925 -89.72778 NA","hawkins19","exp1","DL","Quercus","pagoda",NA,"Y","N","Winona Seed Orchard, Winona, Mississippi",33.4925,-89.72778,NA,"North America",NA,"2010","2010",NA,NA,NA,NA,"100 mg/L GA3",NA,"0","25/15",NA,"12/12","GA3","100","84","N",NA,"N",NA,NA,"Y","per.germ","30.865","SE",NA,"3","50","56",NA,"Fig 4","Error bars can not be distinguished",30.865,"SE","GA3","100",12,"hawkins19exp1 12"
NA,"0",NA,NA,NA,"20","25/15",56,"alternating",25,15,"12/12",12,12,NA,NA,"GA3",NA,NA,NA,NA,"percent.germ","light",NA,"hawkins19exp1","Quercus_pagoda","33.4925 -89.72778","33.4925 -89.72778 NA","hawkins19","exp1","DL","Quercus","pagoda",NA,"Y","N","Winona Seed Orchard, Winona, Mississippi",33.4925,-89.72778,NA,"North America",NA,"2010","2010",NA,NA,NA,NA,"10 mg/L GA3",NA,"0","25/15",NA,"12/12","GA3","10","84","N",NA,"N",NA,NA,"Y","per.germ","20.924","SE",NA,"3","50","56",NA,"Fig 4","Error bars can not be distinguished",20.924,"SE","GA3","10",12,"hawkins19exp1 12"
NA,"0",NA,NA,NA,"20","25/15",56,"alternating",25,15,"12/12",12,12,NA,NA,"GA3",NA,NA,NA,NA,"percent.germ","light",NA,"hawkins19exp1","Quercus_pagoda","33.4925 -89.72778","33.4925 -89.72778 NA","hawkins19","exp1","DL","Quercus","pagoda",NA,"Y","N","Winona Seed Orchard, Winona, Mississippi",33.4925,-89.72778,NA,"North America",NA,"2010","2010",NA,NA,NA,NA,"1000 mg/L GA3",NA,"0","25/15",NA,"12/12","GA3","1000","84","N",NA,"N",NA,NA,"Y","per.germ","42.793","SE",NA,"3","50","56",NA,"Fig 4","Error bars can not be distinguished",42.793,"SE","GA3","1000",12,"hawkins19exp1 12"
NA,"0",NA,NA,NA,"20","25/15",70,"alternating",25,15,"12/12",12,12,NA,NA,"GA3",NA,NA,NA,NA,"percent.germ","light",NA,"hawkins19exp1","Quercus_pagoda","33.4925 -89.72778","33.4925 -89.72778 NA","hawkins19","exp1","DL","Quercus","pagoda",NA,"Y","N","Winona Seed Orchard, Winona, Mississippi",33.4925,-89.72778,NA,"North America",NA,"2010","2010",NA,NA,NA,NA,"100 mg/L GA3",NA,"0","25/15",NA,"12/12","GA3","100","84","N",NA,"N",NA,NA,"Y","per.germ","51.143","SE",NA,"3","50","70",NA,"Fig 4","Error bars can not be distinguished",51.143,"SE","GA3","100",13,"hawkins19exp1 13"
NA,"0",NA,NA,NA,"20","25/15",70,"alternating",25,15,"12/12",12,12,NA,NA,"GA3",NA,NA,NA,NA,"percent.germ","light",NA,"hawkins19exp1","Quercus_pagoda","33.4925 -89.72778","33.4925 -89.72778 NA","hawkins19","exp1","DL","Quercus","pagoda",NA,"Y","N","Winona Seed Orchard, Winona, Mississippi",33.4925,-89.72778,NA,"North America",NA,"2010","2010",NA,NA,NA,NA,"1000 mg/L GA3",NA,"0","25/15",NA,"12/12","GA3","1000","84","N",NA,"N",NA,NA,"Y","per.germ","50.746","SE",NA,"3","50","70",NA,"Fig 4","Error bars can not be distinguished",50.746,"SE","GA3","1000",13,"hawkins19exp1 13"
NA,"0",NA,NA,NA,"20","25/15",70,"alternating",25,15,"12/12",12,12,NA,NA,"GA3",NA,NA,NA,NA,"percent.germ","light",NA,"hawkins19exp1","Quercus_pagoda","33.4925 -89.72778","33.4925 -89.72778 NA","hawkins19","exp1","DL","Quercus","pagoda",NA,"Y","N","Winona Seed Orchard, Winona, Mississippi",33.4925,-89.72778,NA,"North America",NA,"2010","2010",NA,NA,NA,NA,"10 mg/L GA3",NA,"0","25/15",NA,"12/12","GA3","10","84","N",NA,"N",NA,NA,"Y","per.germ","43.588","SE",NA,"3","50","70",NA,"Fig 4","Error bars can not be distinguished",43.588,"SE","GA3","10",13,"hawkins19exp1 13"
NA,"0",NA,NA,NA,"20","25/15",84,"alternating",25,15,"12/12",12,12,NA,NA,"GA3",NA,NA,NA,NA,"percent.germ","light",NA,"hawkins19exp1","Quercus_pagoda","33.4925 -89.72778","33.4925 -89.72778 NA","hawkins19","exp1","DL","Quercus","pagoda",NA,"Y","N","Winona Seed Orchard, Winona, Mississippi",33.4925,-89.72778,NA,"North America",NA,"2010","2010",NA,NA,NA,NA,"1000 mg/L GA3",NA,"0","25/15",NA,"12/12","GA3","1000","84","N",NA,"N",NA,NA,"Y","per.germ","56.71","SE",NA,"3","50","84",NA,"Fig 4","Error bars can not be distinguished",56.71,"SE","GA3","1000",14,"hawkins19exp1 14"
NA,"0",NA,NA,NA,"20","25/15",84,"alternating",25,15,"12/12",12,12,NA,NA,"GA3",NA,NA,NA,NA,"percent.germ","light",NA,"hawkins19exp1","Quercus_pagoda","33.4925 -89.72778","33.4925 -89.72778 NA","hawkins19","exp1","DL","Quercus","pagoda",NA,"Y","N","Winona Seed Orchard, Winona, Mississippi",33.4925,-89.72778,NA,"North America",NA,"2010","2010",NA,NA,NA,NA,"100 mg/L GA3",NA,"0","25/15",NA,"12/12","GA3","100","84","N",NA,"N",NA,NA,"Y","per.germ","59.891","SE",NA,"3","50","84",NA,"Fig 4","Error bars can not be distinguished",59.891,"SE","GA3","100",14,"hawkins19exp1 14"
NA,"0",NA,NA,NA,"20","25/15",84,"alternating",25,15,"12/12",12,12,NA,NA,"GA3",NA,NA,NA,NA,"percent.germ","light",NA,"hawkins19exp1","Quercus_pagoda","33.4925 -89.72778","33.4925 -89.72778 NA","hawkins19","exp1","DL","Quercus","pagoda",NA,"Y","N","Winona Seed Orchard, Winona, Mississippi",33.4925,-89.72778,NA,"North America",NA,"2010","2010",NA,NA,NA,NA,"10 mg/L GA3",NA,"0","25/15",NA,"12/12","GA3","10","84","N",NA,"N",NA,NA,"Y","per.germ","60.089","SE",NA,"3","50","84",NA,"Fig 4","Error bars can not be distinguished",60.089,"SE","GA3","10",14,"hawkins19exp1 14"
NA,NA,NA,NA,NA,"7.5","10/05",168,"alternating",10,5,"12/12",12,12,NA,NA,"GA3",NA,NA,NA,NA,"percent.germ","light",NA,"barros12exp1","Prunus_lusitanica","37.78 -25.497","37.78 -25.497 NA","barros12","exp1","SC","Prunus","lusitanica","subsp. azorica","Y",NA,"Sao Miguel Island, Azores",37.78,-25.497,NA,"Europe",NA,NA,NA,NA,NA,NA,NA,"GA3",NA,NA,"10/05",NA,"12","GA3","250","1","N",NA,"Y","GA3","1440",NA,"per.germ","94.079","not.specified","2.193","3","25","168",NA,"Figure 1",NA,94.079,"not specified","stratification x hormone x germination temperature","250",2,"barros12exp1 2"
NA,NA,NA,NA,NA,"7.5","10/05",168,"alternating",10,5,"12/12",12,12,NA,NA,"GA3",NA,NA,NA,NA,"percent.germ","light",NA,"barros12exp1","Prunus_lusitanica","37.78 -25.497","37.78 -25.497 NA","barros12","exp1","SC","Prunus","lusitanica","subsp. azorica","Y",NA,"Sao Miguel Island, Azores",37.78,-25.497,NA,"Europe",NA,NA,NA,NA,NA,NA,NA,"GA3",NA,NA,"10/05",NA,"12","GA3","250","1","N",NA,"Y","GA3","1440",NA,"per.germ","92.986",NA,NA,"3","25","168",NA,"Figure 2",NA,92.986,NA,"stratification x hormone x germination temperature","250",2,"barros12exp1 2"
NA,NA,NA,NA,NA,"7.5","10/05",168,"alternating",10,5,"12/12",12,12,NA,NA,"GA3",NA,NA,NA,NA,"percent.germ","light",NA,"barros12exp1","Prunus_lusitanica","37.78 -25.497","37.78 -25.497 NA","barros12","exp1","SC","Prunus","lusitanica","subsp. azorica","Y",NA,"Sao Miguel Island, Azores",37.78,-25.497,NA,"Europe",NA,NA,NA,NA,NA,NA,NA,"GA3",NA,NA,"10/05",NA,"12","GA3","500","1","N",NA,"Y","GA3","1440",NA,"per.germ","100","not.specified","1.974","3","25","168",NA,"Figure 1",NA,100,"not specified","stratification x hormone x germination temperature","500",2,"barros12exp1 2"
NA,NA,NA,NA,NA,"7.5","10/05",168,"alternating",10,5,"12/12",12,12,NA,NA,"GA3",NA,NA,NA,NA,"percent.germ","light",NA,"barros12exp1","Prunus_lusitanica","37.78 -25.497","37.78 -25.497 NA","barros12","exp1","SC","Prunus","lusitanica","subsp. azorica","Y",NA,"Sao Miguel Island, Azores",37.78,-25.497,NA,"Europe",NA,NA,NA,NA,NA,NA,NA,"GA3",NA,NA,"10/05",NA,"12","GA3","500","1","N",NA,"Y","GA3","1440",NA,"per.germ","99.82",NA,NA,"3","25","168",NA,"Figure 2",NA,99.82,NA,"stratification x hormone x germination temperature","500",2,"barros12exp1 2"
NA,NA,NA,NA,NA,"12.5","15/10",168,"alternating",15,10,"12/12",12,12,NA,NA,"GA3",NA,NA,NA,NA,"percent.germ","light",NA,"barros12exp1","Prunus_lusitanica","37.78 -25.497","37.78 -25.497 NA","barros12","exp1","SC","Prunus","lusitanica","subsp. azorica","Y",NA,"Sao Miguel Island, Azores",37.78,-25.497,NA,"Europe",NA,NA,NA,NA,NA,NA,NA,"GA3",NA,NA,"15/10",NA,"12","GA3","250","1","N",NA,"Y","GA3","1440",NA,"per.germ","100","not.specified","0","3","25","168",NA,"Figure 1",NA,100,"not specified","stratification x hormone x germination temperature","250",4,"barros12exp1 4"
NA,NA,NA,NA,NA,"12.5","15/10",168,"alternating",15,10,"12/12",12,12,NA,NA,"GA3",NA,NA,NA,NA,"percent.germ","light",NA,"barros12exp1","Prunus_lusitanica","37.78 -25.497","37.78 -25.497 NA","barros12","exp1","SC","Prunus","lusitanica","subsp. azorica","Y",NA,"Sao Miguel Island, Azores",37.78,-25.497,NA,"Europe",NA,NA,NA,NA,NA,NA,NA,"GA3",NA,NA,"15/10",NA,"12","GA3","500","1","N",NA,"Y","GA3","1440",NA,"per.germ","98.026","not.specified","2.632","3","25","168",NA,"Figure 1",NA,98.026,"not specified","stratification x hormone x germination temperature","500",4,"barros12exp1 4"
NA,NA,NA,NA,NA,"12.5","15/10",168,"alternating",15,10,"12/12",12,12,NA,NA,"GA3",NA,NA,NA,NA,"percent.germ","light",NA,"barros12exp1","Prunus_lusitanica","37.78 -25.497","37.78 -25.497 NA","barros12","exp1","SC","Prunus","lusitanica","subsp. azorica","Y",NA,"Sao Miguel Island, Azores",37.78,-25.497,NA,"Europe",NA,NA,NA,NA,NA,NA,NA,"GA3",NA,NA,"15/10",NA,"12","GA3","250","1","N",NA,"Y","GA3","1440",NA,"per.germ","101.277",NA,NA,"3","25","168",NA,"Figure 2",NA,101.277,NA,"stratification x hormone x germination temperature","250",4,"barros12exp1 4"
NA,NA,NA,NA,NA,"17.5","20/15",168,"alternating",20,15,"12/12",12,12,NA,NA,"GA3",NA,NA,NA,NA,"percent.germ","light",NA,"barros12exp1","Prunus_lusitanica","37.78 -25.497","37.78 -25.497 NA","barros12","exp1","SC","Prunus","lusitanica","subsp. azorica","Y",NA,"Sao Miguel Island, Azores",37.78,-25.497,NA,"Europe",NA,NA,NA,NA,NA,NA,NA,"GA3",NA,NA,"20/15",NA,"12","GA3","250","1","N",NA,"Y","GA3","1440",NA,"per.germ","86.184","not.specified","8.334","3","25","168",NA,"Figure 1",NA,86.184,"not specified","stratification x hormone x germination temperature","250",6,"barros12exp1 6"
NA,NA,NA,NA,NA,"17.5","20/15",168,"alternating",20,15,"12/12",12,12,NA,NA,"GA3",NA,NA,NA,NA,"percent.germ","light",NA,"barros12exp1","Prunus_lusitanica","37.78 -25.497","37.78 -25.497 NA","barros12","exp1","SC","Prunus","lusitanica","subsp. azorica","Y",NA,"Sao Miguel Island, Azores",37.78,-25.497,NA,"Europe",NA,NA,NA,NA,NA,NA,NA,"GA3",NA,NA,"20/15",NA,"12","GA3","500","1","N",NA,"Y","GA3","1440",NA,"per.germ","94.737","not.specified","2.851","3","25","168",NA,"Figure 1",NA,94.737,"not specified","stratification x hormone x germination temperature","500",6,"barros12exp1 6"
NA,NA,NA,NA,NA,"17.5","20/15",168,"alternating",20,15,"12/12",12,12,NA,NA,"GA3",NA,NA,NA,NA,"percent.germ","light",NA,"barros12exp1","Prunus_lusitanica","37.78 -25.497","37.78 -25.497 NA","barros12","exp1","SC","Prunus","lusitanica","subsp. azorica","Y",NA,"Sao Miguel Island, Azores",37.78,-25.497,NA,"Europe",NA,NA,NA,NA,NA,NA,NA,"GA3",NA,NA,"20/15",NA,"12","GA3","250","1","N",NA,"Y","GA3","1440",NA,"per.germ","84.22",NA,NA,"3","25","168",NA,"Figure 2",NA,84.22,NA,"stratification x hormone x germination temperature","250",6,"barros12exp1 6"
NA,NA,NA,NA,NA,"17.5","20/15",168,"alternating",20,15,"12/12",12,12,NA,NA,"GA3",NA,NA,NA,NA,"percent.germ","light",NA,"barros12exp1","Prunus_lusitanica","37.78 -25.497","37.78 -25.497 NA","barros12","exp1","SC","Prunus","lusitanica","subsp. azorica","Y",NA,"Sao Miguel Island, Azores",37.78,-25.497,NA,"Europe",NA,NA,NA,NA,NA,NA,NA,"GA3",NA,NA,"20/15",NA,"12","GA3","500","1","N",NA,"Y","GA3","1440",NA,"per.germ","92.376",NA,NA,"3","25","168",NA,"Figure 2",NA,92.376,NA,"stratification x hormone x germination temperature","500",6,"barros12exp1 6"
NA,NA,NA,NA,NA,"22.5","25/20",168,"alternating",25,20,"12/12",12,12,NA,NA,"GA3",NA,NA,NA,NA,"percent.germ","light",NA,"barros12exp1","Prunus_lusitanica","37.78 -25.497","37.78 -25.497 NA","barros12","exp1","SC","Prunus","lusitanica","subsp. azorica","Y",NA,"Sao Miguel Island, Azores",37.78,-25.497,NA,"Europe",NA,NA,NA,NA,NA,NA,NA,"GA3",NA,NA,"25/20",NA,"12","GA3","500","1","N",NA,"Y","GA3","1440",NA,"per.germ","77.289",NA,NA,"3","25","168",NA,"Figure 2",NA,77.289,NA,"stratification x hormone x germination temperature","500",8,"barros12exp1 8"
NA,NA,NA,NA,NA,"22.5","25/20",168,"alternating",25,20,"12/12",12,12,NA,NA,"GA3",NA,NA,NA,NA,"percent.germ","light",NA,"barros12exp1","Prunus_lusitanica","37.78 -25.497","37.78 -25.497 NA","barros12","exp1","SC","Prunus","lusitanica","subsp. azorica","Y",NA,"Sao Miguel Island, Azores",37.78,-25.497,NA,"Europe",NA,NA,NA,NA,NA,NA,NA,"GA3",NA,NA,"25/20",NA,"12","GA3","250","1","N",NA,"Y","GA3","1440",NA,"per.germ","66.725",NA,NA,"3","25","168",NA,"Figure 2",NA,66.725,NA,"stratification x hormone x germination temperature","250",8,"barros12exp1 8"
NA,NA,NA,NA,NA,"22.5","25/20",168,"alternating",25,20,"12/12",12,12,NA,NA,"GA3",NA,NA,NA,NA,"percent.germ","light",NA,"barros12exp1","Prunus_lusitanica","37.78 -25.497","37.78 -25.497 NA","barros12","exp1","SC","Prunus","lusitanica","subsp. azorica","Y",NA,"Sao Miguel Island, Azores",37.78,-25.497,NA,"Europe",NA,NA,NA,NA,NA,NA,NA,"GA3",NA,NA,"25/20",NA,"12","GA3","250","1","N",NA,"Y","GA3","1440",NA,"per.germ","68.421","not.specified","5.044","3","25","168",NA,"Figure 1",NA,68.421,"not specified","stratification x hormone x germination temperature","250",8,"barros12exp1 8"
NA,NA,NA,NA,NA,"22.5","25/20",168,"alternating",25,20,"12/12",12,12,NA,NA,"GA3",NA,NA,NA,NA,"percent.germ","light",NA,"barros12exp1","Prunus_lusitanica","37.78 -25.497","37.78 -25.497 NA","barros12","exp1","SC","Prunus","lusitanica","subsp. azorica","Y",NA,"Sao Miguel Island, Azores",37.78,-25.497,NA,"Europe",NA,NA,NA,NA,NA,NA,NA,"GA3",NA,NA,"25/20",NA,"12","GA3","500","1","N",NA,"Y","GA3","1440",NA,"per.germ","78.947","not.specified","2.413","3","25","168",NA,"Figure 1",NA,78.947,"not specified","stratification x hormone x germination temperature","500",8,"barros12exp1 8"
"4","30",NA,NA,NA,"7.5","10/05",168,"alternating",10,5,"12/12",12,12,NA,NA,"GA3",NA,NA,NA,NA,"percent.germ","light",NA,"barros12exp1","Prunus_lusitanica","37.78 -25.497","37.78 -25.497 NA","barros12","exp1","SC","Prunus","lusitanica","subsp. azorica","Y",NA,"Sao Miguel Island, Azores",37.78,-25.497,NA,"Europe",NA,NA,NA,NA,NA,NA,NA,"GA3","4","30","10/05","stratification","12","GA3","250","1","N",NA,"Y","GA3","1440",NA,"per.germ","68.64","not.specified","4.825","3","25","168",NA,"Figure 1",NA,68.64,"not specified","stratification x hormone x germination temperature","250",10,"barros12exp1 10"
"4","30",NA,NA,NA,"7.5","10/05",168,"alternating",10,5,"12/12",12,12,NA,NA,"GA3",NA,NA,NA,NA,"percent.germ","light",NA,"barros12exp1","Prunus_lusitanica","37.78 -25.497","37.78 -25.497 NA","barros12","exp1","SC","Prunus","lusitanica","subsp. azorica","Y",NA,"Sao Miguel Island, Azores",37.78,-25.497,NA,"Europe",NA,NA,NA,NA,NA,NA,NA,"GA3","4","30","10/05","stratification","12","GA3","500","1","N",NA,"Y","GA3","1440",NA,"per.germ","70.395","not.specified","8.333","3","25","168",NA,"Figure 1",NA,70.395,"not specified","stratification x hormone x germination temperature","500",10,"barros12exp1 10"
"4","30",NA,NA,NA,"12.5","15/10",168,"alternating",15,10,"12/12",12,12,NA,NA,"GA3",NA,NA,NA,NA,"percent.germ","light",NA,"barros12exp1","Prunus_lusitanica","37.78 -25.497","37.78 -25.497 NA","barros12","exp1","SC","Prunus","lusitanica","subsp. azorica","Y",NA,"Sao Miguel Island, Azores",37.78,-25.497,NA,"Europe",NA,NA,NA,NA,NA,NA,NA,"GA3","4","30","15/10","stratification","12","GA3","500","1","N",NA,"Y","GA3","1440",NA,"per.germ","54.167","not.specified","9.649","3","25","168",NA,"Figure 1",NA,54.167,"not specified","stratification x hormone x germination temperature","500",12,"barros12exp1 12"
"4","30",NA,NA,NA,"12.5","15/10",168,"alternating",15,10,"12/12",12,12,NA,NA,"GA3",NA,NA,NA,NA,"percent.germ","light",NA,"barros12exp1","Prunus_lusitanica","37.78 -25.497","37.78 -25.497 NA","barros12","exp1","SC","Prunus","lusitanica","subsp. azorica","Y",NA,"Sao Miguel Island, Azores",37.78,-25.497,NA,"Europe",NA,NA,NA,NA,NA,NA,NA,"GA3","4","30","15/10","stratification","12","GA3","250","1","N",NA,"Y","GA3","1440",NA,"per.germ","48.465","not.specified","17.982","3","25","168",NA,"Figure 1",NA,48.465,"not specified","stratification x hormone x germination temperature","250",12,"barros12exp1 12"
"4","30",NA,NA,NA,"17.5","20/15",168,"alternating",20,15,"12/12",12,12,NA,NA,"GA3",NA,NA,NA,NA,"percent.germ","light",NA,"barros12exp1","Prunus_lusitanica","37.78 -25.497","37.78 -25.497 NA","barros12","exp1","SC","Prunus","lusitanica","subsp. azorica","Y",NA,"Sao Miguel Island, Azores",37.78,-25.497,NA,"Europe",NA,NA,NA,NA,NA,NA,NA,"GA3","4","30","20/15","stratification","12","GA3","250","1","N",NA,"Y","GA3","1440",NA,"per.germ","16.009","not.specified","14.419","3","25","168",NA,"Figure 1",NA,16.009,"not specified","stratification x hormone x germination temperature","250",14,"barros12exp1 14"
"4","30",NA,NA,NA,"17.5","20/15",168,"alternating",20,15,"12/12",12,12,NA,NA,"GA3",NA,NA,NA,NA,"percent.germ","light",NA,"barros12exp1","Prunus_lusitanica","37.78 -25.497","37.78 -25.497 NA","barros12","exp1","SC","Prunus","lusitanica","subsp. azorica","Y",NA,"Sao Miguel Island, Azores",37.78,-25.497,NA,"Europe",NA,NA,NA,NA,NA,NA,NA,"GA3","4","30","20/15","stratification","12","GA3","500","1","N",NA,"Y","GA3","1440",NA,"per.germ","0","not.specified","0","3","25","168",NA,"Figure 1",NA,0,"not specified","stratification x hormone x germination temperature","500",14,"barros12exp1 14"
"4","30",NA,NA,NA,"22.5","25/20",168,"alternating",25,20,"12/12",12,12,NA,NA,"GA3",NA,NA,NA,NA,"percent.germ","light",NA,"barros12exp1","Prunus_lusitanica","37.78 -25.497","37.78 -25.497 NA","barros12","exp1","SC","Prunus","lusitanica","subsp. azorica","Y",NA,"Sao Miguel Island, Azores",37.78,-25.497,NA,"Europe",NA,NA,NA,NA,NA,NA,NA,"GA3","4","30","25/20","stratification","12","GA3","250","1","N",NA,"Y","GA3","1440",NA,"per.germ","5.044","not.specified","5.702","3","25","168",NA,"Figure 1",NA,5.044,"not specified","stratification x hormone x germination temperature","250",16,"barros12exp1 16"
"4","30",NA,NA,NA,"22.5","25/20",168,"alternating",25,20,"12/12",12,12,NA,NA,"GA3",NA,NA,NA,NA,"percent.germ","light",NA,"barros12exp1","Prunus_lusitanica","37.78 -25.497","37.78 -25.497 NA","barros12","exp1","SC","Prunus","lusitanica","subsp. azorica","Y",NA,"Sao Miguel Island, Azores",37.78,-25.497,NA,"Europe",NA,NA,NA,NA,NA,NA,NA,"GA3","4","30","25/20","stratification","12","GA3","500","1","N",NA,"Y","GA3","1440",NA,"per.germ","1.096","not.specified","1.755","3","25","168",NA,"Figure 1",NA,1.096,"not specified","stratification x hormone x germination temperature","500",16,"barros12exp1 16"
"4","60",NA,NA,NA,"7.5","10/05",168,"alternating",10,5,"12/12",12,12,NA,NA,"GA3",NA,NA,NA,NA,"percent.germ","light",NA,"barros12exp1","Prunus_lusitanica","37.78 -25.497","37.78 -25.497 NA","barros12","exp1","SC","Prunus","lusitanica","subsp. azorica","Y",NA,"Sao Miguel Island, Azores",37.78,-25.497,NA,"Europe",NA,NA,NA,NA,NA,NA,NA,"GA3","4","60","10/05","stratification","12","GA3","500","1","N",NA,"Y","GA3","1440",NA,"per.germ","63.816","not.specified","8.772","3","25","168",NA,"Figure 1",NA,63.816,"not specified","stratification x hormone x germination temperature","500",18,"barros12exp1 18"
"4","60",NA,NA,NA,"7.5","10/05",168,"alternating",10,5,"12/12",12,12,NA,NA,"GA3",NA,NA,NA,NA,"percent.germ","light",NA,"barros12exp1","Prunus_lusitanica","37.78 -25.497","37.78 -25.497 NA","barros12","exp1","SC","Prunus","lusitanica","subsp. azorica","Y",NA,"Sao Miguel Island, Azores",37.78,-25.497,NA,"Europe",NA,NA,NA,NA,NA,NA,NA,"GA3","4","60","10/05","stratification","12","GA3","250","1","N",NA,"Y","GA3","1440",NA,"per.germ","77.851","not.specified","7.895","3","25","168",NA,"Figure 1",NA,77.851,"not specified","stratification x hormone x germination temperature","250",18,"barros12exp1 18"
"4","60",NA,NA,NA,"12.5","15/10",168,"alternating",15,10,"12/12",12,12,NA,NA,"GA3",NA,NA,NA,NA,"percent.germ","light",NA,"barros12exp1","Prunus_lusitanica","37.78 -25.497","37.78 -25.497 NA","barros12","exp1","SC","Prunus","lusitanica","subsp. azorica","Y",NA,"Sao Miguel Island, Azores",37.78,-25.497,NA,"Europe",NA,NA,NA,NA,NA,NA,NA,"GA3","4","60","15/10","stratification","12","GA3","250","1","N",NA,"Y","GA3","1440",NA,"per.germ","50.658","not.specified","8.772","3","25","168",NA,"Figure 1",NA,50.658,"not specified","stratification x hormone x germination temperature","250",20,"barros12exp1 20"
"4","60",NA,NA,NA,"12.5","15/10",168,"alternating",15,10,"12/12",12,12,NA,NA,"GA3",NA,NA,NA,NA,"percent.germ","light",NA,"barros12exp1","Prunus_lusitanica","37.78 -25.497","37.78 -25.497 NA","barros12","exp1","SC","Prunus","lusitanica","subsp. azorica","Y",NA,"Sao Miguel Island, Azores",37.78,-25.497,NA,"Europe",NA,NA,NA,NA,NA,NA,NA,"GA3","4","60","15/10","stratification","12","GA3","500","1","N",NA,"Y","GA3","1440",NA,"per.germ","58.553","not.specified","4.386","3","25","168",NA,"Figure 1",NA,58.553,"not specified","stratification x hormone x germination temperature","500",20,"barros12exp1 20"
"4","60",NA,NA,NA,"17.5","20/15",168,"alternating",20,15,"12/12",12,12,NA,NA,"GA3",NA,NA,NA,NA,"percent.germ","light",NA,"barros12exp1","Prunus_lusitanica","37.78 -25.497","37.78 -25.497 NA","barros12","exp1","SC","Prunus","lusitanica","subsp. azorica","Y",NA,"Sao Miguel Island, Azores",37.78,-25.497,NA,"Europe",NA,NA,NA,NA,NA,NA,NA,"GA3","4","60","20/15","stratification","12","GA3","250","1","N",NA,"Y","GA3","1440",NA,"per.germ","11.184","not.specified","3.07","3","25","168",NA,"Figure 1",NA,11.184,"not specified","stratification x hormone x germination temperature","250",22,"barros12exp1 22"
"4","60",NA,NA,NA,"17.5","20/15",168,"alternating",20,15,"12/12",12,12,NA,NA,"GA3",NA,NA,NA,NA,"percent.germ","light",NA,"barros12exp1","Prunus_lusitanica","37.78 -25.497","37.78 -25.497 NA","barros12","exp1","SC","Prunus","lusitanica","subsp. azorica","Y",NA,"Sao Miguel Island, Azores",37.78,-25.497,NA,"Europe",NA,NA,NA,NA,NA,NA,NA,"GA3","4","60","20/15","stratification","12","GA3","500","1","N",NA,"Y","GA3","1440",NA,"per.germ","19.079","not.specified","4.386","3","25","168",NA,"Figure 1",NA,19.079,"not specified","stratification x hormone x germination temperature","500",22,"barros12exp1 22"
"4","60",NA,NA,NA,"22.5","25/20",168,"alternating",25,20,"12/12",12,12,NA,NA,"GA3",NA,NA,NA,NA,"percent.germ","light",NA,"barros12exp1","Prunus_lusitanica","37.78 -25.497","37.78 -25.497 NA","barros12","exp1","SC","Prunus","lusitanica","subsp. azorica","Y",NA,"Sao Miguel Island, Azores",37.78,-25.497,NA,"Europe",NA,NA,NA,NA,NA,NA,NA,"GA3","4","60","25/20","stratification","12","GA3","250","1","N",NA,"Y","GA3","1440",NA,"per.germ","4.167","not.specified","2.631","3","25","168",NA,"Figure 1",NA,4.167,"not specified","stratification x hormone x germination temperature","250",24,"barros12exp1 24"
"4","60",NA,NA,NA,"22.5","25/20",168,"alternating",25,20,"12/12",12,12,NA,NA,"GA3",NA,NA,NA,NA,"percent.germ","light",NA,"barros12exp1","Prunus_lusitanica","37.78 -25.497","37.78 -25.497 NA","barros12","exp1","SC","Prunus","lusitanica","subsp. azorica","Y",NA,"Sao Miguel Island, Azores",37.78,-25.497,NA,"Europe",NA,NA,NA,NA,NA,NA,NA,"GA3","4","60","25/20","stratification","12","GA3","500","1","N",NA,"Y","GA3","1440",NA,"per.germ","21.711","not.specified","12.28","3","25","168",NA,"Figure 1",NA,21.711,"not specified","stratification x hormone x germination temperature","500",24,"barros12exp1 24"
"20 then 40","30 then 30",NA,NA,NA,"7.5","10/05",168,"alternating",10,5,"12/12",12,12,NA,NA,"GA3",NA,NA,NA,NA,"percent.germ","light",NA,"barros12exp1","Prunus_lusitanica","37.78 -25.497","37.78 -25.497 NA","barros12","exp1","SC","Prunus","lusitanica","subsp. azorica","Y",NA,"Sao Miguel Island, Azores",37.78,-25.497,NA,"Europe",NA,NA,NA,NA,NA,NA,NA,"GA3","20/4","30/30","10/05","stratification","12","GA3","500","1","N",NA,"Y","GA3","1440",NA,"per.germ","76.974","not.specified","4.386","3","25","168",NA,"Figure 1",NA,76.974,"not specified","stratification x hormone x germination temperature","500",26,"barros12exp1 26"
"20 then 40","30 then 30",NA,NA,NA,"7.5","10/05",168,"alternating",10,5,"12/12",12,12,NA,NA,"GA3",NA,NA,NA,NA,"percent.germ","light",NA,"barros12exp1","Prunus_lusitanica","37.78 -25.497","37.78 -25.497 NA","barros12","exp1","SC","Prunus","lusitanica","subsp. azorica","Y",NA,"Sao Miguel Island, Azores",37.78,-25.497,NA,"Europe",NA,NA,NA,NA,NA,NA,NA,"GA3","20/4","30/30","10/05","stratification","12","GA3","250","1","N",NA,"Y","GA3","1440",NA,"per.germ","58.553","not.specified","9.21","3","25","168",NA,"Figure 1",NA,58.553,"not specified","stratification x hormone x germination temperature","250",26,"barros12exp1 26"
"20 then 40","30 then 30",NA,NA,NA,"12.5","15/10",168,"alternating",15,10,"12/12",12,12,NA,NA,"GA3",NA,NA,NA,NA,"percent.germ","light",NA,"barros12exp1","Prunus_lusitanica","37.78 -25.497","37.78 -25.497 NA","barros12","exp1","SC","Prunus","lusitanica","subsp. azorica","Y",NA,"Sao Miguel Island, Azores",37.78,-25.497,NA,"Europe",NA,NA,NA,NA,NA,NA,NA,"GA3","20/4","30/30","15/10","stratification","12","GA3","250","1","N",NA,"Y","GA3","1440",NA,"per.germ","36.184","not.specified","14.913","3","25","168",NA,"Figure 1",NA,36.184,"not specified","stratification x hormone x germination temperature","250",28,"barros12exp1 28"
"20 then 40","30 then 30",NA,NA,NA,"12.5","15/10",168,"alternating",15,10,"12/12",12,12,NA,NA,"GA3",NA,NA,NA,NA,"percent.germ","light",NA,"barros12exp1","Prunus_lusitanica","37.78 -25.497","37.78 -25.497 NA","barros12","exp1","SC","Prunus","lusitanica","subsp. azorica","Y",NA,"Sao Miguel Island, Azores",37.78,-25.497,NA,"Europe",NA,NA,NA,NA,NA,NA,NA,"GA3","20/4","30/30","15/10","stratification","12","GA3","500","1","N",NA,"Y","GA3","1440",NA,"per.germ","55.921","not.specified","12.281","3","25","168",NA,"Figure 1",NA,55.921,"not specified","stratification x hormone x germination temperature","500",28,"barros12exp1 28"
"5","120",NA,NA,NA,"20","20",120,"constant",20,NA,"0/24",0,24,NA,NA,"GA3",NA,NA,NA,NA,"percent.germ","dark",NA,"kamareh12exp1","Pyrus_glabra","32.13333333 50.13333333","32.13333333 50.13333333 2320","kamareh12","exp1","SC","Pyrus","glabra",NA,"Y","N","Zagros Mountain, Delfan, Iran",32.13333333,50.13333333,"2320","Asia",NA,"2009",NA,NA,NA,NA,NA,"cold stratification + chemical","5","120","20",NA,"0","GA3","1000","2","N",NA,"Y","NaOCl","5","N","per.germ","40.2","not specified","6.887","4","100","120","when chilling begins ","Figure 1",NA,40.2,"not specified","cold stratification + hormone","1000",2,"kamareh12exp1 2"
"5","120",NA,NA,NA,"20","20",120,"constant",20,NA,"0/24",0,24,NA,NA,"GA3",NA,NA,NA,NA,"percent.germ","dark",NA,"kamareh12exp1","Pyrus_glabra","32.13333333 50.13333333","32.13333333 50.13333333 2320","kamareh12","exp1","SC","Pyrus","glabra",NA,"Y","N","Zagros Mountain, Delfan, Iran",32.13333333,50.13333333,"2320","Asia",NA,"2009",NA,NA,NA,NA,NA,"cold stratification + chemical","5","120","20",NA,"0","GA3","1500","2","N",NA,"Y","NaOCl","5","N","per.germ","41","not specified","11.135","4","100","120","when chilling begins ","Figure 1",NA,41,"not specified","cold stratification + hormone","1500",2,"kamareh12exp1 2"
"5","120",NA,NA,NA,"20","20",1,"constant",20,NA,"0/24",0,24,NA,NA,"GA3",NA,NA,NA,NA,"germ.rate","dark",NA,"kamareh12exp1","Pyrus_glabra","32.13333333 50.13333333","32.13333333 50.13333333 2320","kamareh12","exp1","SC","Pyrus","glabra",NA,"Y","N","Zagros Mountain, Delfan, Iran",32.13333333,50.13333333,"2320","Asia",NA,"2009",NA,NA,NA,NA,NA,"cold stratification + chemical","5","120","20",NA,"0","GA3","1500","2","N",NA,"Y","NaOCl","5","N","germ.rt","0",NA,NA,"4","100","1","when chilling begins ","Figure 3",NA,0,NA,"cold stratification + hormone","1500",21,"kamareh12exp1 21"
"5","120",NA,NA,NA,"20","20",1,"constant",20,NA,"0/24",0,24,NA,NA,"GA3",NA,NA,NA,NA,"germ.rate","dark",NA,"kamareh12exp1","Pyrus_glabra","32.13333333 50.13333333","32.13333333 50.13333333 2320","kamareh12","exp1","SC","Pyrus","glabra",NA,"Y","N","Zagros Mountain, Delfan, Iran",32.13333333,50.13333333,"2320","Asia",NA,"2009",NA,NA,NA,NA,NA,"cold stratification + chemical","5","120","20",NA,"0","GA3","1000","2","N",NA,"Y","NaOCl","5","N","germ.rt","0",NA,NA,"4","100","1","when chilling begins ","Figure 3",NA,0,NA,"cold stratification + hormone","1000",21,"kamareh12exp1 21"
"5","120",NA,NA,NA,"20","20",8,"constant",20,NA,"0/24",0,24,NA,NA,"GA3",NA,NA,NA,NA,"germ.rate","dark",NA,"kamareh12exp1","Pyrus_glabra","32.13333333 50.13333333","32.13333333 50.13333333 2320","kamareh12","exp1","SC","Pyrus","glabra",NA,"Y","N","Zagros Mountain, Delfan, Iran",32.13333333,50.13333333,"2320","Asia",NA,"2009",NA,NA,NA,NA,NA,"cold stratification + chemical","5","120","20",NA,"0","GA3","1500","2","N",NA,"Y","NaOCl","5","N","germ.rt","0",NA,NA,"4","100","8","when chilling begins ","Figure 3",NA,0,NA,"cold stratification + hormone","1500",22,"kamareh12exp1 22"
"5","120",NA,NA,NA,"20","20",8,"constant",20,NA,"0/24",0,24,NA,NA,"GA3",NA,NA,NA,NA,"germ.rate","dark",NA,"kamareh12exp1","Pyrus_glabra","32.13333333 50.13333333","32.13333333 50.13333333 2320","kamareh12","exp1","SC","Pyrus","glabra",NA,"Y","N","Zagros Mountain, Delfan, Iran",32.13333333,50.13333333,"2320","Asia",NA,"2009",NA,NA,NA,NA,NA,"cold stratification + chemical","5","120","20",NA,"0","GA3","1000","2","N",NA,"Y","NaOCl","5","N","germ.rt","0",NA,NA,"4","100","8","when chilling begins ","Figure 3",NA,0,NA,"cold stratification + hormone","1000",22,"kamareh12exp1 22"
"5","120",NA,NA,NA,"20","20",15,"constant",20,NA,"0/24",0,24,NA,NA,"GA3",NA,NA,NA,NA,"germ.rate","dark",NA,"kamareh12exp1","Pyrus_glabra","32.13333333 50.13333333","32.13333333 50.13333333 2320","kamareh12","exp1","SC","Pyrus","glabra",NA,"Y","N","Zagros Mountain, Delfan, Iran",32.13333333,50.13333333,"2320","Asia",NA,"2009",NA,NA,NA,NA,NA,"cold stratification + chemical","5","120","20",NA,"0","GA3","1000","2","N",NA,"Y","NaOCl","5","N","germ.rt","0",NA,NA,"4","100","15","when chilling begins ","Figure 3",NA,0,NA,"cold stratification + hormone","1000",23,"kamareh12exp1 23"
"5","120",NA,NA,NA,"20","20",15,"constant",20,NA,"0/24",0,24,NA,NA,"GA3",NA,NA,NA,NA,"germ.rate","dark",NA,"kamareh12exp1","Pyrus_glabra","32.13333333 50.13333333","32.13333333 50.13333333 2320","kamareh12","exp1","SC","Pyrus","glabra",NA,"Y","N","Zagros Mountain, Delfan, Iran",32.13333333,50.13333333,"2320","Asia",NA,"2009",NA,NA,NA,NA,NA,"cold stratification + chemical","5","120","20",NA,"0","GA3","1500","2","N",NA,"Y","NaOCl","5","N","germ.rt","0",NA,NA,"4","100","15","when chilling begins ","Figure 3",NA,0,NA,"cold stratification + hormone","1500",23,"kamareh12exp1 23"
"5","120",NA,NA,NA,"20","20",22,"constant",20,NA,"0/24",0,24,NA,NA,"GA3",NA,NA,NA,NA,"germ.rate","dark",NA,"kamareh12exp1","Pyrus_glabra","32.13333333 50.13333333","32.13333333 50.13333333 2320","kamareh12","exp1","SC","Pyrus","glabra",NA,"Y","N","Zagros Mountain, Delfan, Iran",32.13333333,50.13333333,"2320","Asia",NA,"2009",NA,NA,NA,NA,NA,"cold stratification + chemical","5","120","20",NA,"0","GA3","1000","2","N",NA,"Y","NaOCl","5","N","germ.rt","0",NA,NA,"4","100","22","when chilling begins ","Figure 3",NA,0,NA,"cold stratification + hormone","1000",24,"kamareh12exp1 24"
"5","120",NA,NA,NA,"20","20",22,"constant",20,NA,"0/24",0,24,NA,NA,"GA3",NA,NA,NA,NA,"germ.rate","dark",NA,"kamareh12exp1","Pyrus_glabra","32.13333333 50.13333333","32.13333333 50.13333333 2320","kamareh12","exp1","SC","Pyrus","glabra",NA,"Y","N","Zagros Mountain, Delfan, Iran",32.13333333,50.13333333,"2320","Asia",NA,"2009",NA,NA,NA,NA,NA,"cold stratification + chemical","5","120","20",NA,"0","GA3","1500","2","N",NA,"Y","NaOCl","5","N","germ.rt","0",NA,NA,"4","100","22","when chilling begins ","Figure 3",NA,0,NA,"cold stratification + hormone","1500",24,"kamareh12exp1 24"
"5","120",NA,NA,NA,"20","20",29,"constant",20,NA,"0/24",0,24,NA,NA,"GA3",NA,NA,NA,NA,"germ.rate","dark",NA,"kamareh12exp1","Pyrus_glabra","32.13333333 50.13333333","32.13333333 50.13333333 2320","kamareh12","exp1","SC","Pyrus","glabra",NA,"Y","N","Zagros Mountain, Delfan, Iran",32.13333333,50.13333333,"2320","Asia",NA,"2009",NA,NA,NA,NA,NA,"cold stratification + chemical","5","120","20",NA,"0","GA3","1000","2","N",NA,"Y","NaOCl","5","N","germ.rt","0",NA,NA,"4","100","29","when chilling begins ","Figure 3",NA,0,NA,"cold stratification + hormone","1000",25,"kamareh12exp1 25"
"5","120",NA,NA,NA,"20","20",29,"constant",20,NA,"0/24",0,24,NA,NA,"GA3",NA,NA,NA,NA,"germ.rate","dark",NA,"kamareh12exp1","Pyrus_glabra","32.13333333 50.13333333","32.13333333 50.13333333 2320","kamareh12","exp1","SC","Pyrus","glabra",NA,"Y","N","Zagros Mountain, Delfan, Iran",32.13333333,50.13333333,"2320","Asia",NA,"2009",NA,NA,NA,NA,NA,"cold stratification + chemical","5","120","20",NA,"0","GA3","1500","2","N",NA,"Y","NaOCl","5","N","germ.rt","0",NA,NA,"4","100","29","when chilling begins ","Figure 3",NA,0,NA,"cold stratification + hormone","1500",25,"kamareh12exp1 25"
"5","120",NA,NA,NA,"20","20",36,"constant",20,NA,"0/24",0,24,NA,NA,"GA3",NA,NA,NA,NA,"germ.rate","dark",NA,"kamareh12exp1","Pyrus_glabra","32.13333333 50.13333333","32.13333333 50.13333333 2320","kamareh12","exp1","SC","Pyrus","glabra",NA,"Y","N","Zagros Mountain, Delfan, Iran",32.13333333,50.13333333,"2320","Asia",NA,"2009",NA,NA,NA,NA,NA,"cold stratification + chemical","5","120","20",NA,"0","GA3","1500","2","N",NA,"Y","NaOCl","5","N","germ.rt","0",NA,NA,"4","100","36","when chilling begins ","Figure 3",NA,0,NA,"cold stratification + hormone","1500",26,"kamareh12exp1 26"
"5","120",NA,NA,NA,"20","20",36,"constant",20,NA,"0/24",0,24,NA,NA,"GA3",NA,NA,NA,NA,"germ.rate","dark",NA,"kamareh12exp1","Pyrus_glabra","32.13333333 50.13333333","32.13333333 50.13333333 2320","kamareh12","exp1","SC","Pyrus","glabra",NA,"Y","N","Zagros Mountain, Delfan, Iran",32.13333333,50.13333333,"2320","Asia",NA,"2009",NA,NA,NA,NA,NA,"cold stratification + chemical","5","120","20",NA,"0","GA3","1000","2","N",NA,"Y","NaOCl","5","N","germ.rt","0",NA,NA,"4","100","36","when chilling begins ","Figure 3",NA,0,NA,"cold stratification + hormone","1000",26,"kamareh12exp1 26"
"5","120",NA,NA,NA,"20","20",43,"constant",20,NA,"0/24",0,24,NA,NA,"GA3",NA,NA,NA,NA,"germ.rate","dark",NA,"kamareh12exp1","Pyrus_glabra","32.13333333 50.13333333","32.13333333 50.13333333 2320","kamareh12","exp1","SC","Pyrus","glabra",NA,"Y","N","Zagros Mountain, Delfan, Iran",32.13333333,50.13333333,"2320","Asia",NA,"2009",NA,NA,NA,NA,NA,"cold stratification + chemical","5","120","20",NA,"0","GA3","1000","2","N",NA,"Y","NaOCl","5","N","germ.rt","0",NA,NA,"4","100","43","when chilling begins ","Figure 3",NA,0,NA,"cold stratification + hormone","1000",27,"kamareh12exp1 27"
"5","120",NA,NA,NA,"20","20",43,"constant",20,NA,"0/24",0,24,NA,NA,"GA3",NA,NA,NA,NA,"germ.rate","dark",NA,"kamareh12exp1","Pyrus_glabra","32.13333333 50.13333333","32.13333333 50.13333333 2320","kamareh12","exp1","SC","Pyrus","glabra",NA,"Y","N","Zagros Mountain, Delfan, Iran",32.13333333,50.13333333,"2320","Asia",NA,"2009",NA,NA,NA,NA,NA,"cold stratification + chemical","5","120","20",NA,"0","GA3","1500","2","N",NA,"Y","NaOCl","5","N","germ.rt","0",NA,NA,"4","100","43","when chilling begins ","Figure 3",NA,0,NA,"cold stratification + hormone","1500",27,"kamareh12exp1 27"
"5","120",NA,NA,NA,"20","20",50,"constant",20,NA,"0/24",0,24,NA,NA,"GA3",NA,NA,NA,NA,"germ.rate","dark",NA,"kamareh12exp1","Pyrus_glabra","32.13333333 50.13333333","32.13333333 50.13333333 2320","kamareh12","exp1","SC","Pyrus","glabra",NA,"Y","N","Zagros Mountain, Delfan, Iran",32.13333333,50.13333333,"2320","Asia",NA,"2009",NA,NA,NA,NA,NA,"cold stratification + chemical","5","120","20",NA,"0","GA3","1000","2","N",NA,"Y","NaOCl","5","N","germ.rt","0.019",NA,NA,"4","100","50","when chilling begins ","Figure 3",NA,0.019,NA,"cold stratification + hormone","1000",28,"kamareh12exp1 28"
"5","120",NA,NA,NA,"20","20",50,"constant",20,NA,"0/24",0,24,NA,NA,"GA3",NA,NA,NA,NA,"germ.rate","dark",NA,"kamareh12exp1","Pyrus_glabra","32.13333333 50.13333333","32.13333333 50.13333333 2320","kamareh12","exp1","SC","Pyrus","glabra",NA,"Y","N","Zagros Mountain, Delfan, Iran",32.13333333,50.13333333,"2320","Asia",NA,"2009",NA,NA,NA,NA,NA,"cold stratification + chemical","5","120","20",NA,"0","GA3","1500","2","N",NA,"Y","NaOCl","5","N","germ.rt","0",NA,NA,"4","100","50","when chilling begins ","Figure 3",NA,0,NA,"cold stratification + hormone","1500",28,"kamareh12exp1 28"
NA,NA,NA,NA,NA,"14","20/8",60,"alternating",20,8,"12/12",12,12,NA,NA,"GA3","dry","dry","5",NA,"percent.germ","light",NA,"keshtkar08exp1","Astragalus_cyclophyllon","33.325 53.391","33.325 53.391 NA","keshtkar08","exp1","SC","Astragalus","cyclophyllon",NA,"N","N","Isfahan province, Iran ",33.325,53.391,NA,"Asia",NA,NA,NA,"dry",NA,NA,"5","chemical ",NA,NA,"20/8",NA,"12","GA3","200","3","N",NA,"N",NA,NA,NA,"per.germ","62","not specified","0.03","4","25","60","after treatment","Table 1",NA,62,"not specified","chemical ","200",5,"keshtkar08exp1 5"
NA,NA,NA,NA,NA,"14","20/8",60,"alternating",20,8,"12/12",12,12,NA,NA,"GA3","dry","dry","5",NA,"percent.germ","light",NA,"keshtkar08exp1","Astragalus_cyclophyllon","33.325 53.391","33.325 53.391 NA","keshtkar08","exp1","SC","Astragalus","cyclophyllon",NA,"N","N","Isfahan province, Iran ",33.325,53.391,NA,"Asia",NA,NA,NA,"dry",NA,NA,"5","chemical ",NA,NA,"20/8",NA,"12","GA3","300","3","N",NA,"N",NA,NA,NA,"per.germ","72","not specified","0.03","4","25","60","after treatment","Table 1",NA,72,"not specified","chemical ","300",5,"keshtkar08exp1 5"
NA,NA,NA,NA,NA,"14","20/8",60,"alternating",20,8,"12/12",12,12,NA,NA,"GA3","dry","dry","5",NA,"percent.germ","light",NA,"keshtkar08exp1","Astragalus_cyclophyllon","33.325 53.391","33.325 53.391 NA","keshtkar08","exp1","SC","Astragalus","cyclophyllon",NA,"N","N","Isfahan province, Iran ",33.325,53.391,NA,"Asia",NA,NA,NA,"dry",NA,NA,"5","chemical ",NA,NA,"20/8",NA,"12","GA3","400","3","N",NA,"N",NA,NA,NA,"per.germ","76","not specified","0.03","4","25","60","after treatment","Table 1",NA,76,"not specified","chemical ","400",5,"keshtkar08exp1 5"
NA,NA,NA,NA,NA,"14","20/8",60,"alternating",20,8,"12/12",12,12,NA,NA,"GA3","dry","dry","5",NA,"percent.germ","light",NA,"keshtkar08exp1","Astragalus_cyclophyllon","33.325 53.391","33.325 53.391 NA","keshtkar08","exp1","SC","Astragalus","cyclophyllon",NA,"N","N","Isfahan province, Iran ",33.325,53.391,NA,"Asia",NA,NA,NA,"dry",NA,NA,"5","chemical ",NA,NA,"20/8",NA,"12","GA3","500","3","N",NA,"N",NA,NA,NA,"per.germ","81","not specified","0.03","4","25","60","after treatment","Table 1",NA,81,"not specified","chemical ","500",5,"keshtkar08exp1 5"
NA,NA,NA,NA,NA,"14","20/8",60,"alternating",20,8,"12/12",12,12,NA,NA,"GA3","dry","dry","5",NA,"percent.germ","light",NA,"keshtkar08exp1","Astragalus_cyclophyllon","33.325 53.391","33.325 53.391 NA","keshtkar08","exp1","SC","Astragalus","cyclophyllon",NA,"N","N","Isfahan province, Iran ",33.325,53.391,NA,"Asia",NA,NA,NA,"dry",NA,NA,"5","chemical ",NA,NA,"20/8",NA,"12","GA3","100","3","N",NA,"N",NA,NA,NA,"per.germ","58","not specified","0.03","4","25","60","after treatment","Table 1",NA,58,"not specified","chemical ","100",5,"keshtkar08exp1 5"
NA,NA,NA,NA,NA,"14","20/8",60,"alternating",20,8,"12/12",12,12,NA,NA,"GA3","dry","dry","5",NA,"percent.germ","light",NA,"keshtkar08exp1","Astragalus_cyclophyllon","33.325 53.391","33.325 53.391 NA","keshtkar08","exp1","SC","Astragalus","cyclophyllon",NA,"N","N","Isfahan province, Iran ",33.325,53.391,NA,"Asia",NA,NA,NA,"dry",NA,NA,"5","chemical ",NA,NA,"20/8",NA,"12","GA3","0","3","N",NA,"N",NA,NA,NA,"per.germ","55","not specified","0.03","4","25","60","after treatment","Table 1",NA,55,"not specified","chemical ","0",5,"keshtkar08exp1 5"
NA,NA,NA,NA,NA,"14","20/8",60,"alternating",20,8,"12/12",12,12,NA,NA,"GA3","dry","dry","5",NA,"germ.rate","light",NA,"keshtkar08exp1","Astragalus_cyclophyllon","33.325 53.391","33.325 53.391 NA","keshtkar08","exp1","SC","Astragalus","cyclophyllon",NA,"N","N","Isfahan province, Iran ",33.325,53.391,NA,"Asia",NA,NA,NA,"dry",NA,NA,"5","chemical ",NA,NA,"20/8",NA,"12","GA3","200","3","N",NA,"N",NA,NA,NA,"germ.rt","1.01","not specified","0.04","4","25","60","after treatment","Table 1",NA,1.01,"not specified","chemical ","200",6,"keshtkar08exp1 6"
NA,NA,NA,NA,NA,"14","20/8",60,"alternating",20,8,"12/12",12,12,NA,NA,"GA3","dry","dry","5",NA,"germ.rate","light",NA,"keshtkar08exp1","Astragalus_cyclophyllon","33.325 53.391","33.325 53.391 NA","keshtkar08","exp1","SC","Astragalus","cyclophyllon",NA,"N","N","Isfahan province, Iran ",33.325,53.391,NA,"Asia",NA,NA,NA,"dry",NA,NA,"5","chemical ",NA,NA,"20/8",NA,"12","GA3","400","3","N",NA,"N",NA,NA,NA,"germ.rt","1.37","not specified","0.04","4","25","60","after treatment","Table 1",NA,1.37,"not specified","chemical ","400",6,"keshtkar08exp1 6"
NA,NA,NA,NA,NA,"14","20/8",60,"alternating",20,8,"12/12",12,12,NA,NA,"GA3","dry","dry","5",NA,"germ.rate","light",NA,"keshtkar08exp1","Astragalus_cyclophyllon","33.325 53.391","33.325 53.391 NA","keshtkar08","exp1","SC","Astragalus","cyclophyllon",NA,"N","N","Isfahan province, Iran ",33.325,53.391,NA,"Asia",NA,NA,NA,"dry",NA,NA,"5","chemical ",NA,NA,"20/8",NA,"12","GA3","300","3","N",NA,"N",NA,NA,NA,"germ.rt","1.17","not specified","0.04","4","25","60","after treatment","Table 1",NA,1.17,"not specified","chemical ","300",6,"keshtkar08exp1 6"
NA,NA,NA,NA,NA,"14","20/8",60,"alternating",20,8,"12/12",12,12,NA,NA,"GA3","dry","dry","5",NA,"germ.rate","light",NA,"keshtkar08exp1","Astragalus_cyclophyllon","33.325 53.391","33.325 53.391 NA","keshtkar08","exp1","SC","Astragalus","cyclophyllon",NA,"N","N","Isfahan province, Iran ",33.325,53.391,NA,"Asia",NA,NA,NA,"dry",NA,NA,"5","chemical ",NA,NA,"20/8",NA,"12","GA3","0","3","N",NA,"N",NA,NA,NA,"germ.rt","0.81","not specified","0.04","4","25","60","after treatment","Table 1",NA,0.81,"not specified","chemical ","0",6,"keshtkar08exp1 6"
NA,NA,NA,NA,NA,"14","20/8",60,"alternating",20,8,"12/12",12,12,NA,NA,"GA3","dry","dry","5",NA,"germ.rate","light",NA,"keshtkar08exp1","Astragalus_cyclophyllon","33.325 53.391","33.325 53.391 NA","keshtkar08","exp1","SC","Astragalus","cyclophyllon",NA,"N","N","Isfahan province, Iran ",33.325,53.391,NA,"Asia",NA,NA,NA,"dry",NA,NA,"5","chemical ",NA,NA,"20/8",NA,"12","GA3","500","3","N",NA,"N",NA,NA,NA,"germ.rt","1.46","not specified","0.04","4","25","60","after treatment","Table 1",NA,1.46,"not specified","chemical ","500",6,"keshtkar08exp1 6"
NA,NA,NA,NA,NA,"14","20/8",60,"alternating",20,8,"12/12",12,12,NA,NA,"GA3","dry","dry","5",NA,"germ.rate","light",NA,"keshtkar08exp1","Astragalus_cyclophyllon","33.325 53.391","33.325 53.391 NA","keshtkar08","exp1","SC","Astragalus","cyclophyllon",NA,"N","N","Isfahan province, Iran ",33.325,53.391,NA,"Asia",NA,NA,NA,"dry",NA,NA,"5","chemical ",NA,NA,"20/8",NA,"12","GA3","100","3","N",NA,"N",NA,NA,NA,"germ.rt","0.84","not specified","0.04","4","25","60","after treatment","Table 1",NA,0.84,"not specified","chemical ","100",6,"keshtkar08exp1 6"
NA,NA,NA,NA,NA,NA,NA,90,"constant",NA,NA,NA,NA,NA,NA,NA,"GA3","dry","air-dry/paper",NA,"120","percent.germ","light",NA,"meena06exp1","Ligusticopsis_wallichiana","32.139 77.154","32.139 77.154 3875","meena06","exp1","SC","Ligusticopsis","wallichiana",NA,"N","N","Sainikharak, West Himalaya, India",32.139,77.154,"3875","Asia",NA,"2001","2002","air dried at 25+/-2C for 7 days, then brown paper bags","120",NA,"room temperature","chemical",NA,NA,"25+/-2",NA,"not.specified","GA3","500","1","N",NA,"Y",NA,NA,"N","per.germ","60.189","not.specified","5.031","3","15","90","after pretreatment","Figure1.3",NA,60.189,"not specified","chemical","500",21,"meena06exp1 21"
NA,NA,NA,NA,NA,NA,NA,90,"constant",NA,NA,NA,NA,NA,NA,NA,"GA3","dry","air-dry/paper",NA,"120","percent.germ","light",NA,"meena06exp1","Ligusticopsis_wallichiana","32.139 77.154","32.139 77.154 3875","meena06","exp1","SC","Ligusticopsis","wallichiana",NA,"N","N","Sainikharak, West Himalaya, India",32.139,77.154,"3875","Asia",NA,"2001","2002","air dried at 25+/-2C for 7 days, then brown paper bags","120",NA,"room temperature","chemical",NA,NA,"25+/-2",NA,"not.specified","GA3","1000","1","N",NA,"Y",NA,NA,"N","per.germ","55.472","not.specified","9.057","3","15","90","after pretreatment","Figure1.3",NA,55.472,"not specified","chemical","1000",21,"meena06exp1 21"
NA,NA,NA,NA,NA,NA,NA,90,"constant",NA,NA,NA,NA,NA,NA,NA,"GA3","dry","air-dry/paper",NA,"120","percent.germ","light",NA,"meena06exp1","Ligusticopsis_wallichiana","32.139 77.154","32.139 77.154 3875","meena06","exp1","SC","Ligusticopsis","wallichiana",NA,"N","N","Sainikharak, West Himalaya, India",32.139,77.154,"3875","Asia",NA,"2001","2002","air dried at 25+/-2C for 7 days, then brown paper bags","120",NA,"room temperature","chemical",NA,NA,"25+/-2",NA,"not.specified","GA3","100","1","N",NA,"Y",NA,NA,"N","per.germ","70.755","not.specified","4.277","3","15","90","after pretreatment","Figure1.3",NA,70.755,"not specified","chemical","100",21,"meena06exp1 21"
NA,NA,NA,NA,NA,NA,NA,90,"constant",NA,NA,NA,NA,NA,NA,NA,"GA3","dry","air-dry/paper",NA,"120","mgt","light",NA,"meena06exp1","Ligusticopsis_wallichiana","32.139 77.154","32.139 77.154 3875","meena06","exp1","SC","Ligusticopsis","wallichiana",NA,"N","N","Sainikharak, West Himalaya, India",32.139,77.154,"3875","Asia",NA,"2001","2002","air dried at 25+/-2C for 7 days, then brown paper bags","120",NA,"room temperature","chemical",NA,NA,"25+/-2",NA,"not.specified","GA3","500","1","N",NA,"Y",NA,NA,"N","mean.germ.time","20.951","not.specified","2.813","3","15","90","after pretreatment","Figure1.3",NA,20.951,"not specified","chemical","500",22,"meena06exp1 22"
NA,NA,NA,NA,NA,NA,NA,90,"constant",NA,NA,NA,NA,NA,NA,NA,"GA3","dry","air-dry/paper",NA,"120","mgt","light",NA,"meena06exp1","Ligusticopsis_wallichiana","32.139 77.154","32.139 77.154 3875","meena06","exp1","SC","Ligusticopsis","wallichiana",NA,"N","N","Sainikharak, West Himalaya, India",32.139,77.154,"3875","Asia",NA,"2001","2002","air dried at 25+/-2C for 7 days, then brown paper bags","120",NA,"room temperature","chemical",NA,NA,"25+/-2",NA,"not.specified","GA3","1000","1","N",NA,"Y",NA,NA,"N","mean.germ.time","18.669","not.specified","5.247","3","15","90","after pretreatment","Figure1.3",NA,18.669,"not specified","chemical","1000",22,"meena06exp1 22"
NA,NA,NA,NA,NA,NA,NA,90,"constant",NA,NA,NA,NA,NA,NA,NA,"GA3","dry","air-dry/paper",NA,"120","mgt","light",NA,"meena06exp1","Ligusticopsis_wallichiana","32.139 77.154","32.139 77.154 3875","meena06","exp1","SC","Ligusticopsis","wallichiana",NA,"N","N","Sainikharak, West Himalaya, India",32.139,77.154,"3875","Asia",NA,"2001","2002","air dried at 25+/-2C for 7 days, then brown paper bags","120",NA,"room temperature","chemical",NA,NA,"25+/-2",NA,"not.specified","GA3","100","1","N",NA,"Y",NA,NA,"N","mean.germ.time","16.806","not.specified","5.704","3","15","90","after pretreatment","Figure1.3",NA,16.806,"not specified","chemical","100",22,"meena06exp1 22"
NA,NA,NA,NA,NA,NA,NA,90,"constant",NA,NA,NA,NA,NA,NA,NA,"GA3","dry","air-dry/paper",NA,"120","percent.germ","light",NA,"meena06exp1","Ligusticopsis_wallichiana","32.139 77.154","32.139 77.154 3400","meena06","exp1","SC","Ligusticopsis","wallichiana",NA,"N","N","Himtoli, West Himalaya, India",32.139,77.154,"3400","Asia",NA,"2001","2002","air dried at 25+/-2C for 7 days, then brown paper bags","120",NA,"room temperature","chemical",NA,NA,"25+/-2",NA,"not.specified","GA3","500","1","N",NA,"Y",NA,NA,"N","per.germ","39.778","not.specified","13.291","3","15","90","after pretreatment","Figure1.3",NA,39.778,"not specified","chemical","500",23,"meena06exp1 23"
NA,NA,NA,NA,NA,NA,NA,90,"constant",NA,NA,NA,NA,NA,NA,NA,"GA3","dry","air-dry/paper",NA,"120","percent.germ","light",NA,"meena06exp1","Ligusticopsis_wallichiana","32.139 77.154","32.139 77.154 3400","meena06","exp1","SC","Ligusticopsis","wallichiana",NA,"N","N","Himtoli, West Himalaya, India",32.139,77.154,"3400","Asia",NA,"2001","2002","air dried at 25+/-2C for 7 days, then brown paper bags","120",NA,"room temperature","chemical",NA,NA,"25+/-2",NA,"not.specified","GA3","1000","1","N",NA,"Y",NA,NA,"N","per.germ","26.582","not.specified","4.937","3","15","90","after pretreatment","Figure1.3",NA,26.582,"not specified","chemical","1000",23,"meena06exp1 23"
NA,NA,NA,NA,NA,NA,NA,90,"constant",NA,NA,NA,NA,NA,NA,NA,"GA3","dry","air-dry/paper",NA,"120","percent.germ","light",NA,"meena06exp1","Ligusticopsis_wallichiana","32.139 77.154","32.139 77.154 3400","meena06","exp1","SC","Ligusticopsis","wallichiana",NA,"N","N","Himtoli, West Himalaya, India",32.139,77.154,"3400","Asia",NA,"2001","2002","air dried at 25+/-2C for 7 days, then brown paper bags","120",NA,"room temperature","chemical",NA,NA,"25+/-2",NA,"not.specified","GA3","100","1","N",NA,"Y",NA,NA,"N","per.germ","42.437","not.specified","indistinguishable","3","15","90","after pretreatment","Figure1.3",NA,42.437,"not specified","chemical","100",23,"meena06exp1 23"
NA,NA,NA,NA,NA,NA,NA,90,"constant",NA,NA,NA,NA,NA,NA,NA,"GA3","dry","air-dry/paper",NA,"120","mgt","light",NA,"meena06exp1","Ligusticopsis_wallichiana","32.139 77.154","32.139 77.154 3400","meena06","exp1","SC","Ligusticopsis","wallichiana",NA,"N","N","Himtoli, West Himalaya, India",32.139,77.154,"3400","Asia",NA,"2001","2002","air dried at 25+/-2C for 7 days, then brown paper bags","120",NA,"room temperature","chemical",NA,NA,"25+/-2",NA,"not.specified","GA3","1000","1","N",NA,"Y",NA,NA,"N","mean.germ.time","27.795","not.specified","indistinguishable","3","15","90","after pretreatment","Figure1.3",NA,27.795,"not specified","chemical","1000",24,"meena06exp1 24"
NA,NA,NA,NA,NA,NA,NA,90,"constant",NA,NA,NA,NA,NA,NA,NA,"GA3","dry","air-dry/paper",NA,"120","mgt","light",NA,"meena06exp1","Ligusticopsis_wallichiana","32.139 77.154","32.139 77.154 3400","meena06","exp1","SC","Ligusticopsis","wallichiana",NA,"N","N","Himtoli, West Himalaya, India",32.139,77.154,"3400","Asia",NA,"2001","2002","air dried at 25+/-2C for 7 days, then brown paper bags","120",NA,"room temperature","chemical",NA,NA,"25+/-2",NA,"not.specified","GA3","500","1","N",NA,"Y",NA,NA,"N","mean.germ.time","25.323","not.specified","4.334","3","15","90","after pretreatment","Figure1.3",NA,25.323,"not specified","chemical","500",24,"meena06exp1 24"
NA,NA,NA,NA,NA,NA,NA,90,"constant",NA,NA,NA,NA,NA,NA,NA,"GA3","dry","air-dry/paper",NA,"120","mgt","light",NA,"meena06exp1","Ligusticopsis_wallichiana","32.139 77.154","32.139 77.154 3400","meena06","exp1","SC","Ligusticopsis","wallichiana",NA,"N","N","Himtoli, West Himalaya, India",32.139,77.154,"3400","Asia",NA,"2001","2002","air dried at 25+/-2C for 7 days, then brown paper bags","120",NA,"room temperature","chemical",NA,NA,"25+/-2",NA,"not.specified","GA3","100","1","N",NA,"Y",NA,NA,"N","mean.germ.time","16.008","not.specified","indistinguishable","3","15","90","after pretreatment","Figure1.3",NA,16.008,"not specified","chemical","100",24,"meena06exp1 24"
NA,"0",NA,NA,NA,"ambient","ambient",56,"constant",NA,NA,NA,NA,NA,NA,NA,"GA3",NA,NA,NA,NA,"percent.germ",NA,NA,"parvin15exp1","Juglans_nigra","35.844 50.972","35.844 50.972 NA","parvin15","exp1","SC","Juglans","nigra","L.","Y","N","Kostelec nad Černými lesy",35.844,50.972,NA,"Asia",NA,"2013",NA,NA,NA,NA,NA,"chemical",NA,NA,"controlled greenhouse",NA,NA,"GA3","800","1","N",NA,"Y","GA3","1440","Y","per.germ","0",NA,NA,"16","4","56",NA,"Figure 1",NA,0,NA,"chemical","800",1,"parvin15exp1 1"
NA,"0",NA,NA,NA,"ambient","ambient",56,"constant",NA,NA,NA,NA,NA,NA,NA,"GA3",NA,NA,NA,NA,"percent.germ",NA,NA,"parvin15exp1","Juglans_nigra","35.844 50.972","35.844 50.972 NA","parvin15","exp1","SC","Juglans","nigra","L.","Y","N","Kostelec nad Černými lesy",35.844,50.972,NA,"Asia",NA,"2013",NA,NA,NA,NA,NA,"chemical",NA,NA,"controlled greenhouse",NA,NA,"GA3","400","1","N",NA,"Y","GA3","1440","Y","per.germ","0",NA,NA,"16","4","56",NA,"Figure 1",NA,0,NA,"chemical","400",1,"parvin15exp1 1"
"4","30","1",NA,NA,"ambient","ambient",56,"constant",NA,NA,NA,NA,NA,NA,NA,"GA3",NA,NA,NA,NA,"percent.germ",NA,NA,"parvin15exp1","Juglans_nigra","35.844 50.972","35.844 50.972 NA","parvin15","exp1","SC","Juglans","nigra","L.","Y","N","Kostelec nad Černými lesy",35.844,50.972,NA,"Asia",NA,"2013",NA,NA,NA,NA,NA,"chemical+chilling","4+/-1","30","controlled greenhouse",NA,NA,"GA3","800","1","N",NA,"Y","GA3","1440","Y","per.germ","38.135",NA,NA,"16","4","56",NA,"Figure 1",NA,38.135,NA,"chemical+chilling","800",4,"parvin15exp1 4"
"4","30","1",NA,NA,"ambient","ambient",56,"constant",NA,NA,NA,NA,NA,NA,NA,"GA3",NA,NA,NA,NA,"percent.germ",NA,NA,"parvin15exp1","Juglans_nigra","35.844 50.972","35.844 50.972 NA","parvin15","exp1","SC","Juglans","nigra","L.","Y","N","Kostelec nad Černými lesy",35.844,50.972,NA,"Asia",NA,"2013",NA,NA,NA,NA,NA,"chemical+chilling","4+/-1","30","controlled greenhouse",NA,NA,"GA3","400","1","N",NA,"Y","GA3","1440","Y","per.germ","27.341",NA,NA,"16","4","56",NA,"Figure 1",NA,27.341,NA,"chemical+chilling","400",4,"parvin15exp1 4"
"4","60","1",NA,NA,"ambient","ambient",56,"constant",NA,NA,NA,NA,NA,NA,NA,"GA3",NA,NA,NA,NA,"percent.germ",NA,NA,"parvin15exp1","Juglans_nigra","35.844 50.972","35.844 50.972 NA","parvin15","exp1","SC","Juglans","nigra","L.","Y","N","Kostelec nad Černými lesy",35.844,50.972,NA,"Asia",NA,"2013",NA,NA,NA,NA,NA,"chemical+chilling","4+/-1","60","controlled greenhouse",NA,NA,"GA3","400","1","N",NA,"Y","GA3","1440","Y","per.germ","69.881",NA,NA,"16","4","56",NA,"Figure 1",NA,69.881,NA,"chemical+chilling","400",5,"parvin15exp1 5"
"4","60","1",NA,NA,"ambient","ambient",56,"constant",NA,NA,NA,NA,NA,NA,NA,"GA3",NA,NA,NA,NA,"percent.germ",NA,NA,"parvin15exp1","Juglans_nigra","35.844 50.972","35.844 50.972 NA","parvin15","exp1","SC","Juglans","nigra","L.","Y","N","Kostelec nad Černými lesy",35.844,50.972,NA,"Asia",NA,"2013",NA,NA,NA,NA,NA,"chemical+chilling","4+/-1","60","controlled greenhouse",NA,NA,"GA3","800","1","N",NA,"Y","GA3","1440","Y","per.germ","51.151",NA,NA,"16","4","56",NA,"Figure 1",NA,51.151,NA,"chemical+chilling","800",5,"parvin15exp1 5"
NA,"0",NA,NA,NA,"ambient","ambient",56,"constant",NA,NA,NA,NA,NA,NA,NA,"GA3",NA,NA,NA,NA,"germ.rate",NA,NA,"parvin15exp1","Juglans_nigra","35.844 50.972","35.844 50.972 NA","parvin15","exp1","SC","Juglans","nigra","L.","Y","N","Kostelec nad Černými lesy",35.844,50.972,NA,"Asia",NA,"2013",NA,NA,NA,NA,NA,"chemical",NA,NA,"controlled greenhouse",NA,NA,"GA3","800","1","N",NA,"Y","GA3","1440","Y","germ.rt","0",NA,NA,"16","4","56",NA,"Figure 1",NA,0,NA,"chemical","800",6,"parvin15exp1 6"
NA,"0",NA,NA,NA,"ambient","ambient",56,"constant",NA,NA,NA,NA,NA,NA,NA,"GA3",NA,NA,NA,NA,"germ.rate",NA,NA,"parvin15exp1","Juglans_nigra","35.844 50.972","35.844 50.972 NA","parvin15","exp1","SC","Juglans","nigra","L.","Y","N","Kostelec nad Černými lesy",35.844,50.972,NA,"Asia",NA,"2013",NA,NA,NA,NA,NA,"chemical",NA,NA,"controlled greenhouse",NA,NA,"GA3","400","1","N",NA,"Y","GA3","1440","Y","germ.rt","0",NA,NA,"16","4","56",NA,"Figure 1",NA,0,NA,"chemical","400",6,"parvin15exp1 6"
"4","30","1",NA,NA,"ambient","ambient",56,"constant",NA,NA,NA,NA,NA,NA,NA,"GA3",NA,NA,NA,NA,"germ.rate",NA,NA,"parvin15exp1","Juglans_nigra","35.844 50.972","35.844 50.972 NA","parvin15","exp1","SC","Juglans","nigra","L.","Y","N","Kostelec nad Černými lesy",35.844,50.972,NA,"Asia",NA,"2013",NA,NA,NA,NA,NA,"chemical+chilling","4+/-1","30","controlled greenhouse",NA,NA,"GA3","800","1","N",NA,"Y","GA3","1440","Y","germ.rt","33.621",NA,NA,"16","4","56",NA,"Figure 1",NA,33.621,NA,"chemical+chilling","800",9,"parvin15exp1 9"
"4","30","1",NA,NA,"ambient","ambient",56,"constant",NA,NA,NA,NA,NA,NA,NA,"GA3",NA,NA,NA,NA,"germ.rate",NA,NA,"parvin15exp1","Juglans_nigra","35.844 50.972","35.844 50.972 NA","parvin15","exp1","SC","Juglans","nigra","L.","Y","N","Kostelec nad Černými lesy",35.844,50.972,NA,"Asia",NA,"2013",NA,NA,NA,NA,NA,"chemical+chilling","4+/-1","30","controlled greenhouse",NA,NA,"GA3","400","1","N",NA,"Y","GA3","1440","Y","germ.rt","34.331",NA,NA,"16","4","56",NA,"Figure 1",NA,34.331,NA,"chemical+chilling","400",9,"parvin15exp1 9"
"4","60","1",NA,NA,"ambient","ambient",56,"constant",NA,NA,NA,NA,NA,NA,NA,"GA3",NA,NA,NA,NA,"germ.rate",NA,NA,"parvin15exp1","Juglans_nigra","35.844 50.972","35.844 50.972 NA","parvin15","exp1","SC","Juglans","nigra","L.","Y","N","Kostelec nad Černými lesy",35.844,50.972,NA,"Asia",NA,"2013",NA,NA,NA,NA,NA,"chemical+chilling","4+/-1","60","controlled greenhouse",NA,NA,"GA3","400","1","N",NA,"Y","GA3","1440","Y","germ.rt","41.6",NA,NA,"16","4","56",NA,"Figure 1",NA,41.6,NA,"chemical+chilling","400",10,"parvin15exp1 10"
"4","60","1",NA,NA,"ambient","ambient",56,"constant",NA,NA,NA,NA,NA,NA,NA,"GA3",NA,NA,NA,NA,"germ.rate",NA,NA,"parvin15exp1","Juglans_nigra","35.844 50.972","35.844 50.972 NA","parvin15","exp1","SC","Juglans","nigra","L.","Y","N","Kostelec nad Černými lesy",35.844,50.972,NA,"Asia",NA,"2013",NA,NA,NA,NA,NA,"chemical+chilling","4+/-1","60","controlled greenhouse",NA,NA,"GA3","800","1","N",NA,"Y","GA3","1440","Y","germ.rt","41.068",NA,NA,"16","4","56",NA,"Figure 1",NA,41.068,NA,"chemical+chilling","800",10,"parvin15exp1 10"
"0","0",NA,NA,NA,"25","25",90,"constant",25,NA,NA,NA,NA,NA,NA,"GA3","dry","dry","25","7","percent.germ",NA,NA,"airi09exp1","Hippophae_salicifolia","30.57 79.57","30.57 79.57 1715","airi09","exp1","TA","Hippophae","salicifolia",NA,"Y","N","Himalaya, India - Helang",30.57,79.57,"1715","Asia","50","2004","2004","dry","7",NA,"25","chemical","0","0","25","location: Helang",NA,"GA3","5","24","N",NA,"Y","HgCl2","2",NA,"per.germ","38.66",NA,NA,"3","60","90",NA,"table 2","chemical.concent units mM",38.66,NA,"population x control","5",3,"airi09exp1 3"
"0","0",NA,NA,NA,"25","25",90,"constant",25,NA,NA,NA,NA,NA,NA,"GA3","dry","dry","25","7","percent.germ",NA,NA,"airi09exp1","Hippophae_salicifolia","30.57 79.57","30.57 79.57 1715","airi09","exp1","TA","Hippophae","salicifolia",NA,"Y","N","Himalaya, India - Helang",30.57,79.57,"1715","Asia","50","2004","2004","dry","7",NA,"25","chemical","0","0","25","location: Helang",NA,"GA3","10","24","N",NA,"Y","HgCl2","2",NA,"per.germ","38",NA,NA,"3","60","90",NA,"table 2","chemical.concent units mM",38,NA,"population x control","10",3,"airi09exp1 3"
"0","0",NA,NA,NA,"25","25",90,"constant",25,NA,NA,NA,NA,NA,NA,"GA3","dry","dry","25","7","percent.germ",NA,NA,"airi09exp1","Hippophae_salicifolia","30.57 79.57","30.57 79.57 1715","airi09","exp1","TA","Hippophae","salicifolia",NA,"Y","N","Himalaya, India - Helang",30.57,79.57,"1715","Asia","50","2004","2004","dry","7",NA,"25","chemical","0","0","25","location: Helang",NA,"GA3","20","24","N",NA,"Y","HgCl2","2",NA,"per.germ","38.66",NA,NA,"3","60","90",NA,"table 2","chemical.concent units mM",38.66,NA,"population x control","20",3,"airi09exp1 3"
"0","0",NA,NA,NA,"25","25",90,"constant",25,NA,NA,NA,NA,NA,NA,"GA3","dry","dry","25","7","percent.germ",NA,NA,"airi09exp1","Hippophae_salicifolia","30.48 -79.73","30.48 -79.73 2310","airi09","exp1","TA","Hippophae","salicifolia",NA,"Y","N","Himalaya, India - Lata",30.48,-79.73,"2310","Asia","50","2004","2004","dry","7",NA,"25","chemical","0","0","25","location: Lata",NA,"GA3","10","24","N",NA,"Y","HgCl2","2",NA,"per.germ","36",NA,NA,"3","60","90",NA,"table 2","chemical.concent units mM",36,NA,"population x cold stratification","10",15,"airi09exp1 15"
"0","0",NA,NA,NA,"25","25",90,"constant",25,NA,NA,NA,NA,NA,NA,"GA3","dry","dry","25","7","percent.germ",NA,NA,"airi09exp1","Hippophae_salicifolia","30.48 -79.73","30.48 -79.73 2310","airi09","exp1","TA","Hippophae","salicifolia",NA,"Y","N","Himalaya, India - Lata",30.48,-79.73,"2310","Asia","50","2004","2004","dry","7",NA,"25","chemical","0","0","25","location: Lata",NA,"GA3","20","24","N",NA,"Y","HgCl2","2",NA,"per.germ","34.66",NA,NA,"3","60","90",NA,"table 2","chemical.concent units mM",34.66,NA,"population x cold stratification","20",15,"airi09exp1 15"
"0","0",NA,NA,NA,"25","25",90,"constant",25,NA,NA,NA,NA,NA,NA,"GA3","dry","dry","25","7","percent.germ",NA,NA,"airi09exp1","Hippophae_salicifolia","30.48 -79.73","30.48 -79.73 2310","airi09","exp1","TA","Hippophae","salicifolia",NA,"Y","N","Himalaya, India - Lata",30.48,-79.73,"2310","Asia","50","2004","2004","dry","7",NA,"25","chemical","0","0","25","location: Lata",NA,"GA3","5","24","N",NA,"Y","HgCl2","2",NA,"per.germ","40.66",NA,NA,"3","60","90",NA,"table 2","chemical.concent units mM",40.66,NA,"population x cold stratification","5",15,"airi09exp1 15"
"0","0",NA,NA,NA,"25","25",90,"constant",25,NA,NA,NA,NA,NA,NA,"GA3","dry","dry","25","7","percent.germ",NA,NA,"airi09exp1","Hippophae_salicifolia","30.72 79.28","30.72 79.28 2600","airi09","exp1","TA","Hippophae","salicifolia",NA,"Y","N","Himalaya, India - Hanuman Chatti",30.72,79.28,"2600","Asia","50","2004","2004","dry","7",NA,"25","chemical","0","0","25","location:  Hanuman Chatti",NA,"GA3","5","24","N",NA,"Y","HgCl2","2",NA,"per.germ","33.33",NA,NA,"3","60","90",NA,"table 2","chemical.concent units mM",33.33,NA,"population x chemical","5",27,"airi09exp1 27"
"0","0",NA,NA,NA,"25","25",90,"constant",25,NA,NA,NA,NA,NA,NA,"GA3","dry","dry","25","7","percent.germ",NA,NA,"airi09exp1","Hippophae_salicifolia","30.72 79.28","30.72 79.28 2600","airi09","exp1","TA","Hippophae","salicifolia",NA,"Y","N","Himalaya, India - Hanuman Chatti",30.72,79.28,"2600","Asia","50","2004","2004","dry","7",NA,"25","chemical","0","0","25","location:  Hanuman Chatti",NA,"GA3","10","24","N",NA,"Y","HgCl2","2",NA,"per.germ","26",NA,NA,"3","60","90",NA,"table 2","chemical.concent units mM",26,NA,"population x chemical","10",27,"airi09exp1 27"
"0","0",NA,NA,NA,"25","25",90,"constant",25,NA,NA,NA,NA,NA,NA,"GA3","dry","dry","25","7","percent.germ",NA,NA,"airi09exp1","Hippophae_salicifolia","30.72 79.28","30.72 79.28 2600","airi09","exp1","TA","Hippophae","salicifolia",NA,"Y","N","Himalaya, India - Hanuman Chatti",30.72,79.28,"2600","Asia","50","2004","2004","dry","7",NA,"25","chemical","0","0","25","location:  Hanuman Chatti",NA,"GA3","20","24","N",NA,"Y","HgCl2","2",NA,"per.germ","33.33",NA,NA,"3","60","90",NA,"table 2","chemical.concent units mM",33.33,NA,"population x chemical","20",27,"airi09exp1 27"
NA,NA,NA,NA,NA,"26","33/19",NA,"alternating",33,19,"12/12",12,12,NA,NA,"GA","moist","moist",NA,NA,"percent.germ","light",NA,"aldridge92exp4","Oryza_coarctata","50.8679 -0.0875","50.8679 -0.0875 NA","aldridge92","exp4","TA","Oryza","coarctata",NA,NA,"N","Sussex, England",50.8679,-0.0875,NA,"Europe",NA,"1990",NA,"undried",NA,NA,NA,NA,NA,NA,"33/19","60 4% mc","12/12","GA","-3.99",NA,NA,NA,NA,NA,NA,NA,"per.germ","100.192",NA,NA,"2","25",NA,NA,"figure 4",NA,100.192,NA,"moisture content x stratification x hormone","-3.99",2,"aldridge92exp4 2"
NA,NA,NA,NA,NA,"26","33/19",NA,"alternating",33,19,"12/12",12,12,NA,NA,"GA","moist","moist",NA,NA,"percent.germ","light",NA,"aldridge92exp4","Oryza_coarctata","50.8679 -0.0875","50.8679 -0.0875 NA","aldridge92","exp4","TA","Oryza","coarctata",NA,NA,"N","Sussex, England",50.8679,-0.0875,NA,"Europe",NA,"1990",NA,"undried",NA,NA,NA,NA,NA,NA,"33/19","60 4% mc","12/12","GA","-3.483",NA,NA,NA,NA,NA,NA,NA,"per.germ","100.192",NA,NA,"2","25",NA,NA,"figure 4",NA,100.192,NA,"moisture content x stratification x hormone","-3.483",2,"aldridge92exp4 2"
NA,NA,NA,NA,NA,"26","33/19",NA,"alternating",33,19,"12/12",12,12,NA,NA,"GA","moist","moist",NA,NA,"percent.germ","light",NA,"aldridge92exp4","Oryza_coarctata","50.8679 -0.0875","50.8679 -0.0875 NA","aldridge92","exp4","TA","Oryza","coarctata",NA,NA,"N","Sussex, England",50.8679,-0.0875,NA,"Europe",NA,"1990",NA,"undried",NA,NA,NA,NA,NA,NA,"33/19","60 4% mc","12/12","GA","-3",NA,NA,NA,NA,NA,NA,NA,"per.germ","96.207",NA,NA,"2","25",NA,NA,"figure 4",NA,96.207,NA,"moisture content x stratification x hormone","-3",2,"aldridge92exp4 2"
NA,NA,NA,NA,NA,"26","33/19",NA,"alternating",33,19,"12/12",12,12,NA,NA,"GA","moist","moist",NA,NA,"percent.germ","light",NA,"aldridge92exp4","Oryza_coarctata","50.8679 -0.0875","50.8679 -0.0875 NA","aldridge92","exp4","TA","Oryza","coarctata",NA,NA,"N","Sussex, England",50.8679,-0.0875,NA,"Europe",NA,"1990",NA,"undried",NA,NA,NA,NA,NA,NA,"33/19","60 4% mc","12/12","GA","-8",NA,NA,NA,NA,NA,NA,NA,"per.germ","100.23",NA,NA,"2","25",NA,NA,"figure 4",NA,100.23,NA,"moisture content x stratification x hormone","-8",2,"aldridge92exp4 2"
NA,NA,NA,NA,NA,"26","33/19",NA,"alternating",33,19,"12/12",12,12,NA,NA,"GA","moist","moist",NA,NA,"percent.germ","light",NA,"aldridge92exp4","Oryza_coarctata","50.8679 -0.0875","50.8679 -0.0875 NA","aldridge92","exp4","TA","Oryza","coarctata",NA,NA,"N","Sussex, England",50.8679,-0.0875,NA,"Europe",NA,"1990",NA,"undried",NA,NA,NA,NA,NA,NA,"33/19","60 4% mc","12/12","GA","-6.977",NA,NA,NA,NA,NA,NA,NA,"per.germ","96.207",NA,NA,"2","25",NA,NA,"figure 4",NA,96.207,NA,"moisture content x stratification x hormone","-6.977",2,"aldridge92exp4 2"
NA,NA,NA,NA,NA,"26","33/19",NA,"alternating",33,19,"12/12",12,12,NA,NA,"GA","moist","moist",NA,NA,"percent.germ","light",NA,"aldridge92exp4","Oryza_coarctata","50.8679 -0.0875","50.8679 -0.0875 NA","aldridge92","exp4","TA","Oryza","coarctata",NA,NA,"N","Sussex, England",50.8679,-0.0875,NA,"Europe",NA,"1990",NA,"undried",NA,NA,NA,NA,NA,NA,"33/19","60 4% mc","12/12","GA","-5.977",NA,NA,NA,NA,NA,NA,NA,"per.germ","96.207",NA,NA,"2","25",NA,NA,"figure 4",NA,96.207,NA,"moisture content x stratification x hormone","-5.977",2,"aldridge92exp4 2"
NA,NA,NA,NA,NA,"26","33/19",NA,"alternating",33,19,"12/12",12,12,NA,NA,"GA","moist","moist",NA,NA,"percent.germ","light",NA,"aldridge92exp4","Oryza_coarctata","50.8679 -0.0875","50.8679 -0.0875 NA","aldridge92","exp4","TA","Oryza","coarctata",NA,NA,"N","Sussex, England",50.8679,-0.0875,NA,"Europe",NA,"1990",NA,"undried",NA,NA,NA,NA,NA,NA,"33/19","60 4% mc","12/12","GA","-4.99",NA,NA,NA,NA,NA,NA,NA,"per.germ","98.199",NA,NA,"2","25",NA,NA,"figure 4",NA,98.199,NA,"moisture content x stratification x hormone","-4.99",2,"aldridge92exp4 2"
NA,NA,NA,NA,NA,"26","33/19",NA,"alternating",33,19,"12/12",12,12,NA,NA,"GA","moist","moist",NA,NA,"percent.germ","light",NA,"aldridge92exp4","Oryza_coarctata","50.8679 -0.0875","50.8679 -0.0875 NA","aldridge92","exp4","TA","Oryza","coarctata",NA,NA,"N","Sussex, England",50.8679,-0.0875,NA,"Europe",NA,"1990",NA,"undried",NA,NA,NA,NA,NA,NA,"33/19","60 4% mc","12/12","GA","-4.483",NA,NA,NA,NA,NA,NA,NA,"per.germ","96.207",NA,NA,"2","25",NA,NA,"figure 4",NA,96.207,NA,"moisture content x stratification x hormone","-4.483",2,"aldridge92exp4 2"
NA,NA,NA,NA,NA,"26","33/19",NA,"alternating",33,19,"12/12",12,12,NA,NA,"GA","moist","moist","21","4","percent.germ","light",NA,"aldridge92exp4","Oryza_coarctata","50.8679 -0.0875","50.8679 -0.0875 NA","aldridge92","exp4","TA","Oryza","coarctata",NA,NA,"N","Sussex, England",50.8679,-0.0875,NA,"Europe",NA,"1990",NA,"partly dry","4","80","21",NA,NA,NA,"33/19","55 4% mc","12/12","GA","-8",NA,NA,NA,NA,NA,NA,NA,"per.germ","98.391",NA,NA,"2","25",NA,NA,"figure 4",NA,98.391,NA,"moisture content x stratification x hormone","-8",3,"aldridge92exp4 3"
NA,NA,NA,NA,NA,"26","33/19",NA,"alternating",33,19,"12/12",12,12,NA,NA,"GA","moist","moist","21","4","percent.germ","light",NA,"aldridge92exp4","Oryza_coarctata","50.8679 -0.0875","50.8679 -0.0875 NA","aldridge92","exp4","TA","Oryza","coarctata",NA,NA,"N","Sussex, England",50.8679,-0.0875,NA,"Europe",NA,"1990",NA,"partly dry","4","80","21",NA,NA,NA,"33/19","55 4% mc","12/12","GA","-5.977",NA,NA,NA,NA,NA,NA,NA,"per.germ","98.352",NA,NA,"2","25",NA,NA,"figure 4",NA,98.352,NA,"moisture content x stratification x hormone","-5.977",3,"aldridge92exp4 3"
NA,NA,NA,NA,NA,"26","33/19",NA,"alternating",33,19,"12/12",12,12,NA,NA,"GA","moist","moist","21","4","percent.germ","light",NA,"aldridge92exp4","Oryza_coarctata","50.8679 -0.0875","50.8679 -0.0875 NA","aldridge92","exp4","TA","Oryza","coarctata",NA,NA,"N","Sussex, England",50.8679,-0.0875,NA,"Europe",NA,"1990",NA,"partly dry","4","80","21",NA,NA,NA,"33/19","55 4% mc","12/12","GA","-5.47",NA,NA,NA,NA,NA,NA,NA,"per.germ","96.207",NA,NA,"2","25",NA,NA,"figure 4",NA,96.207,NA,"moisture content x stratification x hormone","-5.47",3,"aldridge92exp4 3"
NA,NA,NA,NA,NA,"26","33/19",NA,"alternating",33,19,"12/12",12,12,NA,NA,"GA","moist","moist","21","4","percent.germ","light",NA,"aldridge92exp4","Oryza_coarctata","50.8679 -0.0875","50.8679 -0.0875 NA","aldridge92","exp4","TA","Oryza","coarctata",NA,NA,"N","Sussex, England",50.8679,-0.0875,NA,"Europe",NA,"1990",NA,"partly dry","4","80","21",NA,NA,NA,"33/19","55 4% mc","12/12","GA","-4.99",NA,NA,NA,NA,NA,NA,NA,"per.germ","94.368",NA,NA,"2","25",NA,NA,"figure 4",NA,94.368,NA,"moisture content x stratification x hormone","-4.99",3,"aldridge92exp4 3"
NA,NA,NA,NA,NA,"26","33/19",NA,"alternating",33,19,"12/12",12,12,NA,NA,"GA","moist","moist","21","4","percent.germ","light",NA,"aldridge92exp4","Oryza_coarctata","50.8679 -0.0875","50.8679 -0.0875 NA","aldridge92","exp4","TA","Oryza","coarctata",NA,NA,"N","Sussex, England",50.8679,-0.0875,NA,"Europe",NA,"1990",NA,"partly dry","4","80","21",NA,NA,NA,"33/19","55 4% mc","12/12","GA","-6.977",NA,NA,NA,NA,NA,NA,NA,"per.germ","88.084",NA,NA,"2","25",NA,NA,"figure 4",NA,88.084,NA,"moisture content x stratification x hormone","-6.977",3,"aldridge92exp4 3"
NA,NA,NA,NA,NA,"26","33/19",NA,"alternating",33,19,"12/12",12,12,NA,NA,"GA","moist","moist","21","4","percent.germ","light",NA,"aldridge92exp4","Oryza_coarctata","50.8679 -0.0875","50.8679 -0.0875 NA","aldridge92","exp4","TA","Oryza","coarctata",NA,NA,"N","Sussex, England",50.8679,-0.0875,NA,"Europe",NA,"1990",NA,"partly dry","4","80","21",NA,NA,NA,"33/19","55 4% mc","12/12","GA","-3.99",NA,NA,NA,NA,NA,NA,NA,"per.germ","92.222",NA,NA,"2","25",NA,NA,"figure 4",NA,92.222,NA,"moisture content x stratification x hormone","-3.99",3,"aldridge92exp4 3"
NA,NA,NA,NA,NA,"26","33/19",NA,"alternating",33,19,"12/12",12,12,NA,NA,"GA","moist","moist","21","4","percent.germ","light",NA,"aldridge92exp4","Oryza_coarctata","50.8679 -0.0875","50.8679 -0.0875 NA","aldridge92","exp4","TA","Oryza","coarctata",NA,NA,"N","Sussex, England",50.8679,-0.0875,NA,"Europe",NA,"1990",NA,"partly dry","4","80","21",NA,NA,NA,"33/19","55 4% mc","12/12","GA","-3.483",NA,NA,NA,NA,NA,NA,NA,"per.germ","94.061",NA,NA,"2","25",NA,NA,"figure 4",NA,94.061,NA,"moisture content x stratification x hormone","-3.483",3,"aldridge92exp4 3"
NA,NA,NA,NA,NA,"26","33/19",NA,"alternating",33,19,"12/12",12,12,NA,NA,"GA","moist","moist","21","4","percent.germ","light",NA,"aldridge92exp4","Oryza_coarctata","50.8679 -0.0875","50.8679 -0.0875 NA","aldridge92","exp4","TA","Oryza","coarctata",NA,NA,"N","Sussex, England",50.8679,-0.0875,NA,"Europe",NA,"1990",NA,"partly dry","4","80","21",NA,NA,NA,"33/19","55 4% mc","12/12","GA","-3",NA,NA,NA,NA,NA,NA,NA,"per.germ","100.192",NA,NA,"2","25",NA,NA,"figure 4",NA,100.192,NA,"moisture content x stratification x hormone","-3",3,"aldridge92exp4 3"
NA,NA,NA,NA,NA,"26","33/19",NA,"alternating",33,19,"12/12",12,12,NA,NA,"GA","moist","moist","21","4","percent.germ","light",NA,"aldridge92exp4","Oryza_coarctata","50.8679 -0.0875","50.8679 -0.0875 NA","aldridge92","exp4","TA","Oryza","coarctata",NA,NA,"N","Sussex, England",50.8679,-0.0875,NA,"Europe",NA,"1990",NA,"partly dry","4","80","21",NA,NA,NA,"33/19","55 4% mc","12/12","GA","-4.47",NA,NA,NA,NA,NA,NA,NA,"per.germ","94.368",NA,NA,"2","25",NA,NA,"figure 4",NA,94.368,NA,"moisture content x stratification x hormone","-4.47",3,"aldridge92exp4 3"
NA,NA,NA,NA,NA,"15","25/10",NA,"alternating",25,10,"8/16",8,16,NA,NA,"GA","moist","moist",NA,NA,"percent.germ","light",NA,"aldridge92exp6","Zizania_palustris","44.9742 -93.2268","44.9742 -93.2268 NA","aldridge92","exp6","TA","Zizania","palustris",NA,NA,"N","University of Minnesota, USA",44.9742,-93.2268,NA,"North America",NA,NA,NA,"undried",NA,NA,NA,NA,NA,NA,"25/10","51 7% mc","8/16","GA","-7.008",NA,NA,NA,NA,NA,NA,NA,"per.germ","16.569",NA,NA,"2","25",NA,NA,"figure 6","germ duration not specified",16.569,NA,"moisture content x stratification x hormone","-7.008",2,"aldridge92exp6 2"
NA,NA,NA,NA,NA,"15","25/10",NA,"alternating",25,10,"8/16",8,16,NA,NA,"GA","moist","moist",NA,NA,"percent.germ","light",NA,"aldridge92exp6","Zizania_palustris","44.9742 -93.2268","44.9742 -93.2268 NA","aldridge92","exp6","TA","Zizania","palustris",NA,NA,"N","University of Minnesota, USA",44.9742,-93.2268,NA,"North America",NA,NA,NA,"undried",NA,NA,NA,NA,NA,NA,"25/10","51 7% mc","8/16","GA","-5.008",NA,NA,NA,NA,NA,NA,NA,"per.germ","0",NA,NA,"2","25",NA,NA,"figure 6","germ duration not specified",0,NA,"moisture content x stratification x hormone","-5.008",2,"aldridge92exp6 2"
NA,NA,NA,NA,NA,"15","25/10",NA,"alternating",25,10,"8/16",8,16,NA,NA,"GA","moist","moist",NA,NA,"percent.germ","light",NA,"aldridge92exp6","Zizania_palustris","44.9742 -93.2268","44.9742 -93.2268 NA","aldridge92","exp6","TA","Zizania","palustris",NA,NA,"N","University of Minnesota, USA",44.9742,-93.2268,NA,"North America",NA,NA,NA,"undried",NA,NA,NA,NA,NA,NA,"25/10","51 7% mc","8/16","GA","-6.503",NA,NA,NA,NA,NA,NA,NA,"per.germ","18.307",NA,NA,"2","25",NA,NA,"figure 6","germ duration not specified",18.307,NA,"moisture content x stratification x hormone","-6.503",2,"aldridge92exp6 2"
NA,NA,NA,NA,NA,"15","25/10",NA,"alternating",25,10,"8/16",8,16,NA,NA,"GA","moist","moist",NA,NA,"percent.germ","light",NA,"aldridge92exp6","Zizania_palustris","44.9742 -93.2268","44.9742 -93.2268 NA","aldridge92","exp6","TA","Zizania","palustris",NA,NA,"N","University of Minnesota, USA",44.9742,-93.2268,NA,"North America",NA,NA,NA,"undried",NA,NA,NA,NA,NA,NA,"25/10","51 7% mc","8/16","GA","-6.019",NA,NA,NA,NA,NA,NA,NA,"per.germ","4.158",NA,NA,"2","25",NA,NA,"figure 6","germ duration not specified",4.158,NA,"moisture content x stratification x hormone","-6.019",2,"aldridge92exp6 2"
NA,NA,NA,NA,NA,"15","25/10",NA,"alternating",25,10,"8/16",8,16,NA,NA,"GA","moist","moist",NA,NA,"percent.germ","light",NA,"aldridge92exp6","Zizania_palustris","44.9742 -93.2268","44.9742 -93.2268 NA","aldridge92","exp6","TA","Zizania","palustris",NA,NA,"N","University of Minnesota, USA",44.9742,-93.2268,NA,"North America",NA,NA,NA,"undried",NA,NA,NA,NA,NA,NA,"25/10","51 7% mc","8/16","GA","-5.513",NA,NA,NA,NA,NA,NA,NA,"per.germ","0",NA,NA,"2","25",NA,NA,"figure 6","germ duration not specified",0,NA,"moisture content x stratification x hormone","-5.513",2,"aldridge92exp6 2"
NA,NA,NA,NA,NA,"15","25/10",NA,"alternating",25,10,"8/16",8,16,NA,NA,"GA","moist","moist",NA,NA,"percent.germ","light",NA,"aldridge92exp6","Zizania_palustris","44.9742 -93.2268","44.9742 -93.2268 NA","aldridge92","exp6","TA","Zizania","palustris",NA,NA,"N","University of Minnesota, USA",44.9742,-93.2268,NA,"North America",NA,NA,NA,"undried",NA,NA,NA,NA,NA,NA,"25/10","51 7% mc","8/16","GA","-3",NA,NA,NA,NA,NA,NA,NA,"per.germ","0",NA,NA,"2","25",NA,NA,"figure 6","germ duration not specified",0,NA,"moisture content x stratification x hormone","-3",2,"aldridge92exp6 2"
NA,NA,NA,NA,NA,"15","25/10",NA,"alternating",25,10,"8/16",8,16,NA,NA,"GA","moist","moist",NA,NA,"percent.germ","light",NA,"aldridge92exp6","Zizania_palustris","44.9742 -93.2268","44.9742 -93.2268 NA","aldridge92","exp6","TA","Zizania","palustris",NA,NA,"N","University of Minnesota, USA",44.9742,-93.2268,NA,"North America",NA,NA,NA,"undried",NA,NA,NA,NA,NA,NA,"25/10","51 7% mc","8/16","GA","-4.503",NA,NA,NA,NA,NA,NA,NA,"per.germ","0",NA,NA,"2","25",NA,NA,"figure 6","germ duration not specified",0,NA,"moisture content x stratification x hormone","-4.503",2,"aldridge92exp6 2"
NA,NA,NA,NA,NA,"15","25/10",NA,"alternating",25,10,"8/16",8,16,NA,NA,"GA","moist","moist",NA,NA,"percent.germ","light",NA,"aldridge92exp6","Zizania_palustris","44.9742 -93.2268","44.9742 -93.2268 NA","aldridge92","exp6","TA","Zizania","palustris",NA,NA,"N","University of Minnesota, USA",44.9742,-93.2268,NA,"North America",NA,NA,NA,"undried",NA,NA,NA,NA,NA,NA,"25/10","51 7% mc","8/16","GA","-3.976",NA,NA,NA,NA,NA,NA,NA,"per.germ","0",NA,NA,"2","25",NA,NA,"figure 6","germ duration not specified",0,NA,"moisture content x stratification x hormone","-3.976",2,"aldridge92exp6 2"
NA,NA,NA,NA,NA,"15","25/10",NA,"alternating",25,10,"8/16",8,16,NA,NA,"GA","moist","moist",NA,NA,"percent.germ","light",NA,"aldridge92exp6","Zizania_palustris","44.9742 -93.2268","44.9742 -93.2268 NA","aldridge92","exp6","TA","Zizania","palustris",NA,NA,"N","University of Minnesota, USA",44.9742,-93.2268,NA,"North America",NA,NA,NA,"undried",NA,NA,NA,NA,NA,NA,"25/10","51 7% mc","8/16","GA","-3.492",NA,NA,NA,NA,NA,NA,NA,"per.germ","0",NA,NA,"2","25",NA,NA,"figure 6","germ duration not specified",0,NA,"moisture content x stratification x hormone","-3.492",2,"aldridge92exp6 2"
NA,NA,NA,NA,NA,"15","25/10",NA,"alternating",25,10,"8/16",8,16,NA,NA,"GA","moist","moist",NA,NA,"percent.germ","light",NA,"aldridge92exp6","Zizania_palustris","44.9742 -93.2268","44.9742 -93.2268 NA","aldridge92","exp6","TA","Zizania","palustris",NA,NA,"N","University of Minnesota, USA",44.9742,-93.2268,NA,"North America",NA,NA,NA,"undried",NA,NA,NA,NA,NA,NA,"25/10","51 7% mc","8/16","GA","-8",NA,NA,NA,NA,NA,NA,NA,"per.germ","20.479",NA,NA,"2","25",NA,NA,"figure 6","germ duration not specified",20.479,NA,"moisture content x stratification x hormone","-8",2,"aldridge92exp6 2"
NA,NA,NA,NA,NA,"15","25/10",NA,"alternating",25,10,"8/16",8,16,NA,NA,"GA","moist","moist","15","3","percent.germ","light",NA,"aldridge92exp6","Zizania_palustris","44.9742 -93.2268","44.9742 -93.2268 NA","aldridge92","exp6","TA","Zizania","palustris",NA,NA,"N","University of Minnesota, USA",44.9742,-93.2268,NA,"North America",NA,NA,NA,"partly dry","3","15","15",NA,NA,NA,"25/10","38 5% mc","8/16","GA","-5.008",NA,NA,NA,NA,NA,NA,NA,"per.germ","0",NA,NA,"2","25",NA,NA,"figure 6","germ duration not specified",0,NA,"moisture content x stratification x hormone","-5.008",3,"aldridge92exp6 3"
NA,NA,NA,NA,NA,"15","25/10",NA,"alternating",25,10,"8/16",8,16,NA,NA,"GA","moist","moist","15","3","percent.germ","light",NA,"aldridge92exp6","Zizania_palustris","44.9742 -93.2268","44.9742 -93.2268 NA","aldridge92","exp6","TA","Zizania","palustris",NA,NA,"N","University of Minnesota, USA",44.9742,-93.2268,NA,"North America",NA,NA,NA,"partly dry","3","15","15",NA,NA,NA,"25/10","38 5% mc","8/16","GA","-5.503",NA,NA,NA,NA,NA,NA,NA,"per.germ","0",NA,NA,"2","25",NA,NA,"figure 6","germ duration not specified",0,NA,"moisture content x stratification x hormone","-5.503",3,"aldridge92exp6 3"
NA,NA,NA,NA,NA,"15","25/10",NA,"alternating",25,10,"8/16",8,16,NA,NA,"GA","moist","moist","15","3","percent.germ","light",NA,"aldridge92exp6","Zizania_palustris","44.9742 -93.2268","44.9742 -93.2268 NA","aldridge92","exp6","TA","Zizania","palustris",NA,NA,"N","University of Minnesota, USA",44.9742,-93.2268,NA,"North America",NA,NA,NA,"partly dry","3","15","15",NA,NA,NA,"25/10","38 5% mc","8/16","GA","-3",NA,NA,NA,NA,NA,NA,NA,"per.germ","0",NA,NA,"2","25",NA,NA,"figure 6","germ duration not specified",0,NA,"moisture content x stratification x hormone","-3",3,"aldridge92exp6 3"
NA,NA,NA,NA,NA,"15","25/10",NA,"alternating",25,10,"8/16",8,16,NA,NA,"GA","moist","moist","15","3","percent.germ","light",NA,"aldridge92exp6","Zizania_palustris","44.9742 -93.2268","44.9742 -93.2268 NA","aldridge92","exp6","TA","Zizania","palustris",NA,NA,"N","University of Minnesota, USA",44.9742,-93.2268,NA,"North America",NA,NA,NA,"partly dry","3","15","15",NA,NA,NA,"25/10","38 5% mc","8/16","GA","-4.508",NA,NA,NA,NA,NA,NA,NA,"per.germ","0",NA,NA,"2","25",NA,NA,"figure 6","germ duration not specified",0,NA,"moisture content x stratification x hormone","-4.508",3,"aldridge92exp6 3"
NA,NA,NA,NA,NA,"15","25/10",NA,"alternating",25,10,"8/16",8,16,NA,NA,"GA","moist","moist","15","3","percent.germ","light",NA,"aldridge92exp6","Zizania_palustris","44.9742 -93.2268","44.9742 -93.2268 NA","aldridge92","exp6","TA","Zizania","palustris",NA,NA,"N","University of Minnesota, USA",44.9742,-93.2268,NA,"North America",NA,NA,NA,"partly dry","3","15","15",NA,NA,NA,"25/10","38 5% mc","8/16","GA","-4.032",NA,NA,NA,NA,NA,NA,NA,"per.germ","0",NA,NA,"2","25",NA,NA,"figure 6","germ duration not specified",0,NA,"moisture content x stratification x hormone","-4.032",3,"aldridge92exp6 3"
NA,NA,NA,NA,NA,"15","25/10",NA,"alternating",25,10,"8/16",8,16,NA,NA,"GA","moist","moist","15","3","percent.germ","light",NA,"aldridge92exp6","Zizania_palustris","44.9742 -93.2268","44.9742 -93.2268 NA","aldridge92","exp6","TA","Zizania","palustris",NA,NA,"N","University of Minnesota, USA",44.9742,-93.2268,NA,"North America",NA,NA,NA,"partly dry","3","15","15",NA,NA,NA,"25/10","38 5% mc","8/16","GA","-3.508",NA,NA,NA,NA,NA,NA,NA,"per.germ","0",NA,NA,"2","25",NA,NA,"figure 6","germ duration not specified",0,NA,"moisture content x stratification x hormone","-3.508",3,"aldridge92exp6 3"
NA,NA,NA,NA,NA,"15","25/10",NA,"alternating",25,10,"8/16",8,16,NA,NA,"GA","moist","moist","15","3","percent.germ","light",NA,"aldridge92exp6","Zizania_palustris","44.9742 -93.2268","44.9742 -93.2268 NA","aldridge92","exp6","TA","Zizania","palustris",NA,NA,"N","University of Minnesota, USA",44.9742,-93.2268,NA,"North America",NA,NA,NA,"partly dry","3","15","15",NA,NA,NA,"25/10","38 5% mc","8/16","GA","-8",NA,NA,NA,NA,NA,NA,NA,"per.germ","59.947",NA,NA,"2","25",NA,NA,"figure 6","germ duration not specified",59.947,NA,"moisture content x stratification x hormone","-8",3,"aldridge92exp6 3"
NA,NA,NA,NA,NA,"15","25/10",NA,"alternating",25,10,"8/16",8,16,NA,NA,"GA","moist","moist","15","3","percent.germ","light",NA,"aldridge92exp6","Zizania_palustris","44.9742 -93.2268","44.9742 -93.2268 NA","aldridge92","exp6","TA","Zizania","palustris",NA,NA,"N","University of Minnesota, USA",44.9742,-93.2268,NA,"North America",NA,NA,NA,"partly dry","3","15","15",NA,NA,NA,"25/10","38 5% mc","8/16","GA","-6.997",NA,NA,NA,NA,NA,NA,NA,"per.germ","52.438",NA,NA,"2","25",NA,NA,"figure 6","germ duration not specified",52.438,NA,"moisture content x stratification x hormone","-6.997",3,"aldridge92exp6 3"
NA,NA,NA,NA,NA,"15","25/10",NA,"alternating",25,10,"8/16",8,16,NA,NA,"GA","moist","moist","15","3","percent.germ","light",NA,"aldridge92exp6","Zizania_palustris","44.9742 -93.2268","44.9742 -93.2268 NA","aldridge92","exp6","TA","Zizania","palustris",NA,NA,"N","University of Minnesota, USA",44.9742,-93.2268,NA,"North America",NA,NA,NA,"partly dry","3","15","15",NA,NA,NA,"25/10","38 5% mc","8/16","GA","-6.503",NA,NA,NA,NA,NA,NA,NA,"per.germ","48.218",NA,NA,"2","25",NA,NA,"figure 6","germ duration not specified",48.218,NA,"moisture content x stratification x hormone","-6.503",3,"aldridge92exp6 3"
NA,NA,NA,NA,NA,"15","25/10",NA,"alternating",25,10,"8/16",8,16,NA,NA,"GA","moist","moist","15","3","percent.germ","light",NA,"aldridge92exp6","Zizania_palustris","44.9742 -93.2268","44.9742 -93.2268 NA","aldridge92","exp6","TA","Zizania","palustris",NA,NA,"N","University of Minnesota, USA",44.9742,-93.2268,NA,"North America",NA,NA,NA,"partly dry","3","15","15",NA,NA,NA,"25/10","38 5% mc","8/16","GA","-6.008",NA,NA,NA,NA,NA,NA,NA,"per.germ","14.459",NA,NA,"2","25",NA,NA,"figure 6","germ duration not specified",14.459,NA,"moisture content x stratification x hormone","-6.008",3,"aldridge92exp6 3"
NA,NA,NA,NA,NA,"15","20/10",224,"alternating",20,10,"12/12",12,12,NA,NA,"GA3","dry","dry","5","24","mgt","light",NA,"chien10exp1","Daphniphyllum_glaucescens","25.167 121.53","25.167 121.53 600","chien10","exp1","TA","Daphniphyllum","glaucescens",NA,"Y","N","Yang-Ming-Shan, Taiwan",25.167,121.53,"600","Asia","4680","2008",NA,"dry","24",NA,"5","soaking",NA,NA,"20/10",NA,"12","GA3","26",NA,"N",NA,"Y",NA,NA,"1200","mgt","109",NA,NA,"3",NA,"224",NA,"Table 1","chemical concentration in um, treatment duration in hours (less than one day)",109,NA,"soaking (hormone)","26",2,"chien10exp1 2"
NA,NA,NA,NA,NA,"15","20/10",224,"alternating",20,10,"12/12",12,12,NA,NA,"GA3","dry","dry","5","24","mgt","light",NA,"chien10exp1","Daphniphyllum_glaucescens","25.167 121.53","25.167 121.53 600","chien10","exp1","TA","Daphniphyllum","glaucescens",NA,"Y","N","Yang-Ming-Shan, Taiwan",25.167,121.53,"600","Asia","4680","2008",NA,"dry","24",NA,"5","soaking",NA,NA,"20/10",NA,"12","GA3","260",NA,"N",NA,"Y",NA,NA,"1200","mgt","102",NA,NA,"3",NA,"224",NA,"Table 1",NA,102,NA,"soaking (hormone)","260",2,"chien10exp1 2"
NA,NA,NA,NA,NA,"15","20/10",224,"alternating",20,10,"12/12",12,12,NA,NA,"GA3","dry","dry","5","24","mgt","light",NA,"chien10exp1","Daphniphyllum_glaucescens","25.167 121.53","25.167 121.53 600","chien10","exp1","TA","Daphniphyllum","glaucescens",NA,"Y","N","Yang-Ming-Shan, Taiwan",25.167,121.53,"600","Asia","4680","2008",NA,"dry","24",NA,"5","soaking",NA,NA,"20/10",NA,"12","GA3","2600",NA,"N",NA,"Y",NA,NA,"1200","mgt","77",NA,NA,"3",NA,"224",NA,"Table 1",NA,77,NA,"soaking (hormone)","2600",2,"chien10exp1 2"
NA,NA,NA,NA,NA,"15","20/10",224,"alternating",20,10,"12/12",12,12,NA,NA,"GA4","dry","dry","5","24","mgt","light",NA,"chien10exp1","Daphniphyllum_glaucescens","25.167 121.53","25.167 121.53 600","chien10","exp1","TA","Daphniphyllum","glaucescens",NA,"Y","N","Yang-Ming-Shan, Taiwan",25.167,121.53,"600","Asia","4680","2008",NA,"dry","24",NA,"5","soaking",NA,NA,"20/10",NA,"12","GA4","26",NA,"N",NA,"Y",NA,NA,"1200","mgt","57",NA,NA,"3",NA,"224",NA,"Table 1",NA,57,NA,"soaking (hormone)","26",3,"chien10exp1 3"
NA,NA,NA,NA,NA,"15","20/10",224,"alternating",20,10,"12/12",12,12,NA,NA,"GA4","dry","dry","5","24","mgt","light",NA,"chien10exp1","Daphniphyllum_glaucescens","25.167 121.53","25.167 121.53 600","chien10","exp1","TA","Daphniphyllum","glaucescens",NA,"Y","N","Yang-Ming-Shan, Taiwan",25.167,121.53,"600","Asia","4680","2008",NA,"dry","24",NA,"5","soaking",NA,NA,"20/10",NA,"12","GA4","260",NA,"N",NA,"Y",NA,NA,"1200","mgt","49",NA,NA,"3",NA,"224",NA,"Table 1",NA,49,NA,"soaking (hormone)","260",3,"chien10exp1 3"
NA,NA,NA,NA,NA,"15","20/10",224,"alternating",20,10,"12/12",12,12,NA,NA,"GA4","dry","dry","5","24","mgt","light",NA,"chien10exp1","Daphniphyllum_glaucescens","25.167 121.53","25.167 121.53 600","chien10","exp1","TA","Daphniphyllum","glaucescens",NA,"Y","N","Yang-Ming-Shan, Taiwan",25.167,121.53,"600","Asia","4680","2008",NA,"dry","24",NA,"5","soaking",NA,NA,"20/10",NA,"12","GA4","2600",NA,"N",NA,"Y",NA,NA,"1200","mgt","42",NA,NA,"3",NA,"224",NA,"Table 1",NA,42,NA,"soaking (hormone)","2600",3,"chien10exp1 3"
NA,NA,NA,NA,NA,"15","20/10",224,"alternating",20,10,"12/12",12,12,NA,NA,"GA3","dry","dry","5","24","percent.germ","light",NA,"chien10exp1","Daphniphyllum_glaucescens","25.167 121.53","25.167 121.53 600","chien10","exp1","TA","Daphniphyllum","glaucescens",NA,"Y","N","Yang-Ming-Shan, Taiwan",25.167,121.53,"600","Asia","4680","2008",NA,"dry","24",NA,"5","soaking",NA,NA,"20/10",NA,"12","GA3","26",NA,"N",NA,"Y",NA,NA,"1200","per.germ","50.7",NA,NA,"3",NA,"224",NA,"Table 1",NA,50.7,NA,"soaking (hormone)","26",5,"chien10exp1 5"
NA,NA,NA,NA,NA,"15","20/10",224,"alternating",20,10,"12/12",12,12,NA,NA,"GA3","dry","dry","5","24","percent.germ","light",NA,"chien10exp1","Daphniphyllum_glaucescens","25.167 121.53","25.167 121.53 600","chien10","exp1","TA","Daphniphyllum","glaucescens",NA,"Y","N","Yang-Ming-Shan, Taiwan",25.167,121.53,"600","Asia","4680","2008",NA,"dry","24",NA,"5","soaking",NA,NA,"20/10",NA,"12","GA3","260",NA,"N",NA,"Y",NA,NA,"1200","per.germ","51.3",NA,NA,"3",NA,"224",NA,"Table 1",NA,51.3,NA,"soaking (hormone)","260",5,"chien10exp1 5"
NA,NA,NA,NA,NA,"15","20/10",224,"alternating",20,10,"12/12",12,12,NA,NA,"GA3","dry","dry","5","24","percent.germ","light",NA,"chien10exp1","Daphniphyllum_glaucescens","25.167 121.53","25.167 121.53 600","chien10","exp1","TA","Daphniphyllum","glaucescens",NA,"Y","N","Yang-Ming-Shan, Taiwan",25.167,121.53,"600","Asia","4680","2008",NA,"dry","24",NA,"5","soaking",NA,NA,"20/10",NA,"12","GA3","2600",NA,"N",NA,"Y",NA,NA,"1200","per.germ","74",NA,NA,"3",NA,"224",NA,"Table 1",NA,74,NA,"soaking (hormone)","2600",5,"chien10exp1 5"
NA,NA,NA,NA,NA,"15","20/10",224,"alternating",20,10,"12/12",12,12,NA,NA,"GA4","dry","dry","5","24","percent.germ","light",NA,"chien10exp1","Daphniphyllum_glaucescens","25.167 121.53","25.167 121.53 600","chien10","exp1","TA","Daphniphyllum","glaucescens",NA,"Y","N","Yang-Ming-Shan, Taiwan",25.167,121.53,"600","Asia","4680","2008",NA,"dry","24",NA,"5","soaking",NA,NA,"20/10",NA,"12","GA4","260",NA,"N",NA,"Y",NA,NA,"1200","per.germ","98",NA,NA,"3",NA,"224",NA,"Table 1",NA,98,NA,"soaking (hormone)","260",6,"chien10exp1 6"
NA,NA,NA,NA,NA,"15","20/10",224,"alternating",20,10,"12/12",12,12,NA,NA,"GA4","dry","dry","5","24","percent.germ","light",NA,"chien10exp1","Daphniphyllum_glaucescens","25.167 121.53","25.167 121.53 600","chien10","exp1","TA","Daphniphyllum","glaucescens",NA,"Y","N","Yang-Ming-Shan, Taiwan",25.167,121.53,"600","Asia","4680","2008",NA,"dry","24",NA,"5","soaking",NA,NA,"20/10",NA,"12","GA4","2600",NA,"N",NA,"Y",NA,NA,"1200","per.germ","99.3",NA,NA,"3",NA,"224",NA,"Table 1",NA,99.3,NA,"soaking (hormone)","2600",6,"chien10exp1 6"
NA,NA,NA,NA,NA,"15","20/10",224,"alternating",20,10,"12/12",12,12,NA,NA,"GA4","dry","dry","5","24","percent.germ","light",NA,"chien10exp1","Daphniphyllum_glaucescens","25.167 121.53","25.167 121.53 600","chien10","exp1","TA","Daphniphyllum","glaucescens",NA,"Y","N","Yang-Ming-Shan, Taiwan",25.167,121.53,"600","Asia","4680","2008",NA,"dry","24",NA,"5","soaking",NA,NA,"20/10",NA,"12","GA4","26",NA,"N",NA,"Y",NA,NA,"1200","per.germ","95.3",NA,NA,"3",NA,"224",NA,"Table 1",NA,95.3,NA,"soaking (hormone)","26",6,"chien10exp1 6"
"3","112","1",NA,NA,"22","22",28,"constant",22,NA,NA,NA,NA,NA,NA,"GA3","dry/cold","dry/cold","3","14","percent.germ",NA,NA,"naseri18exp2","Acer_hyrcanum","36.79 54.11","36.79 54.11 2370","naseri18","exp2","TA","Acer","hyrcanum",NA,"Y","N","Kord-koy, Golestan, Iran",36.79,54.11,"2370","Asia",NA,"2014",NA,"dry refrigerator","14",NA,"2-4","stratification","2-4","112","22","pericarp inatct",NA,"GA3","500",NA,"N",NA,"Y","GA3","1440",NA,"per.germ","93.966","SE","5.364","3","50","28",NA,"Figure 2","chemical concentration in mg/l",93.966,"SE","mechanical scarification x chemical","500",1,"naseri18exp2 1"
"3","112","1",NA,NA,"22","22",28,"constant",22,NA,NA,NA,NA,NA,NA,"GA3","dry/cold","dry/cold","3","14","percent.germ",NA,NA,"naseri18exp2","Acer_hyrcanum","36.79 54.11","36.79 54.11 2370","naseri18","exp2","TA","Acer","hyrcanum",NA,"Y","N","Kord-koy, Golestan, Iran",36.79,54.11,"2370","Asia",NA,"2014",NA,"dry refrigerator","14",NA,"2-4","stratification","2-4","112","22","pericarp inatct",NA,"GA3","1000",NA,"N",NA,"Y","GA3","1440",NA,"per.germ","91.092","SE","4.789","3","50","28",NA,"Figure 2","chemical concentration in mg/l",91.092,"SE","mechanical scarification x chemical","1000",1,"naseri18exp2 1"
"3","112","1",NA,NA,"22","22",28,"constant",22,NA,NA,NA,NA,NA,NA,"GA3","dry/cold","dry/cold","3","14","percent.germ",NA,NA,"naseri18exp2","Acer_hyrcanum","36.79 54.11","36.79 54.11 2370","naseri18","exp2","TA","Acer","hyrcanum",NA,"Y","N","Kord-koy, Golestan, Iran",36.79,54.11,"2370","Asia",NA,"2014",NA,"dry refrigerator","14",NA,"2-4","stratification","2-4","112","22","pericarp inatct",NA,"GA3","0",NA,"N",NA,"Y","GA3","1440",NA,"per.germ","98.851","SE",NA,"3","50","28",NA,"Figure 2","chemical concentration in mg/l",98.851,"SE","mechanical scarification x chemical","0",1,"naseri18exp2 1"
"3","112","1",NA,NA,"22","22",28,"constant",22,NA,NA,NA,NA,NA,NA,"GA3","dry/cold","dry/cold","3","14","percent.germ",NA,NA,"naseri18exp2","Acer_hyrcanum","36.79 54.11","36.79 54.11 2370","naseri18","exp2","TA","Acer","hyrcanum",NA,"Y","N","Kord-koy, Golestan, Iran",36.79,54.11,"2370","Asia",NA,"2014",NA,"dry refrigerator","14",NA,"2-4","stratification","2-4","112","22","pericarp inatct",NA,"GA3","250",NA,"N",NA,"Y","GA3","1440",NA,"per.germ","96.839","SE","2.586","3","50","28",NA,"Figure 2","chemical concentration in mg/l",96.839,"SE","mechanical scarification x chemical","250",1,"naseri18exp2 1"
"3","112","1",NA,NA,"22","22",28,"constant",22,NA,NA,NA,NA,"mechanical","mechanical - pericarp removal","GA3","dry/cold","dry/cold","3","14","percent.germ",NA,NA,"naseri18exp2","Acer_hyrcanum","36.79 54.11","36.79 54.11 2370","naseri18","exp2","TA","Acer","hyrcanum",NA,"Y","N","Kord-koy, Golestan, Iran",36.79,54.11,"2370","Asia",NA,"2014",NA,"dry refrigerator","14",NA,"2-4","stratification","2-4","112","22","pericarp absent",NA,"GA3","500",NA,"Y","pericarp removal","Y","GA3","1440",NA,"per.germ","93.199","SE","6.131","3","50","28",NA,"Figure 2","chemical concentration in mg/l",93.199,"SE","mechanical scarification x chemical","500",2,"naseri18exp2 2"
"3","112","1",NA,NA,"22","22",28,"constant",22,NA,NA,NA,NA,"mechanical","mechanical - pericarp removal","GA3","dry/cold","dry/cold","3","14","percent.germ",NA,NA,"naseri18exp2","Acer_hyrcanum","36.79 54.11","36.79 54.11 2370","naseri18","exp2","TA","Acer","hyrcanum",NA,"Y","N","Kord-koy, Golestan, Iran",36.79,54.11,"2370","Asia",NA,"2014",NA,"dry refrigerator","14",NA,"2-4","stratification","2-4","112","22","pericarp absent",NA,"GA3","1000",NA,"Y","pericarp removal","Y","GA3","1440",NA,"per.germ","91.667","SE","4.214","3","50","28",NA,"Figure 2","chemical concentration in mg/l",91.667,"SE","mechanical scarification x chemical","1000",2,"naseri18exp2 2"
"3","112","1",NA,NA,"22","22",28,"constant",22,NA,NA,NA,NA,"mechanical","mechanical - pericarp removal","GA3","dry/cold","dry/cold","3","14","percent.germ",NA,NA,"naseri18exp2","Acer_hyrcanum","36.79 54.11","36.79 54.11 2370","naseri18","exp2","TA","Acer","hyrcanum",NA,"Y","N","Kord-koy, Golestan, Iran",36.79,54.11,"2370","Asia",NA,"2014",NA,"dry refrigerator","14",NA,"2-4","stratification","2-4","112","22","pericarp absent",NA,"GA3","0",NA,"Y","pericarp removal","Y","GA3","1440",NA,"per.germ","94.253","SE","2.873","3","50","28",NA,"Figure 2","chemical concentration in mg/l",94.253,"SE","mechanical scarification x chemical","0",2,"naseri18exp2 2"
"3","112","1",NA,NA,"22","22",28,"constant",22,NA,NA,NA,NA,"mechanical","mechanical - pericarp removal","GA3","dry/cold","dry/cold","3","14","percent.germ",NA,NA,"naseri18exp2","Acer_hyrcanum","36.79 54.11","36.79 54.11 2370","naseri18","exp2","TA","Acer","hyrcanum",NA,"Y","N","Kord-koy, Golestan, Iran",36.79,54.11,"2370","Asia",NA,"2014",NA,"dry refrigerator","14",NA,"2-4","stratification","2-4","112","22","pericarp absent",NA,"GA3","250",NA,"Y","pericarp removal","Y","GA3","1440",NA,"per.germ","85.536","SE","3.066","3","50","28",NA,"Figure 2","chemical concentration in mg/l",85.536,"SE","mechanical scarification x chemical","250",2,"naseri18exp2 2"
"3","112","1",NA,NA,"22","22",28,"constant",22,NA,NA,NA,NA,NA,NA,"GA3","dry/cold","dry/cold","3","14","day.first.emergence",NA,NA,"naseri18exp2","Acer_hyrcanum","36.79 54.11","36.79 54.11 2370","naseri18","exp2","TA","Acer","hyrcanum",NA,"Y","N","Kord-koy, Golestan, Iran",36.79,54.11,"2370","Asia",NA,"2014",NA,"dry refrigerator","14",NA,"2-4","stratification","2-4","112","22","pericarp inatct",NA,"GA3","250",NA,"N",NA,"Y","GA3","1440",NA,"LAG","61.284","SE","1.072","3","50","28",NA,"Figure 2","chemical concentration in mg/l",61.284,"SE","mechanical scarification x chemical","250",7,"naseri18exp2 7"
"3","112","1",NA,NA,"22","22",28,"constant",22,NA,NA,NA,NA,NA,NA,"GA3","dry/cold","dry/cold","3","14","day.first.emergence",NA,NA,"naseri18exp2","Acer_hyrcanum","36.79 54.11","36.79 54.11 2370","naseri18","exp2","TA","Acer","hyrcanum",NA,"Y","N","Kord-koy, Golestan, Iran",36.79,54.11,"2370","Asia",NA,"2014",NA,"dry refrigerator","14",NA,"2-4","stratification","2-4","112","22","pericarp inatct",NA,"GA3","500",NA,"N",NA,"Y","GA3","1440",NA,"LAG","88.103","SE","2.682","3","50","28",NA,"Figure 2","chemical concentration in mg/l",88.103,"SE","mechanical scarification x chemical","500",7,"naseri18exp2 7"
"3","112","1",NA,NA,"22","22",28,"constant",22,NA,NA,NA,NA,NA,NA,"GA3","dry/cold","dry/cold","3","14","day.first.emergence",NA,NA,"naseri18exp2","Acer_hyrcanum","36.79 54.11","36.79 54.11 2370","naseri18","exp2","TA","Acer","hyrcanum",NA,"Y","N","Kord-koy, Golestan, Iran",36.79,54.11,"2370","Asia",NA,"2014",NA,"dry refrigerator","14",NA,"2-4","stratification","2-4","112","22","pericarp inatct",NA,"GA3","1000",NA,"N",NA,"Y","GA3","1440",NA,"LAG","83.276",NA,NA,"3","50","28",NA,"Figure 2","chemical concentration in mg/l",83.276,NA,"mechanical scarification x chemical","1000",7,"naseri18exp2 7"
"3","112","1",NA,NA,"22","22",28,"constant",22,NA,NA,NA,NA,NA,NA,"GA3","dry/cold","dry/cold","3","14","day.first.emergence",NA,NA,"naseri18exp2","Acer_hyrcanum","36.79 54.11","36.79 54.11 2370","naseri18","exp2","TA","Acer","hyrcanum",NA,"Y","N","Kord-koy, Golestan, Iran",36.79,54.11,"2370","Asia",NA,"2014",NA,"dry refrigerator","14",NA,"2-4","stratification","2-4","112","22","pericarp inatct",NA,"GA3","0",NA,"N",NA,"Y","GA3","1440",NA,"LAG","95.747","SE","3.219","3","50","28",NA,"Figure 2","chemical concentration in mg/l",95.747,"SE","mechanical scarification x chemical","0",7,"naseri18exp2 7"
"3","112","1",NA,NA,"22","22",28,"constant",22,NA,NA,NA,NA,"mechanical","mechanical - pericarp removal","GA3","dry/cold","dry/cold","3","14","day.first.emergence",NA,NA,"naseri18exp2","Acer_hyrcanum","36.79 54.11","36.79 54.11 2370","naseri18","exp2","TA","Acer","hyrcanum",NA,"Y","N","Kord-koy, Golestan, Iran",36.79,54.11,"2370","Asia",NA,"2014",NA,"dry refrigerator","14",NA,"2-4","stratification","2-4","112","22","pericarp absent",NA,"GA3","500",NA,"Y","pericarp removal","Y","GA3","1440",NA,"LAG","69.329",NA,NA,"3","50","28",NA,"Figure 2","chemical concentration in mg/l",69.329,NA,"mechanical scarification x chemical","500",8,"naseri18exp2 8"
"3","112","1",NA,NA,"22","22",28,"constant",22,NA,NA,NA,NA,"mechanical","mechanical - pericarp removal","GA3","dry/cold","dry/cold","3","14","day.first.emergence",NA,NA,"naseri18exp2","Acer_hyrcanum","36.79 54.11","36.79 54.11 2370","naseri18","exp2","TA","Acer","hyrcanum",NA,"Y","N","Kord-koy, Golestan, Iran",36.79,54.11,"2370","Asia",NA,"2014",NA,"dry refrigerator","14",NA,"2-4","stratification","2-4","112","22","pericarp absent",NA,"GA3","1000",NA,"Y","pericarp removal","Y","GA3","1440",NA,"LAG","60.747",NA,NA,"3","50","28",NA,"Figure 2","chemical concentration in mg/l",60.747,NA,"mechanical scarification x chemical","1000",8,"naseri18exp2 8"
"3","112","1",NA,NA,"22","22",28,"constant",22,NA,NA,NA,NA,"mechanical","mechanical - pericarp removal","GA3","dry/cold","dry/cold","3","14","day.first.emergence",NA,NA,"naseri18exp2","Acer_hyrcanum","36.79 54.11","36.79 54.11 2370","naseri18","exp2","TA","Acer","hyrcanum",NA,"Y","N","Kord-koy, Golestan, Iran",36.79,54.11,"2370","Asia",NA,"2014",NA,"dry refrigerator","14",NA,"2-4","stratification","2-4","112","22","pericarp absent",NA,"GA3","0",NA,"Y","pericarp removal","Y","GA3","1440",NA,"LAG","76.437",NA,NA,"3","50","28",NA,"Figure 2","chemical concentration in mg/l",76.437,NA,"mechanical scarification x chemical","0",8,"naseri18exp2 8"
"3","112","1",NA,NA,"22","22",28,"constant",22,NA,NA,NA,NA,"mechanical","mechanical - pericarp removal","GA3","dry/cold","dry/cold","3","14","day.first.emergence",NA,NA,"naseri18exp2","Acer_hyrcanum","36.79 54.11","36.79 54.11 2370","naseri18","exp2","TA","Acer","hyrcanum",NA,"Y","N","Kord-koy, Golestan, Iran",36.79,54.11,"2370","Asia",NA,"2014",NA,"dry refrigerator","14",NA,"2-4","stratification","2-4","112","22","pericarp absent",NA,"GA3","250",NA,"Y","pericarp removal","Y","GA3","1440",NA,"LAG","69.866",NA,NA,"3","50","28",NA,"Figure 2","chemical concentration in mg/l",69.866,NA,"mechanical scarification x chemical","250",8,"naseri18exp2 8"
"3","112","1",NA,NA,"22","22",28,"constant",22,NA,NA,NA,NA,NA,NA,"GA3","dry/cold","dry/cold","3","14","T50",NA,NA,"naseri18exp2","Acer_hyrcanum","36.79 54.11","36.79 54.11 2370","naseri18","exp2","TA","Acer","hyrcanum",NA,"Y","N","Kord-koy, Golestan, Iran",36.79,54.11,"2370","Asia",NA,"2014",NA,"dry refrigerator","14",NA,"2-4","stratification","2-4","112","22","pericarp inatct",NA,"GA3","1000",NA,"N",NA,"Y","GA3","1440",NA,"T50","27.814","SE","0.875","3","50","28",NA,"Figure 2","chemical concentration in mg/l",27.814,"SE","mechanical scarification x chemical","1000",13,"naseri18exp2 13"
"3","112","1",NA,NA,"22","22",28,"constant",22,NA,NA,NA,NA,NA,NA,"GA3","dry/cold","dry/cold","3","14","T50",NA,NA,"naseri18exp2","Acer_hyrcanum","36.79 54.11","36.79 54.11 2370","naseri18","exp2","TA","Acer","hyrcanum",NA,"Y","N","Kord-koy, Golestan, Iran",36.79,54.11,"2370","Asia",NA,"2014",NA,"dry refrigerator","14",NA,"2-4","stratification","2-4","112","22","pericarp inatct",NA,"GA3","0",NA,"N",NA,"Y","GA3","1440",NA,"T50","36.721","SE","6.558","3","50","28",NA,"Figure 2","chemical concentration in mg/l",36.721,"SE","mechanical scarification x chemical","0",13,"naseri18exp2 13"
"3","112","1",NA,NA,"22","22",28,"constant",22,NA,NA,NA,NA,NA,NA,"GA3","dry/cold","dry/cold","3","14","T50",NA,NA,"naseri18exp2","Acer_hyrcanum","36.79 54.11","36.79 54.11 2370","naseri18","exp2","TA","Acer","hyrcanum",NA,"Y","N","Kord-koy, Golestan, Iran",36.79,54.11,"2370","Asia",NA,"2014",NA,"dry refrigerator","14",NA,"2-4","stratification","2-4","112","22","pericarp inatct",NA,"GA3","250",NA,"N",NA,"Y","GA3","1440",NA,"T50","19.508","SE","2.623","3","50","28",NA,"Figure 2","chemical concentration in mg/l",19.508,"SE","mechanical scarification x chemical","250",13,"naseri18exp2 13"
"3","112","1",NA,NA,"22","22",28,"constant",22,NA,NA,NA,NA,NA,NA,"GA3","dry/cold","dry/cold","3","14","T50",NA,NA,"naseri18exp2","Acer_hyrcanum","36.79 54.11","36.79 54.11 2370","naseri18","exp2","TA","Acer","hyrcanum",NA,"Y","N","Kord-koy, Golestan, Iran",36.79,54.11,"2370","Asia",NA,"2014",NA,"dry refrigerator","14",NA,"2-4","stratification","2-4","112","22","pericarp inatct",NA,"GA3","500",NA,"N",NA,"Y","GA3","1440",NA,"T50","40.055","SE","1.53","3","50","28",NA,"Figure 2","chemical concentration in mg/l",40.055,"SE","mechanical scarification x chemical","500",13,"naseri18exp2 13"
"3","112","1",NA,NA,"22","22",28,"constant",22,NA,NA,NA,NA,"mechanical","mechanical - pericarp removal","GA3","dry/cold","dry/cold","3","14","T50",NA,NA,"naseri18exp2","Acer_hyrcanum","36.79 54.11","36.79 54.11 2370","naseri18","exp2","TA","Acer","hyrcanum",NA,"Y","N","Kord-koy, Golestan, Iran",36.79,54.11,"2370","Asia",NA,"2014",NA,"dry refrigerator","14",NA,"2-4","stratification","2-4","112","22","pericarp absent",NA,"GA3","250",NA,"Y","pericarp removal","Y","GA3","1440",NA,"T50","19.836","SE","4.426","3","50","28",NA,"Figure 2","chemical concentration in mg/l",19.836,"SE","mechanical scarification x chemical","250",14,"naseri18exp2 14"
"3","112","1",NA,NA,"22","22",28,"constant",22,NA,NA,NA,NA,"mechanical","mechanical - pericarp removal","GA3","dry/cold","dry/cold","3","14","T50",NA,NA,"naseri18exp2","Acer_hyrcanum","36.79 54.11","36.79 54.11 2370","naseri18","exp2","TA","Acer","hyrcanum",NA,"Y","N","Kord-koy, Golestan, Iran",36.79,54.11,"2370","Asia",NA,"2014",NA,"dry refrigerator","14",NA,"2-4","stratification","2-4","112","22","pericarp absent",NA,"GA3","500",NA,"Y","pericarp removal","Y","GA3","1440",NA,"T50","15.246","SE","2.841","3","50","28",NA,"Figure 2","chemical concentration in mg/l",15.246,"SE","mechanical scarification x chemical","500",14,"naseri18exp2 14"
"3","112","1",NA,NA,"22","22",28,"constant",22,NA,NA,NA,NA,"mechanical","mechanical - pericarp removal","GA3","dry/cold","dry/cold","3","14","T50",NA,NA,"naseri18exp2","Acer_hyrcanum","36.79 54.11","36.79 54.11 2370","naseri18","exp2","TA","Acer","hyrcanum",NA,"Y","N","Kord-koy, Golestan, Iran",36.79,54.11,"2370","Asia",NA,"2014",NA,"dry refrigerator","14",NA,"2-4","stratification","2-4","112","22","pericarp absent",NA,"GA3","1000",NA,"Y","pericarp removal","Y","GA3","1440",NA,"T50","16.12","SE","2.186","3","50","28",NA,"Figure 2","chemical concentration in mg/l",16.12,"SE","mechanical scarification x chemical","1000",14,"naseri18exp2 14"
"3","112","1",NA,NA,"22","22",28,"constant",22,NA,NA,NA,NA,"mechanical","mechanical - pericarp removal","GA3","dry/cold","dry/cold","3","14","T50",NA,NA,"naseri18exp2","Acer_hyrcanum","36.79 54.11","36.79 54.11 2370","naseri18","exp2","TA","Acer","hyrcanum",NA,"Y","N","Kord-koy, Golestan, Iran",36.79,54.11,"2370","Asia",NA,"2014",NA,"dry refrigerator","14",NA,"2-4","stratification","2-4","112","22","pericarp absent",NA,"GA3","0",NA,"Y","pericarp removal","Y","GA3","1440",NA,"T50","8.525",NA,NA,"3","50","28",NA,"Figure 2","chemical concentration in mg/l",8.525,NA,"mechanical scarification x chemical","0",14,"naseri18exp2 14"
NA,NA,NA,NA,NA,"17.5","25/10",30,"alternating",25,10,"12/12",12,12,NA,NA,"GA3",NA,NA,NA,NA,"percent.germ","light",NA,"necajeva13exp1","Eryngium_maritimum","42.00 21.23","42.00 21.23 NA","necajeva13","exp1","TA","Eryngium","maritimum",NA,"N","N","Kurzeme coast, Latvia",42,21.23,NA,"Europe",NA,"2008",NA,NA,NA,NA,NA,"chemical",NA,NA,"25/10",NA,"12/12","GA3","10",NA,"N",NA,NA,NA,NA,NA,"per.germ","0.024",NA,NA,NA,NA,"30",NA,"Table 2","in treatments where germination was low, seeds were germinated for up to 3 months; chemical concentration in Mm",0.024,NA,"warm stratification x hormone","10",9,"necajeva13exp1 9"
NA,NA,NA,NA,NA,"17.5","25/10",30,"alternating",25,10,"12/12",12,12,NA,NA,"GA3",NA,NA,NA,NA,"percent.germ","light",NA,"necajeva13exp1","Eryngium_maritimum","42.00 21.23","42.00 21.23 NA","necajeva13","exp1","TA","Eryngium","maritimum",NA,"N","N","Kurzeme coast, Latvia",42,21.23,NA,"Europe",NA,"2008",NA,NA,NA,NA,NA,"chemical",NA,NA,"25/10",NA,"12/12","GA3","0.01",NA,"N",NA,NA,NA,NA,NA,"per.germ","0.006",NA,NA,NA,NA,"30",NA,"Table 2","in treatments where germination was low, seeds were germinated for up to 3 months; chemical concentration in Mm",0.006,NA,"warm stratification x hormone","0.01",9,"necajeva13exp1 9"
NA,NA,NA,NA,NA,"17.5","25/10",30,"alternating",25,10,"12/12",12,12,NA,NA,"GA3",NA,NA,NA,NA,"percent.germ","light",NA,"necajeva13exp1","Eryngium_maritimum","42.00 21.23","42.00 21.23 NA","necajeva13","exp1","TA","Eryngium","maritimum",NA,"N","N","Kurzeme coast, Latvia",42,21.23,NA,"Europe",NA,"2008",NA,NA,NA,NA,NA,"chemical",NA,NA,"25/10",NA,"12/12","GA3","1",NA,"N",NA,NA,NA,NA,NA,"per.germ","0.009",NA,NA,NA,NA,"30",NA,"Table 2","in treatments where germination was low, seeds were germinated for up to 3 months; chemical concentration in Mm",0.009,NA,"warm stratification x hormone","1",9,"necajeva13exp1 9"
NA,NA,NA,NA,NA,"17.5","25/10",30,"alternating",25,10,"12/12",12,12,NA,NA,"GA3",NA,NA,NA,NA,"percent.germ","light",NA,"necajeva13exp1","Eryngium_maritimum","42.00 21.23","42.00 21.23 NA","necajeva13","exp1","TA","Eryngium","maritimum",NA,"N","N","Kurzeme coast, Latvia",42,21.23,NA,"Europe",NA,"2008",NA,NA,NA,NA,NA,"chemical",NA,NA,"25/10","room temp warm stratification","12/12","GA3","0.01",NA,"N",NA,NA,NA,NA,NA,"per.germ","0.005",NA,NA,NA,NA,"30",NA,"Table 2","in treatments where germination was low, seeds were germinated for up to 3 months; chemical concentration in Mm",0.005,NA,"warm stratification x hormone","0.01",9,"necajeva13exp1 9"
NA,NA,NA,NA,NA,"17.5","25/10",30,"alternating",25,10,"12/12",12,12,NA,NA,"GA3",NA,NA,NA,NA,"percent.germ","light",NA,"necajeva13exp1","Eryngium_maritimum","42.00 21.23","42.00 21.23 NA","necajeva13","exp1","TA","Eryngium","maritimum",NA,"N","N","Kurzeme coast, Latvia",42,21.23,NA,"Europe",NA,"2008",NA,NA,NA,NA,NA,"chemical",NA,NA,"25/10","room temp warm stratification","12/12","GA3","1",NA,"N",NA,NA,NA,NA,NA,"per.germ","0.037",NA,NA,NA,NA,"30",NA,"Table 2","in treatments where germination was low, seeds were germinated for up to 3 months; chemical concentration in Mm",0.037,NA,"warm stratification x hormone","1",9,"necajeva13exp1 9"
NA,NA,NA,NA,NA,"17.5","25/10",30,"alternating",25,10,"12/12",12,12,NA,NA,"GA3",NA,NA,NA,NA,"percent.germ","light",NA,"necajeva13exp1","Eryngium_maritimum","42.00 21.23","42.00 21.23 NA","necajeva13","exp1","TA","Eryngium","maritimum",NA,"N","N","Kurzeme coast, Latvia",42,21.23,NA,"Europe",NA,"2008",NA,NA,NA,NA,NA,"chemical",NA,NA,"25/10","room temp warm stratification","12/12","GA3","10",NA,"N",NA,NA,NA,NA,NA,"per.germ","0.067",NA,NA,NA,NA,"30",NA,"Table 2","in treatments where germination was low, seeds were germinated for up to 3 months; chemical concentration in Mm",0.067,NA,"warm stratification x hormone","10",9,"necajeva13exp1 9"
NA,NA,NA,NA,NA,"17.5","25/10",30,"alternating",25,10,"12/12",12,12,NA,NA,"GA3",NA,NA,NA,NA,"T50","light",NA,"necajeva13exp1","Eryngium_maritimum","42.00 21.23","42.00 21.23 NA","necajeva13","exp1","TA","Eryngium","maritimum",NA,"N","N","Kurzeme coast, Latvia",42,21.23,NA,"Europe",NA,"2008",NA,NA,NA,NA,NA,"chemical",NA,NA,"25/10","room temp warm stratification","12/12","GA3","10",NA,"N",NA,NA,NA,NA,NA,"T50","14.88",NA,NA,NA,NA,"30",NA,"Table 2","in treatments where germination was low, seeds were germinated for up to 3 months; chemical concentration in Mm",14.88,NA,"warm stratification x hormone","10",10,"necajeva13exp1 10"
NA,NA,NA,NA,NA,"17.5","25/10",30,"alternating",25,10,"12/12",12,12,NA,NA,"GA3",NA,NA,NA,NA,"T50","light",NA,"necajeva13exp1","Eryngium_maritimum","42.00 21.23","42.00 21.23 NA","necajeva13","exp1","TA","Eryngium","maritimum",NA,"N","N","Kurzeme coast, Latvia",42,21.23,NA,"Europe",NA,"2008",NA,NA,NA,NA,NA,"chemical",NA,NA,"25/10","room temp warm stratification","12/12","GA3","1",NA,"N",NA,NA,NA,NA,NA,"T50","27.14",NA,NA,NA,NA,"30",NA,"Table 2","in treatments where germination was low, seeds were germinated for up to 3 months; chemical concentration in Mm",27.14,NA,"warm stratification x hormone","1",10,"necajeva13exp1 10"
NA,NA,NA,NA,NA,"17.5","25/10",30,"alternating",25,10,"12/12",12,12,NA,NA,"GA3",NA,NA,NA,NA,"T50","light",NA,"necajeva13exp1","Eryngium_maritimum","42.00 21.23","42.00 21.23 NA","necajeva13","exp1","TA","Eryngium","maritimum",NA,"N","N","Kurzeme coast, Latvia",42,21.23,NA,"Europe",NA,"2008",NA,NA,NA,NA,NA,"chemical",NA,NA,"25/10",NA,"12/12","GA3","1",NA,"N",NA,NA,NA,NA,NA,"T50","117.1",NA,NA,NA,NA,"30",NA,"Table 2","in treatments where germination was low, seeds were germinated for up to 3 months; chemical concentration in Mm",117.1,NA,"warm stratification x hormone","1",10,"necajeva13exp1 10"
NA,NA,NA,NA,NA,"17.5","25/10",30,"alternating",25,10,"12/12",12,12,NA,NA,"GA3",NA,NA,NA,NA,"T50","light",NA,"necajeva13exp1","Eryngium_maritimum","42.00 21.23","42.00 21.23 NA","necajeva13","exp1","TA","Eryngium","maritimum",NA,"N","N","Kurzeme coast, Latvia",42,21.23,NA,"Europe",NA,"2008",NA,NA,NA,NA,NA,"chemical",NA,NA,"25/10",NA,"12/12","GA3","10",NA,"N",NA,NA,NA,NA,NA,"T50","41.35",NA,NA,NA,NA,"30",NA,"Table 2","in treatments where germination was low, seeds were germinated for up to 3 months; chemical concentration in Mm",41.35,NA,"warm stratification x hormone","10",10,"necajeva13exp1 10"
NA,NA,NA,NA,NA,"17.5","25/10",30,"alternating",25,10,"12/12",12,12,NA,NA,"GA3",NA,NA,NA,NA,"T50","light",NA,"necajeva13exp1","Eryngium_maritimum","42.00 21.23","42.00 21.23 NA","necajeva13","exp1","TA","Eryngium","maritimum",NA,"N","N","Kurzeme coast, Latvia",42,21.23,NA,"Europe",NA,"2008",NA,NA,NA,NA,NA,"chemical",NA,NA,"25/10",NA,"12/12","GA3","0.01",NA,"N",NA,NA,NA,NA,NA,"T50","177",NA,NA,NA,NA,"30",NA,"Table 2","in treatments where germination was low, seeds were germinated for up to 3 months; chemical concentration in Mm",177,NA,"warm stratification x hormone","0.01",10,"necajeva13exp1 10"
NA,NA,NA,NA,NA,"17.5","25/10",30,"alternating",25,10,"12/12",12,12,NA,NA,"GA3",NA,NA,NA,NA,"T50","light",NA,"necajeva13exp1","Eryngium_maritimum","42.00 21.23","42.00 21.23 NA","necajeva13","exp1","TA","Eryngium","maritimum",NA,"N","N","Kurzeme coast, Latvia",42,21.23,NA,"Europe",NA,"2008",NA,NA,NA,NA,NA,"chemical",NA,NA,"25/10","room temp warm stratification","12/12","GA3","0.01",NA,"N",NA,NA,NA,NA,NA,"T50","199",NA,NA,NA,NA,"30",NA,"Table 2","in treatments where germination was low, seeds were germinated for up to 3 months; chemical concentration in Mm",199,NA,"warm stratification x hormone","0.01",10,"necajeva13exp1 10"
"5","21",NA,NA,NA,"21","21",30,"constant",21,NA,"16/8",16,8,NA,NA,"GA3",NA,NA,NA,NA,"percent.germ","light",NA,"nasri14exp1","Alstroemeria_ligtu","NA NA","NA NA NA","nasri14","exp1","TA","Alstroemeria","ligtu",NA,"N","N",NA,NA,NA,NA,NA,NA,NA,NA,NA,NA,NA,NA,"GA and stratification","5","21","21","in vitro","16","GA3","400","1440",NA,NA,"Y","water","1440",NA,"per.germ","80",NA,NA,"8","10","30",NA,"Table 1","in vitro = seeds incubated in 250mL jars containing MS medium, supplemented with 1% sucrose and 0.7% agar",80,NA,"culture type x chilling x chemical","400",1,"nasri14exp1 1"
"5","21",NA,NA,NA,"21","21",30,"constant",21,NA,"16/8",16,8,NA,NA,"GA3",NA,NA,NA,NA,"percent.germ","light",NA,"nasri14exp1","Alstroemeria_ligtu","NA NA","NA NA NA","nasri14","exp1","TA","Alstroemeria","ligtu",NA,"N","N",NA,NA,NA,NA,NA,NA,NA,NA,NA,NA,NA,NA,"control","5","21","21","in vitro","16","GA3","0","1440",NA,NA,"Y","water","1440",NA,"per.germ","40",NA,NA,"8","10","30",NA,"Table 1","in vitro = seeds incubated in 250mL jars containing MS medium, supplemented with 1% sucrose and 0.7% agar",40,NA,"culture type x chilling x chemical","0",1,"nasri14exp1 1"
"5","21",NA,NA,NA,"21","21",30,"constant",21,NA,"16/8",16,8,NA,NA,"GA3",NA,NA,NA,NA,"percent.germ","light",NA,"nasri14exp1","Alstroemeria_ligtu","NA NA","NA NA NA","nasri14","exp1","TA","Alstroemeria","ligtu",NA,"N","N",NA,NA,NA,NA,NA,NA,NA,NA,NA,NA,NA,NA,"GA and stratification","5","21","21","in vitro","16","GA3","100","1440",NA,NA,"Y","water","1440",NA,"per.germ","96.5",NA,NA,"8","10","30",NA,"Table 1","in vitro = seeds incubated in 250mL jars containing MS medium, supplemented with 1% sucrose and 0.7% agar",96.5,NA,"culture type x chilling x chemical","100",1,"nasri14exp1 1"
"5","21",NA,NA,NA,"21","21",30,"constant",21,NA,"16/8",16,8,NA,NA,"GA3",NA,NA,NA,NA,"percent.germ","light",NA,"nasri14exp1","Alstroemeria_ligtu","NA NA","NA NA NA","nasri14","exp1","TA","Alstroemeria","ligtu",NA,"N","N",NA,NA,NA,NA,NA,NA,NA,NA,NA,NA,NA,NA,"GA and stratification","5","21","21","in vivo","16","GA3","400","1440",NA,NA,"Y","water","1440",NA,"per.germ","70",NA,NA,"8","10","30",NA,"Table 1",NA,70,NA,"culture type x chilling x chemical","400",1,"nasri14exp1 1"
"5","21",NA,NA,NA,"21","21",30,"constant",21,NA,"16/8",16,8,NA,NA,"GA3",NA,NA,NA,NA,"percent.germ","light",NA,"nasri14exp1","Alstroemeria_ligtu","NA NA","NA NA NA","nasri14","exp1","TA","Alstroemeria","ligtu",NA,"N","N",NA,NA,NA,NA,NA,NA,NA,NA,NA,NA,NA,NA,"GA and stratification","5","21","21","in vivo","16","GA3","200","1440",NA,NA,"Y","water","1440",NA,"per.germ","76.7",NA,NA,"8","10","30",NA,"Table 1",NA,76.7,NA,"culture type x chilling x chemical","200",1,"nasri14exp1 1"
"5","21",NA,NA,NA,"21","21",30,"constant",21,NA,"16/8",16,8,NA,NA,"GA3",NA,NA,NA,NA,"percent.germ","light",NA,"nasri14exp1","Alstroemeria_ligtu","NA NA","NA NA NA","nasri14","exp1","TA","Alstroemeria","ligtu",NA,"N","N",NA,NA,NA,NA,NA,NA,NA,NA,NA,NA,NA,NA,"GA and stratification","5","21","21","in vitro","16","GA3","200","1440",NA,NA,"Y","water","1440",NA,"per.germ","85.7",NA,NA,"8","10","30",NA,"Table 1","in vitro = seeds incubated in 250mL jars containing MS medium, supplemented with 1% sucrose and 0.7% agar",85.7,NA,"culture type x chilling x chemical","200",1,"nasri14exp1 1"
"5","21",NA,NA,NA,"21","21",30,"constant",21,NA,"16/8",16,8,NA,NA,"GA3",NA,NA,NA,NA,"percent.germ","light",NA,"nasri14exp1","Alstroemeria_ligtu","NA NA","NA NA NA","nasri14","exp1","TA","Alstroemeria","ligtu",NA,"N","N",NA,NA,NA,NA,NA,NA,NA,NA,NA,NA,NA,NA,"GA and stratification","5","21","21","in vivo","16","GA3","100","1440",NA,NA,"Y","water","1440",NA,"per.germ","86.67",NA,NA,"8","10","30",NA,"Table 1",NA,86.67,NA,"culture type x chilling x chemical","100",1,"nasri14exp1 1"
"5","21",NA,NA,NA,"21","21",30,"constant",21,NA,"16/8",16,8,NA,NA,"GA3",NA,NA,NA,NA,"percent.germ","light",NA,"nasri14exp1","Alstroemeria_ligtu","NA NA","NA NA NA","nasri14","exp1","TA","Alstroemeria","ligtu",NA,"N","N",NA,NA,NA,NA,NA,NA,NA,NA,NA,NA,NA,NA,"control","5","21","21",NA,"16","GA3","0","1440",NA,NA,"Y","water","1440",NA,"per.germ","36.67",NA,NA,"8","10","30",NA,"Table 1",NA,36.67,NA,"culture type x chilling x chemical","0",1,"nasri14exp1 1"
"5","21",NA,NA,NA,"21","21",30,"constant",21,NA,"16/8",16,8,NA,NA,"GA3",NA,NA,NA,NA,"germ.rate","light",NA,"nasri14exp1","Alstroemeria_ligtu","NA NA","NA NA NA","nasri14","exp1","TA","Alstroemeria","ligtu",NA,"N","N",NA,NA,NA,NA,NA,NA,NA,NA,NA,NA,NA,NA,"GA and stratification","5","21","21","in vitro","16","GA3","400","1440",NA,NA,"Y","water","1440",NA,"germ.rate (days)","0.34",NA,NA,"8","10","30",NA,"Table 1","in vitro = seeds incubated in 250mL jars containing MS medium, supplemented with 1% sucrose and 0.7% agar",0.34,NA,"culture type x chilling x chemical","400",2,"nasri14exp1 2"
"5","21",NA,NA,NA,"21","21",30,"constant",21,NA,"16/8",16,8,NA,NA,"GA3",NA,NA,NA,NA,"germ.rate","light",NA,"nasri14exp1","Alstroemeria_ligtu","NA NA","NA NA NA","nasri14","exp1","TA","Alstroemeria","ligtu",NA,"N","N",NA,NA,NA,NA,NA,NA,NA,NA,NA,NA,NA,NA,"control","5","21","21",NA,"16","GA3","0","1440",NA,NA,"Y","water","1440",NA,"germ.rate (days)","0.17",NA,NA,"8","10","30",NA,"Table 1",NA,0.17,NA,"culture type x chilling x chemical","0",2,"nasri14exp1 2"
"5","21",NA,NA,NA,"21","21",30,"constant",21,NA,"16/8",16,8,NA,NA,"GA3",NA,NA,NA,NA,"germ.rate","light",NA,"nasri14exp1","Alstroemeria_ligtu","NA NA","NA NA NA","nasri14","exp1","TA","Alstroemeria","ligtu",NA,"N","N",NA,NA,NA,NA,NA,NA,NA,NA,NA,NA,NA,NA,"control","5","21","21","in vitro","16","GA3","0","1440",NA,NA,"Y","water","1440",NA,"germ.rate (days)","0.17",NA,NA,"8","10","30",NA,"Table 1","in vitro = seeds incubated in 250mL jars containing MS medium, supplemented with 1% sucrose and 0.7% agar",0.17,NA,"culture type x chilling x chemical","0",2,"nasri14exp1 2"
"5","21",NA,NA,NA,"21","21",30,"constant",21,NA,"16/8",16,8,NA,NA,"GA3",NA,NA,NA,NA,"germ.rate","light",NA,"nasri14exp1","Alstroemeria_ligtu","NA NA","NA NA NA","nasri14","exp1","TA","Alstroemeria","ligtu",NA,"N","N",NA,NA,NA,NA,NA,NA,NA,NA,NA,NA,NA,NA,"GA and stratification","5","21","21","in vitro","16","GA3","100","1440",NA,NA,"Y","water","1440",NA,"germ.rate (days)","0.41",NA,NA,"8","10","30",NA,"Table 1","in vitro = seeds incubated in 250mL jars containing MS medium, supplemented with 1% sucrose and 0.7% agar",0.41,NA,"culture type x chilling x chemical","100",2,"nasri14exp1 2"
"5","21",NA,NA,NA,"21","21",30,"constant",21,NA,"16/8",16,8,NA,NA,"GA3",NA,NA,NA,NA,"germ.rate","light",NA,"nasri14exp1","Alstroemeria_ligtu","NA NA","NA NA NA","nasri14","exp1","TA","Alstroemeria","ligtu",NA,"N","N",NA,NA,NA,NA,NA,NA,NA,NA,NA,NA,NA,NA,"GA and stratification","5","21","21","in vivo","16","GA3","400","1440",NA,NA,"Y","water","1440",NA,"germ.rate (days)","0.3",NA,NA,"8","10","30",NA,"Table 1",NA,0.3,NA,"culture type x chilling x chemical","400",2,"nasri14exp1 2"
"5","21",NA,NA,NA,"21","21",30,"constant",21,NA,"16/8",16,8,NA,NA,"GA3",NA,NA,NA,NA,"germ.rate","light",NA,"nasri14exp1","Alstroemeria_ligtu","NA NA","NA NA NA","nasri14","exp1","TA","Alstroemeria","ligtu",NA,"N","N",NA,NA,NA,NA,NA,NA,NA,NA,NA,NA,NA,NA,"GA and stratification","5","21","21","in vivo","16","GA3","200","1440",NA,NA,"Y","water","1440",NA,"germ.rate (days)","0.34",NA,NA,"8","10","30",NA,"Table 1",NA,0.34,NA,"culture type x chilling x chemical","200",2,"nasri14exp1 2"
"5","21",NA,NA,NA,"21","21",30,"constant",21,NA,"16/8",16,8,NA,NA,"GA3",NA,NA,NA,NA,"germ.rate","light",NA,"nasri14exp1","Alstroemeria_ligtu","NA NA","NA NA NA","nasri14","exp1","TA","Alstroemeria","ligtu",NA,"N","N",NA,NA,NA,NA,NA,NA,NA,NA,NA,NA,NA,NA,"GA and stratification","5","21","21","in vitro","16","GA3","200","1440",NA,NA,"Y","water","1440",NA,"germ.rate (days)","0.36",NA,NA,"8","10","30",NA,"Table 1","in vitro = seeds incubated in 250mL jars containing MS medium, supplemented with 1% sucrose and 0.7% agar",0.36,NA,"culture type x chilling x chemical","200",2,"nasri14exp1 2"
"5","21",NA,NA,NA,"21","21",30,"constant",21,NA,"16/8",16,8,NA,NA,"GA3",NA,NA,NA,NA,"germ.rate","light",NA,"nasri14exp1","Alstroemeria_ligtu","NA NA","NA NA NA","nasri14","exp1","TA","Alstroemeria","ligtu",NA,"N","N",NA,NA,NA,NA,NA,NA,NA,NA,NA,NA,NA,NA,"GA and stratification","5","21","21","in vivo","16","GA3","100","1440",NA,NA,"Y","water","1440",NA,"germ.rate (days)","0.39",NA,NA,"8","10","30",NA,"Table 1",NA,0.39,NA,"culture type x chilling x chemical","100",2,"nasri14exp1 2"
"5","21",NA,NA,NA,"21","21",30,"constant",21,NA,"16/8",16,8,NA,NA,"GA3",NA,NA,NA,NA,"mgt","light",NA,"nasri14exp1","Alstroemeria_ligtu","NA NA","NA NA NA","nasri14","exp1","TA","Alstroemeria","ligtu",NA,"N","N",NA,NA,NA,NA,NA,NA,NA,NA,NA,NA,NA,NA,"GA and stratification","5","21","21","in vitro","16","GA3","400","1440",NA,NA,"Y","water","1440",NA,"MGT","17.41",NA,NA,"8","10","30",NA,"Table 1","in vitro = seeds incubated in 250mL jars containing MS medium, supplemented with 1% sucrose and 0.7% agar",17.41,NA,"culture type x chilling x chemical","400",3,"nasri14exp1 3"
"5","21",NA,NA,NA,"21","21",30,"constant",21,NA,"16/8",16,8,NA,NA,"GA3",NA,NA,NA,NA,"mgt","light",NA,"nasri14exp1","Alstroemeria_ligtu","NA NA","NA NA NA","nasri14","exp1","TA","Alstroemeria","ligtu",NA,"N","N",NA,NA,NA,NA,NA,NA,NA,NA,NA,NA,NA,NA,"control","5","21","21",NA,"16","GA3","0","1440",NA,NA,"Y","water","1440",NA,"MGT","23.5",NA,NA,"8","10","30",NA,"Table 1",NA,23.5,NA,"culture type x chilling x chemical","0",3,"nasri14exp1 3"
"5","21",NA,NA,NA,"21","21",30,"constant",21,NA,"16/8",16,8,NA,NA,"GA3",NA,NA,NA,NA,"mgt","light",NA,"nasri14exp1","Alstroemeria_ligtu","NA NA","NA NA NA","nasri14","exp1","TA","Alstroemeria","ligtu",NA,"N","N",NA,NA,NA,NA,NA,NA,NA,NA,NA,NA,NA,NA,"control","5","21","21","in vitro","16","GA3","0","1440",NA,NA,"Y","water","1440",NA,"MGT","21.73",NA,NA,"8","10","30",NA,"Table 1","in vitro = seeds incubated in 250mL jars containing MS medium, supplemented with 1% sucrose and 0.7% agar",21.73,NA,"culture type x chilling x chemical","0",3,"nasri14exp1 3"
"5","21",NA,NA,NA,"21","21",30,"constant",21,NA,"16/8",16,8,NA,NA,"GA3",NA,NA,NA,NA,"mgt","light",NA,"nasri14exp1","Alstroemeria_ligtu","NA NA","NA NA NA","nasri14","exp1","TA","Alstroemeria","ligtu",NA,"N","N",NA,NA,NA,NA,NA,NA,NA,NA,NA,NA,NA,NA,"GA and stratification","5","21","21","in vitro","16","GA3","200","1440",NA,NA,"Y","water","1440",NA,"MGT","16.75",NA,NA,"8","10","30",NA,"Table 1","in vitro = seeds incubated in 250mL jars containing MS medium, supplemented with 1% sucrose and 0.7% agar",16.75,NA,"culture type x chilling x chemical","200",3,"nasri14exp1 3"
"5","21",NA,NA,NA,"21","21",30,"constant",21,NA,"16/8",16,8,NA,NA,"GA3",NA,NA,NA,NA,"mgt","light",NA,"nasri14exp1","Alstroemeria_ligtu","NA NA","NA NA NA","nasri14","exp1","TA","Alstroemeria","ligtu",NA,"N","N",NA,NA,NA,NA,NA,NA,NA,NA,NA,NA,NA,NA,"GA and stratification","5","21","21","in vitro","16","GA3","100","1440",NA,NA,"Y","water","1440",NA,"MGT","15.05",NA,NA,"8","10","30",NA,"Table 1","in vitro = seeds incubated in 250mL jars containing MS medium, supplemented with 1% sucrose and 0.7% agar",15.05,NA,"culture type x chilling x chemical","100",3,"nasri14exp1 3"
"5","21",NA,NA,NA,"21","21",30,"constant",21,NA,"16/8",16,8,NA,NA,"GA3",NA,NA,NA,NA,"mgt","light",NA,"nasri14exp1","Alstroemeria_ligtu","NA NA","NA NA NA","nasri14","exp1","TA","Alstroemeria","ligtu",NA,"N","N",NA,NA,NA,NA,NA,NA,NA,NA,NA,NA,NA,NA,"GA and stratification","5","21","21","in vivo","16","GA3","400","1440",NA,NA,"Y","water","1440",NA,"MGT","19.84",NA,NA,"8","10","30",NA,"Table 1",NA,19.84,NA,"culture type x chilling x chemical","400",3,"nasri14exp1 3"
"5","21",NA,NA,NA,"21","21",30,"constant",21,NA,"16/8",16,8,NA,NA,"GA3",NA,NA,NA,NA,"mgt","light",NA,"nasri14exp1","Alstroemeria_ligtu","NA NA","NA NA NA","nasri14","exp1","TA","Alstroemeria","ligtu",NA,"N","N",NA,NA,NA,NA,NA,NA,NA,NA,NA,NA,NA,NA,"GA and stratification","5","21","21","in vivo","16","GA3","200","1440",NA,NA,"Y","water","1440",NA,"MGT","18.66",NA,NA,"8","10","30",NA,"Table 1",NA,18.66,NA,"culture type x chilling x chemical","200",3,"nasri14exp1 3"
"5","21",NA,NA,NA,"21","21",30,"constant",21,NA,"16/8",16,8,NA,NA,"GA3",NA,NA,NA,NA,"mgt","light",NA,"nasri14exp1","Alstroemeria_ligtu","NA NA","NA NA NA","nasri14","exp1","TA","Alstroemeria","ligtu",NA,"N","N",NA,NA,NA,NA,NA,NA,NA,NA,NA,NA,NA,NA,"GA and stratification","5","21","21","in vivo","16","GA3","100","1440",NA,NA,"Y","water","1440",NA,"MGT","16.44",NA,NA,"8","10","30",NA,"Table 1",NA,16.44,NA,"culture type x chilling x chemical","100",3,"nasri14exp1 3"
NA,NA,NA,NA,NA,"21","21",30,"constant",21,NA,"16/8",16,8,NA,NA,"GA3",NA,NA,NA,NA,"percent.germ","light",NA,"nasri14exp1","Alstroemeria_ligtu","NA NA","NA NA NA","nasri14","exp1","TA","Alstroemeria","ligtu",NA,"N","N",NA,NA,NA,NA,NA,NA,NA,NA,NA,NA,NA,NA,"GA and no stratification",NA,NA,"21","in vivo","16","GA3","100","1440",NA,NA,"Y","water","1440",NA,"per.germ","13.33",NA,NA,"8","10","30",NA,"Table 1",NA,13.33,NA,"culture type x chilling x chemical","100",4,"nasri14exp1 4"
NA,NA,NA,NA,NA,"21","21",30,"constant",21,NA,"16/8",16,8,NA,NA,"GA3",NA,NA,NA,NA,"percent.germ","light",NA,"nasri14exp1","Alstroemeria_ligtu","NA NA","NA NA NA","nasri14","exp1","TA","Alstroemeria","ligtu",NA,"N","N",NA,NA,NA,NA,NA,NA,NA,NA,NA,NA,NA,NA,"GA and no stratification",NA,NA,"21","in vitro","16","GA3","400","1440",NA,NA,"Y","water","1440",NA,"per.germ","17",NA,NA,"8","10","30",NA,"Table 1","in vitro = seeds incubated in 250mL jars containing MS medium, supplemented with 1% sucrose and 0.7% agar",17,NA,"culture type x chilling x chemical","400",4,"nasri14exp1 4"
NA,NA,NA,NA,NA,"21","21",30,"constant",21,NA,"16/8",16,8,NA,NA,"GA3",NA,NA,NA,NA,"percent.germ","light",NA,"nasri14exp1","Alstroemeria_ligtu","NA NA","NA NA NA","nasri14","exp1","TA","Alstroemeria","ligtu",NA,"N","N",NA,NA,NA,NA,NA,NA,NA,NA,NA,NA,NA,NA,"control",NA,NA,"21",NA,"16","GA3","0","1440",NA,NA,"Y","water","1440",NA,"per.germ","0",NA,NA,"8","10","30",NA,"Table 1",NA,0,NA,"culture type x chilling x chemical","0",4,"nasri14exp1 4"
NA,NA,NA,NA,NA,"21","21",30,"constant",21,NA,"16/8",16,8,NA,NA,"GA3",NA,NA,NA,NA,"percent.germ","light",NA,"nasri14exp1","Alstroemeria_ligtu","NA NA","NA NA NA","nasri14","exp1","TA","Alstroemeria","ligtu",NA,"N","N",NA,NA,NA,NA,NA,NA,NA,NA,NA,NA,NA,NA,"control",NA,NA,"21","in vitro","16","GA3","0","1440",NA,NA,"Y","water","1440",NA,"per.germ","0",NA,NA,"8","10","30",NA,"Table 1","in vitro = seeds incubated in 250mL jars containing MS medium, supplemented with 1% sucrose and 0.7% agar",0,NA,"culture type x chilling x chemical","0",4,"nasri14exp1 4"
NA,NA,NA,NA,NA,"21","21",30,"constant",21,NA,"16/8",16,8,NA,NA,"GA3",NA,NA,NA,NA,"percent.germ","light",NA,"nasri14exp1","Alstroemeria_ligtu","NA NA","NA NA NA","nasri14","exp1","TA","Alstroemeria","ligtu",NA,"N","N",NA,NA,NA,NA,NA,NA,NA,NA,NA,NA,NA,NA,"GA and no stratification",NA,NA,"21","in vitro","16","GA3","200","1440",NA,NA,"Y","water","1440",NA,"per.germ","15",NA,NA,"8","10","30",NA,"Table 1","in vitro = seeds incubated in 250mL jars containing MS medium, supplemented with 1% sucrose and 0.7% agar",15,NA,"culture type x chilling x chemical","200",4,"nasri14exp1 4"
NA,NA,NA,NA,NA,"21","21",30,"constant",21,NA,"16/8",16,8,NA,NA,"GA3",NA,NA,NA,NA,"percent.germ","light",NA,"nasri14exp1","Alstroemeria_ligtu","NA NA","NA NA NA","nasri14","exp1","TA","Alstroemeria","ligtu",NA,"N","N",NA,NA,NA,NA,NA,NA,NA,NA,NA,NA,NA,NA,"GA and no stratification",NA,NA,"21","in vitro","16","GA3","100","1440",NA,NA,"Y","water","1440",NA,"per.germ","16.55",NA,NA,"8","10","30",NA,"Table 1","in vitro = seeds incubated in 250mL jars containing MS medium, supplemented with 1% sucrose and 0.7% agar",16.55,NA,"culture type x chilling x chemical","100",4,"nasri14exp1 4"
NA,NA,NA,NA,NA,"21","21",30,"constant",21,NA,"16/8",16,8,NA,NA,"GA3",NA,NA,NA,NA,"percent.germ","light",NA,"nasri14exp1","Alstroemeria_ligtu","NA NA","NA NA NA","nasri14","exp1","TA","Alstroemeria","ligtu",NA,"N","N",NA,NA,NA,NA,NA,NA,NA,NA,NA,NA,NA,NA,"GA and no stratification",NA,NA,"21","in vivo","16","GA3","400","1440",NA,NA,"Y","water","1440",NA,"per.germ","15.5",NA,NA,"8","10","30",NA,"Table 1",NA,15.5,NA,"culture type x chilling x chemical","400",4,"nasri14exp1 4"
NA,NA,NA,NA,NA,"21","21",30,"constant",21,NA,"16/8",16,8,NA,NA,"GA3",NA,NA,NA,NA,"percent.germ","light",NA,"nasri14exp1","Alstroemeria_ligtu","NA NA","NA NA NA","nasri14","exp1","TA","Alstroemeria","ligtu",NA,"N","N",NA,NA,NA,NA,NA,NA,NA,NA,NA,NA,NA,NA,"GA and no stratification",NA,NA,"21","in vivo","16","GA3","200","1440",NA,NA,"Y","water","1440",NA,"per.germ","10",NA,NA,"8","10","30",NA,"Table 1",NA,10,NA,"culture type x chilling x chemical","200",4,"nasri14exp1 4"
NA,NA,NA,NA,NA,"21","21",30,"constant",21,NA,"16/8",16,8,NA,NA,"GA3",NA,NA,NA,NA,"germ.rate","light",NA,"nasri14exp1","Alstroemeria_ligtu","NA NA","NA NA NA","nasri14","exp1","TA","Alstroemeria","ligtu",NA,"N","N",NA,NA,NA,NA,NA,NA,NA,NA,NA,NA,NA,NA,"GA and no stratification",NA,NA,"21","in vivo","16","GA3","100","1440",NA,NA,"Y","water","1440",NA,"germ.rate (days)","0.026",NA,NA,"8","10","30",NA,"Table 1",NA,0.026,NA,"culture type x chilling x chemical","100",5,"nasri14exp1 5"
NA,NA,NA,NA,NA,"21","21",30,"constant",21,NA,"16/8",16,8,NA,NA,"GA3",NA,NA,NA,NA,"germ.rate","light",NA,"nasri14exp1","Alstroemeria_ligtu","NA NA","NA NA NA","nasri14","exp1","TA","Alstroemeria","ligtu",NA,"N","N",NA,NA,NA,NA,NA,NA,NA,NA,NA,NA,NA,NA,"GA and no stratification",NA,NA,"21","in vitro","16","GA3","400","1440",NA,NA,"Y","water","1440",NA,"germ.rate (days)","0.044",NA,NA,"8","10","30",NA,"Table 1","in vitro = seeds incubated in 250mL jars containing MS medium, supplemented with 1% sucrose and 0.7% agar",0.044,NA,"culture type x chilling x chemical","400",5,"nasri14exp1 5"
NA,NA,NA,NA,NA,"21","21",30,"constant",21,NA,"16/8",16,8,NA,NA,"GA3",NA,NA,NA,NA,"germ.rate","light",NA,"nasri14exp1","Alstroemeria_ligtu","NA NA","NA NA NA","nasri14","exp1","TA","Alstroemeria","ligtu",NA,"N","N",NA,NA,NA,NA,NA,NA,NA,NA,NA,NA,NA,NA,"control",NA,NA,"21",NA,"16","GA3","0","1440",NA,NA,"Y","water","1440",NA,"germ.rate (days)","0",NA,NA,"8","10","30",NA,"Table 1",NA,0,NA,"culture type x chilling x chemical","0",5,"nasri14exp1 5"
NA,NA,NA,NA,NA,"21","21",30,"constant",21,NA,"16/8",16,8,NA,NA,"GA3",NA,NA,NA,NA,"germ.rate","light",NA,"nasri14exp1","Alstroemeria_ligtu","NA NA","NA NA NA","nasri14","exp1","TA","Alstroemeria","ligtu",NA,"N","N",NA,NA,NA,NA,NA,NA,NA,NA,NA,NA,NA,NA,"GA and no stratification",NA,NA,"21","in vivo","16","GA3","200","1440",NA,NA,"Y","water","1440",NA,"germ.rate (days)","0.019",NA,NA,"8","10","30",NA,"Table 1",NA,0.019,NA,"culture type x chilling x chemical","200",5,"nasri14exp1 5"
NA,NA,NA,NA,NA,"21","21",30,"constant",21,NA,"16/8",16,8,NA,NA,"GA3",NA,NA,NA,NA,"germ.rate","light",NA,"nasri14exp1","Alstroemeria_ligtu","NA NA","NA NA NA","nasri14","exp1","TA","Alstroemeria","ligtu",NA,"N","N",NA,NA,NA,NA,NA,NA,NA,NA,NA,NA,NA,NA,"control",NA,NA,"21","in vitro","16","GA3","0","1440",NA,NA,"Y","water","1440",NA,"germ.rate (days)","0",NA,NA,"8","10","30",NA,"Table 1","in vitro = seeds incubated in 250mL jars containing MS medium, supplemented with 1% sucrose and 0.7% agar",0,NA,"culture type x chilling x chemical","0",5,"nasri14exp1 5"
NA,NA,NA,NA,NA,"21","21",30,"constant",21,NA,"16/8",16,8,NA,NA,"GA3",NA,NA,NA,NA,"germ.rate","light",NA,"nasri14exp1","Alstroemeria_ligtu","NA NA","NA NA NA","nasri14","exp1","TA","Alstroemeria","ligtu",NA,"N","N",NA,NA,NA,NA,NA,NA,NA,NA,NA,NA,NA,NA,"GA and no stratification",NA,NA,"21","in vitro","16","GA3","200","1440",NA,NA,"Y","water","1440",NA,"germ.rate (days)","0.025",NA,NA,"8","10","30",NA,"Table 1","in vitro = seeds incubated in 250mL jars containing MS medium, supplemented with 1% sucrose and 0.7% agar",0.025,NA,"culture type x chilling x chemical","200",5,"nasri14exp1 5"
NA,NA,NA,NA,NA,"21","21",30,"constant",21,NA,"16/8",16,8,NA,NA,"GA3",NA,NA,NA,NA,"germ.rate","light",NA,"nasri14exp1","Alstroemeria_ligtu","NA NA","NA NA NA","nasri14","exp1","TA","Alstroemeria","ligtu",NA,"N","N",NA,NA,NA,NA,NA,NA,NA,NA,NA,NA,NA,NA,"GA and no stratification",NA,NA,"21","in vitro","16","GA3","100","1440",NA,NA,"Y","water","1440",NA,"germ.rate (days)","0.033",NA,NA,"8","10","30",NA,"Table 1","in vitro = seeds incubated in 250mL jars containing MS medium, supplemented with 1% sucrose and 0.7% agar",0.033,NA,"culture type x chilling x chemical","100",5,"nasri14exp1 5"
NA,NA,NA,NA,NA,"21","21",30,"constant",21,NA,"16/8",16,8,NA,NA,"GA3",NA,NA,NA,NA,"germ.rate","light",NA,"nasri14exp1","Alstroemeria_ligtu","NA NA","NA NA NA","nasri14","exp1","TA","Alstroemeria","ligtu",NA,"N","N",NA,NA,NA,NA,NA,NA,NA,NA,NA,NA,NA,NA,"GA and no stratification",NA,NA,"21","in vivo","16","GA3","400","1440",NA,NA,"Y","water","1440",NA,"germ.rate (days)","0.033",NA,NA,"8","10","30",NA,"Table 1",NA,0.033,NA,"culture type x chilling x chemical","400",5,"nasri14exp1 5"
NA,NA,NA,NA,NA,"21","21",30,"constant",21,NA,"16/8",16,8,NA,NA,"GA3",NA,NA,NA,NA,"mgt","light",NA,"nasri14exp1","Alstroemeria_ligtu","NA NA","NA NA NA","nasri14","exp1","TA","Alstroemeria","ligtu",NA,"N","N",NA,NA,NA,NA,NA,NA,NA,NA,NA,NA,NA,NA,"GA and no stratification",NA,NA,"21","in vivo","16","GA3","100","1440",NA,NA,"Y","water","1440",NA,"MGT","49.83",NA,NA,"8","10","30",NA,"Table 1",NA,49.83,NA,"culture type x chilling x chemical","100",6,"nasri14exp1 6"
NA,NA,NA,NA,NA,"21","21",30,"constant",21,NA,"16/8",16,8,NA,NA,"GA3",NA,NA,NA,NA,"mgt","light",NA,"nasri14exp1","Alstroemeria_ligtu","NA NA","NA NA NA","nasri14","exp1","TA","Alstroemeria","ligtu",NA,"N","N",NA,NA,NA,NA,NA,NA,NA,NA,NA,NA,NA,NA,"GA and no stratification",NA,NA,"21","in vivo","16","GA3","400","1440",NA,NA,"Y","water","1440",NA,"MGT","44.1",NA,NA,"8","10","30",NA,"Table 1",NA,44.1,NA,"culture type x chilling x chemical","400",6,"nasri14exp1 6"
NA,NA,NA,NA,NA,"21","21",30,"constant",21,NA,"16/8",16,8,NA,NA,"GA3",NA,NA,NA,NA,"mgt","light",NA,"nasri14exp1","Alstroemeria_ligtu","NA NA","NA NA NA","nasri14","exp1","TA","Alstroemeria","ligtu",NA,"N","N",NA,NA,NA,NA,NA,NA,NA,NA,NA,NA,NA,NA,"GA and no stratification",NA,NA,"21","in vitro","16","GA3","400","1440",NA,NA,"Y","water","1440",NA,"MGT","38.5",NA,NA,"8","10","30",NA,"Table 1","in vitro = seeds incubated in 250mL jars containing MS medium, supplemented with 1% sucrose and 0.7% agar",38.5,NA,"culture type x chilling x chemical","400",6,"nasri14exp1 6"
NA,NA,NA,NA,NA,"21","21",30,"constant",21,NA,"16/8",16,8,NA,NA,"GA3",NA,NA,NA,NA,"mgt","light",NA,"nasri14exp1","Alstroemeria_ligtu","NA NA","NA NA NA","nasri14","exp1","TA","Alstroemeria","ligtu",NA,"N","N",NA,NA,NA,NA,NA,NA,NA,NA,NA,NA,NA,NA,"control",NA,NA,"21",NA,"16","GA3","0","1440",NA,NA,"Y","water","1440",NA,"MGT","0",NA,NA,"8","10","30",NA,"Table 1",NA,0,NA,"culture type x chilling x chemical","0",6,"nasri14exp1 6"
NA,NA,NA,NA,NA,"21","21",30,"constant",21,NA,"16/8",16,8,NA,NA,"GA3",NA,NA,NA,NA,"mgt","light",NA,"nasri14exp1","Alstroemeria_ligtu","NA NA","NA NA NA","nasri14","exp1","TA","Alstroemeria","ligtu",NA,"N","N",NA,NA,NA,NA,NA,NA,NA,NA,NA,NA,NA,NA,"GA and no stratification",NA,NA,"21","in vivo","16","GA3","200","1440",NA,NA,"Y","water","1440",NA,"MGT","48.92",NA,NA,"8","10","30",NA,"Table 1",NA,48.92,NA,"culture type x chilling x chemical","200",6,"nasri14exp1 6"
NA,NA,NA,NA,NA,"21","21",30,"constant",21,NA,"16/8",16,8,NA,NA,"GA3",NA,NA,NA,NA,"mgt","light",NA,"nasri14exp1","Alstroemeria_ligtu","NA NA","NA NA NA","nasri14","exp1","TA","Alstroemeria","ligtu",NA,"N","N",NA,NA,NA,NA,NA,NA,NA,NA,NA,NA,NA,NA,"control",NA,NA,"21","in vitro","16","GA3","0","1440",NA,NA,"Y","water","1440",NA,"MGT","0",NA,NA,"8","10","30",NA,"Table 1","in vitro = seeds incubated in 250mL jars containing MS medium, supplemented with 1% sucrose and 0.7% agar",0,NA,"culture type x chilling x chemical","0",6,"nasri14exp1 6"
NA,NA,NA,NA,NA,"21","21",30,"constant",21,NA,"16/8",16,8,NA,NA,"GA3",NA,NA,NA,NA,"mgt","light",NA,"nasri14exp1","Alstroemeria_ligtu","NA NA","NA NA NA","nasri14","exp1","TA","Alstroemeria","ligtu",NA,"N","N",NA,NA,NA,NA,NA,NA,NA,NA,NA,NA,NA,NA,"GA and no stratification",NA,NA,"21","in vitro","16","GA3","200","1440",NA,NA,"Y","water","1440",NA,"MGT","43.17",NA,NA,"8","10","30",NA,"Table 1","in vitro = seeds incubated in 250mL jars containing MS medium, supplemented with 1% sucrose and 0.7% agar",43.17,NA,"culture type x chilling x chemical","200",6,"nasri14exp1 6"
NA,NA,NA,NA,NA,"21","21",30,"constant",21,NA,"16/8",16,8,NA,NA,"GA3",NA,NA,NA,NA,"mgt","light",NA,"nasri14exp1","Alstroemeria_ligtu","NA NA","NA NA NA","nasri14","exp1","TA","Alstroemeria","ligtu",NA,"N","N",NA,NA,NA,NA,NA,NA,NA,NA,NA,NA,NA,NA,"GA and no stratification",NA,NA,"21","in vitro","16","GA3","100","1440",NA,NA,"Y","water","1440",NA,"MGT","47.5",NA,NA,"8","10","30",NA,"Table 1","in vitro = seeds incubated in 250mL jars containing MS medium, supplemented with 1% sucrose and 0.7% agar",47.5,NA,"culture type x chilling x chemical","100",6,"nasri14exp1 6"
NA,NA,NA,NA,NA,"24","24",28,"constant",24,NA,"16/8",16,8,NA,NA,"GA3",NA,NA,NA,NA,"percent.germ","light",NA,"moradi12exp1","Dracocephalum_kotschyi","NA NA","NA NA NA","moradi12","exp1","MN","Dracocephalum","kotschyi",NA,"N","N",NA,NA,NA,NA,NA,NA,NA,NA,NA,NA,NA,NA,"GA3",NA,NA,"24",NA,"16","GA3","5",NA,NA,NA,NA,NA,NA,NA,"per.germ","83.22",NA,NA,"5",NA,"28",NA,"Table 1","Seeds are from the Collection of the shahid Fozveh Agricultural Research Center",83.22,NA,"hormone","5",4,"moradi12exp1 4"
NA,NA,NA,NA,NA,"24","24",28,"constant",24,NA,"16/8",16,8,NA,NA,"GA3",NA,NA,NA,NA,"percent.germ","light",NA,"moradi12exp1","Dracocephalum_kotschyi","NA NA","NA NA NA","moradi12","exp1","MN","Dracocephalum","kotschyi",NA,"N","N",NA,NA,NA,NA,NA,NA,NA,NA,NA,NA,NA,NA,"GA3",NA,NA,"24",NA,"16","GA3","15",NA,NA,NA,NA,NA,NA,NA,"per.germ","86.22",NA,NA,"5",NA,"28",NA,"Table 1","Seeds are from the Collection of the shahid Fozveh Agricultural Research Center",86.22,NA,"hormone","15",4,"moradi12exp1 4"
NA,NA,NA,NA,NA,"24","24",28,"constant",24,NA,"16/8",16,8,NA,NA,"GA3",NA,NA,NA,NA,"percent.germ","light",NA,"moradi12exp1","Dracocephalum_kotschyi","NA NA","NA NA NA","moradi12","exp1","MN","Dracocephalum","kotschyi",NA,"N","N",NA,NA,NA,NA,NA,NA,NA,NA,NA,NA,NA,NA,"GA3",NA,NA,"24",NA,"16","GA3","5",NA,NA,NA,NA,NA,NA,NA,"per.germ","38",NA,NA,"5",NA,"28",NA,"Table 3","Seeds are from the Collection of the shahid Fozveh Agricultural Research Center",38,NA,"hormone","5",4,"moradi12exp1 4"
NA,NA,NA,NA,NA,"24","24",28,"constant",24,NA,"16/8",16,8,NA,NA,"GA3",NA,NA,NA,NA,"percent.germ","light",NA,"moradi12exp1","Dracocephalum_kotschyi","NA NA","NA NA NA","moradi12","exp1","MN","Dracocephalum","kotschyi",NA,"N","N",NA,NA,NA,NA,NA,NA,NA,NA,NA,NA,NA,NA,"GA3",NA,NA,"24",NA,"16","GA3","15",NA,NA,NA,NA,NA,NA,NA,"per.germ","44.89",NA,NA,"5",NA,"28",NA,"Table 3","Seeds are from the Collection of the shahid Fozveh Agricultural Research Center",44.89,NA,"hormone","15",4,"moradi12exp1 4"
NA,NA,NA,NA,NA,"24","24",14,"constant",24,NA,"16/8",16,8,NA,NA,"GA3",NA,NA,NA,NA,"percent.germ","light",NA,"moradi12exp1","Dracocephalum_kotschyi","NA NA","NA NA NA","moradi12","exp1","MN","Dracocephalum","kotschyi",NA,"N","N",NA,NA,NA,NA,NA,NA,NA,NA,NA,NA,NA,NA,"GA3",NA,NA,"24",NA,"16","GA3","5",NA,NA,NA,NA,NA,NA,NA,"per.germ","83.22",NA,NA,"5",NA,"14",NA,"Table 3","Seeds are from the Collection of the shahid Fozveh Agricultural Research Center",83.22,NA,"hormone","5",10,"moradi12exp1 10"
NA,NA,NA,NA,NA,"24","24",14,"constant",24,NA,"16/8",16,8,NA,NA,"GA3",NA,NA,NA,NA,"percent.germ","light",NA,"moradi12exp1","Dracocephalum_kotschyi","NA NA","NA NA NA","moradi12","exp1","MN","Dracocephalum","kotschyi",NA,"N","N",NA,NA,NA,NA,NA,NA,NA,NA,NA,NA,NA,NA,"GA3",NA,NA,"24",NA,"16","GA3","15",NA,NA,NA,NA,NA,NA,NA,"per.germ","86.22",NA,NA,"5",NA,"14",NA,"Table 3","Seeds are from the Collection of the shahid Fozveh Agricultural Research Center",86.22,NA,"hormone","15",10,"moradi12exp1 10"
NA,NA,NA,NA,NA,"24","24",21,"constant",24,NA,"16/8",16,8,NA,NA,"GA3",NA,NA,NA,NA,"percent.germ","light",NA,"moradi12exp1","Dracocephalum_kotschyi","NA NA","NA NA NA","moradi12","exp1","MN","Dracocephalum","kotschyi",NA,"N","N",NA,NA,NA,NA,NA,NA,NA,NA,NA,NA,NA,NA,"GA3",NA,NA,"24",NA,"16","GA3","5",NA,NA,NA,NA,NA,NA,NA,"per.germ","76.32",NA,NA,"5",NA,"21",NA,"Table 3","Seeds are from the Collection of the shahid Fozveh Agricultural Research Center",76.32,NA,"hormone","5",16,"moradi12exp1 16"
NA,NA,NA,NA,NA,"24","24",21,"constant",24,NA,"16/8",16,8,NA,NA,"GA3",NA,NA,NA,NA,"percent.germ","light",NA,"moradi12exp1","Dracocephalum_kotschyi","NA NA","NA NA NA","moradi12","exp1","MN","Dracocephalum","kotschyi",NA,"N","N",NA,NA,NA,NA,NA,NA,NA,NA,NA,NA,NA,NA,"GA3",NA,NA,"24",NA,"16","GA3","15",NA,NA,NA,NA,NA,NA,NA,"per.germ","82.33",NA,NA,"5",NA,"21",NA,"Table 3","Seeds are from the Collection of the shahid Fozveh Agricultural Research Center",82.33,NA,"hormone","15",16,"moradi12exp1 16"
NA,NA,NA,NA,NA,NA,NA,45,"constant",NA,NA,"16/8",16,8,NA,NA,"GA3",NA,NA,"18","180","percent.germ","light",NA,"rahnama-ghahfarokhi07exp1","Ferula_gummosa","32.33 50.86","32.33 50.86 NA","rahnama-ghahfarokhi07","exp1","MN","Ferula","gummosa",NA,"N","N","Shahrekord, Iran",32.33,50.86,NA,"Asia",NA,"2005","2006",NA,"180",NA,"18","chemical stratification",NA,NA,NA,NA,"16/8","GA3","250","3","N",NA,"Y","5% NaOCl","5",NA,"per.germ","11",NA,NA,"3","25","45",NA,"Table 1",NA,11,NA,"hormone","250",4,"rahnama-ghahfarokhi07exp1 4"
NA,NA,NA,NA,NA,NA,NA,45,"constant",NA,NA,"16/8",16,8,NA,NA,"GA3",NA,NA,"18","180","percent.germ","light",NA,"rahnama-ghahfarokhi07exp1","Ferula_gummosa","32.33 50.86","32.33 50.86 NA","rahnama-ghahfarokhi07","exp1","MN","Ferula","gummosa",NA,"N","N","Shahrekord, Iran",32.33,50.86,NA,"Asia",NA,"2005","2006",NA,"180",NA,"18","chemical stratification",NA,NA,NA,NA,"16/9","GA3","500","3","N",NA,"Y","5% NaOCl","5",NA,"per.germ","37",NA,NA,"3","25","45",NA,"Table 1",NA,37,NA,"hormone","500",4,"rahnama-ghahfarokhi07exp1 4"
NA,NA,NA,NA,NA,NA,NA,45,"constant",NA,NA,"16/8",16,8,NA,NA,"GA3",NA,NA,"18","180","percent.germ","light",NA,"rahnama-ghahfarokhi07exp1","Ferula_gummosa","32.33 50.86","32.33 50.86 NA","rahnama-ghahfarokhi07","exp1","MN","Ferula","gummosa",NA,"N","N","Shahrekord, Iran",32.33,50.86,NA,"Asia",NA,"2005","2006",NA,"180",NA,"18","chemical stratification",NA,NA,NA,NA,"16/10","GA3","1000","3","N",NA,"Y","5% NaOCl","5",NA,"per.germ","41",NA,NA,"3","25","45",NA,"Table 1",NA,41,NA,"hormone","1000",4,"rahnama-ghahfarokhi07exp1 4"
"5","40",NA,NA,NA,"25","25",45,"constant",25,NA,"16/8",16,8,NA,NA,"GA3",NA,NA,"18","180","percent.germ","light",NA,"rahnama-ghahfarokhi07exp1","Ferula_gummosa","32.33 50.86","32.33 50.86 NA","rahnama-ghahfarokhi07","exp1","MN","Ferula","gummosa",NA,"N","N","Shahrekord, Iran",32.33,50.86,NA,"Asia",NA,"2005","2006",NA,"180",NA,"18","Cold stratification","5","40","25","Chemical stratification","16/10","GA3","500","3","N",NA,"Y","5% NaOCl","5",NA,"per.germ","71",NA,NA,"3","25","45",NA,"Table 1",NA,71,NA,"cold stratification + hormone","500",5,"rahnama-ghahfarokhi07exp1 5"
"5","40",NA,NA,NA,"25","25",45,"constant",25,NA,"16/8",16,8,NA,NA,"GA3",NA,NA,"18","180","percent.germ","light",NA,"rahnama-ghahfarokhi07exp1","Ferula_gummosa","32.33 50.86","32.33 50.86 NA","rahnama-ghahfarokhi07","exp1","MN","Ferula","gummosa",NA,"N","N","Shahrekord, Iran",32.33,50.86,NA,"Asia",NA,"2005","2006",NA,"180",NA,"18","Cold stratification","5","40","25","Chemical stratification","16/10","GA3","1000","3","N",NA,"Y","5% NaOCl","5",NA,"per.germ","75",NA,NA,"3","25","45",NA,"Table 1",NA,75,NA,"cold stratification + hormone","1000",5,"rahnama-ghahfarokhi07exp1 5"
"5","40",NA,NA,NA,"25","25",45,"constant",25,NA,"16/8",16,8,NA,NA,"GA3",NA,NA,"18","180","percent.germ","light",NA,"rahnama-ghahfarokhi07exp1","Ferula_gummosa","32.33 50.86","32.33 50.86 NA","rahnama-ghahfarokhi07","exp1","MN","Ferula","gummosa",NA,"N","N","Shahrekord, Iran",32.33,50.86,NA,"Asia",NA,"2005","2006",NA,"180",NA,"18","Cold stratification","5","40","25","Chemical stratification","16/10","GA3","250","3","N",NA,"Y","5% NaOCl","5",NA,"per.germ","69",NA,NA,"3","25","45",NA,"Table 1",NA,69,NA,"cold stratification + hormone","250",5,"rahnama-ghahfarokhi07exp1 5"
NA,NA,NA,NA,NA,NA,NA,45,"constant",NA,NA,"16/8",16,8,NA,NA,"GA3",NA,NA,"18","180","mgt","light",NA,"rahnama-ghahfarokhi07exp1","Ferula_gummosa","32.33 50.86","32.33 50.86 NA","rahnama-ghahfarokhi07","exp1","MN","Ferula","gummosa",NA,"N","N","Shahrekord, Iran",32.33,50.86,NA,"Asia",NA,"2005","2006",NA,"180",NA,"18","chemical stratification",NA,NA,NA,NA,"16/10","GA3","1000","3","N",NA,"Y","5% NaOCl","5",NA,"mean germ.time","13.9",NA,NA,"3","25","45",NA,"Table 1",NA,13.9,NA,"hormone","1000",10,"rahnama-ghahfarokhi07exp1 10"
NA,NA,NA,NA,NA,NA,NA,45,"constant",NA,NA,"16/8",16,8,NA,NA,"GA3",NA,NA,"18","180","mgt","light",NA,"rahnama-ghahfarokhi07exp1","Ferula_gummosa","32.33 50.86","32.33 50.86 NA","rahnama-ghahfarokhi07","exp1","MN","Ferula","gummosa",NA,"N","N","Shahrekord, Iran",32.33,50.86,NA,"Asia",NA,"2005","2006",NA,"180",NA,"18","chemical stratification",NA,NA,NA,NA,"16/8","GA3","250","3","N",NA,"Y","5% NaOCl","5",NA,"mean germ.time","7.11",NA,NA,"3","25","45",NA,"Table 1",NA,7.11,NA,"hormone","250",10,"rahnama-ghahfarokhi07exp1 10"
NA,NA,NA,NA,NA,NA,NA,45,"constant",NA,NA,"16/8",16,8,NA,NA,"GA3",NA,NA,"18","180","mgt","light",NA,"rahnama-ghahfarokhi07exp1","Ferula_gummosa","32.33 50.86","32.33 50.86 NA","rahnama-ghahfarokhi07","exp1","MN","Ferula","gummosa",NA,"N","N","Shahrekord, Iran",32.33,50.86,NA,"Asia",NA,"2005","2006",NA,"180",NA,"18","chemical stratification",NA,NA,NA,NA,"16/9","GA3","500","3","N",NA,"Y","5% NaOCl","5",NA,"mean germ.time","7.9",NA,NA,"3","25","45",NA,"Table 1",NA,7.9,NA,"hormone","500",10,"rahnama-ghahfarokhi07exp1 10"
"5","40",NA,NA,NA,"25","25",45,"constant",25,NA,"16/8",16,8,NA,NA,"GA3",NA,NA,"18","180","mgt","light",NA,"rahnama-ghahfarokhi07exp1","Ferula_gummosa","32.33 50.86","32.33 50.86 NA","rahnama-ghahfarokhi07","exp1","MN","Ferula","gummosa",NA,"N","N","Shahrekord, Iran",32.33,50.86,NA,"Asia",NA,"2005","2006",NA,"180",NA,"18","Cold stratification","5","40","25","Chemical stratification","16/10","GA3","250","3","N",NA,"Y","5% NaOCl","5",NA,"mean germ.time","14.2",NA,NA,"3","25","45",NA,"Table 1",NA,14.2,NA,"cold stratification + hormone","250",11,"rahnama-ghahfarokhi07exp1 11"
"5","40",NA,NA,NA,"25","25",45,"constant",25,NA,"16/8",16,8,NA,NA,"GA3",NA,NA,"18","180","mgt","light",NA,"rahnama-ghahfarokhi07exp1","Ferula_gummosa","32.33 50.86","32.33 50.86 NA","rahnama-ghahfarokhi07","exp1","MN","Ferula","gummosa",NA,"N","N","Shahrekord, Iran",32.33,50.86,NA,"Asia",NA,"2005","2006",NA,"180",NA,"18","Cold stratification","5","40","25","Chemical stratification","16/10","GA3","500","3","N",NA,"Y","5% NaOCl","5",NA,"mean germ.time","14.9",NA,NA,"3","25","45",NA,"Table 1",NA,14.9,NA,"cold stratification + hormone","500",11,"rahnama-ghahfarokhi07exp1 11"
"5","40",NA,NA,NA,"25","25",45,"constant",25,NA,"16/8",16,8,NA,NA,"GA3",NA,NA,"18","180","mgt","light",NA,"rahnama-ghahfarokhi07exp1","Ferula_gummosa","32.33 50.86","32.33 50.86 NA","rahnama-ghahfarokhi07","exp1","MN","Ferula","gummosa",NA,"N","N","Shahrekord, Iran",32.33,50.86,NA,"Asia",NA,"2005","2006",NA,"180",NA,"18","Cold stratification","5","40","25","Chemical stratification","16/10","GA3","1000","3","N",NA,"Y","5% NaOCl","5",NA,"mean germ.time","14.9",NA,NA,"3","25","45",NA,"Table 1",NA,14.9,NA,"cold stratification + hormone","1000",11,"rahnama-ghahfarokhi07exp1 11"
NA,NA,NA,NA,NA,NA,NA,45,"constant",NA,NA,"16/8",16,8,NA,NA,"GA3",NA,NA,"18","180","germ.rate","light",NA,"rahnama-ghahfarokhi07exp1","Ferula_gummosa","32.33 50.86","32.33 50.86 NA","rahnama-ghahfarokhi07","exp1","MN","Ferula","gummosa",NA,"N","N","Shahrekord, Iran",32.33,50.86,NA,"Asia",NA,"2005","2006",NA,"180",NA,"18","chemical stratification",NA,NA,NA,NA,"16/9","GA3","500","3","N",NA,"Y","5% NaOCl","5",NA,"germ.rate","0.126",NA,NA,"3","25","45",NA,"Table 1",NA,0.126,NA,"hormone","500",16,"rahnama-ghahfarokhi07exp1 16"
NA,NA,NA,NA,NA,NA,NA,45,"constant",NA,NA,"16/8",16,8,NA,NA,"GA3",NA,NA,"18","180","germ.rate","light",NA,"rahnama-ghahfarokhi07exp1","Ferula_gummosa","32.33 50.86","32.33 50.86 NA","rahnama-ghahfarokhi07","exp1","MN","Ferula","gummosa",NA,"N","N","Shahrekord, Iran",32.33,50.86,NA,"Asia",NA,"2005","2006",NA,"180",NA,"18","chemical stratification",NA,NA,NA,NA,"16/10","GA3","1000","3","N",NA,"Y","5% NaOCl","5",NA,"germ.rate","0.071",NA,NA,"3","25","45",NA,"Table 1",NA,0.071,NA,"hormone","1000",16,"rahnama-ghahfarokhi07exp1 16"
NA,NA,NA,NA,NA,NA,NA,45,"constant",NA,NA,"16/8",16,8,NA,NA,"GA3",NA,NA,"18","180","germ.rate","light",NA,"rahnama-ghahfarokhi07exp1","Ferula_gummosa","32.33 50.86","32.33 50.86 NA","rahnama-ghahfarokhi07","exp1","MN","Ferula","gummosa",NA,"N","N","Shahrekord, Iran",32.33,50.86,NA,"Asia",NA,"2005","2006",NA,"180",NA,"18","chemical stratification",NA,NA,NA,NA,"16/8","GA3","250","3","N",NA,"Y","5% NaOCl","5",NA,"germ.rate","0.14",NA,NA,"3","25","45",NA,"Table 1",NA,0.14,NA,"hormone","250",16,"rahnama-ghahfarokhi07exp1 16"
"5","40",NA,NA,NA,"25","25",45,"constant",25,NA,"16/8",16,8,NA,NA,"GA3",NA,NA,"18","180","germ.rate","light",NA,"rahnama-ghahfarokhi07exp1","Ferula_gummosa","32.33 50.86","32.33 50.86 NA","rahnama-ghahfarokhi07","exp1","MN","Ferula","gummosa",NA,"N","N","Shahrekord, Iran",32.33,50.86,NA,"Asia",NA,"2005","2006",NA,"180",NA,"18","Cold stratification","5","40","25","Chemical stratification","16/10","GA3","1000","3","N",NA,"Y","5% NaOCl","5",NA,"germ.rate","0.067",NA,NA,"3","25","45",NA,"Table 1",NA,0.067,NA,"cold stratification + hormone","1000",17,"rahnama-ghahfarokhi07exp1 17"
"5","40",NA,NA,NA,"25","25",45,"constant",25,NA,"16/8",16,8,NA,NA,"GA3",NA,NA,"18","180","germ.rate","light",NA,"rahnama-ghahfarokhi07exp1","Ferula_gummosa","32.33 50.86","32.33 50.86 NA","rahnama-ghahfarokhi07","exp1","MN","Ferula","gummosa",NA,"N","N","Shahrekord, Iran",32.33,50.86,NA,"Asia",NA,"2005","2006",NA,"180",NA,"18","Cold stratification","5","40","25","Chemical stratification","16/10","GA3","250","3","N",NA,"Y","5% NaOCl","5",NA,"germ.rate","0.07",NA,NA,"3","25","45",NA,"Table 1",NA,0.07,NA,"cold stratification + hormone","250",17,"rahnama-ghahfarokhi07exp1 17"
"5","40",NA,NA,NA,"25","25",45,"constant",25,NA,"16/8",16,8,NA,NA,"GA3",NA,NA,"18","180","germ.rate","light",NA,"rahnama-ghahfarokhi07exp1","Ferula_gummosa","32.33 50.86","32.33 50.86 NA","rahnama-ghahfarokhi07","exp1","MN","Ferula","gummosa",NA,"N","N","Shahrekord, Iran",32.33,50.86,NA,"Asia",NA,"2005","2006",NA,"180",NA,"18","Cold stratification","5","40","25","Chemical stratification","16/10","GA3","500","3","N",NA,"Y","5% NaOCl","5",NA,"germ.rate","0.067",NA,NA,"3","25","45",NA,"Table 1",NA,0.067,NA,"cold stratification + hormone","500",17,"rahnama-ghahfarokhi07exp1 17"
NA,NA,NA,NA,NA,NA,NA,NA,"constant",NA,NA,NA,NA,NA,"mechanical","mechanical","GA3",NA,NA,NA,NA,"percent.germ",NA,NA,"rostamipoor20exp1","Astragalus_cyclophyllon","31.41 51.57","31.41 51.57 NA","rostamipoor20","exp1","MN","Astragalus","cyclophyllon",NA,"N","N","Semirom, Iran",31.41,51.57,NA,"Asia",NA,NA,NA,NA,NA,NA,NA,"chemical stratification",NA,NA,NA,"mechanical scarfication",NA,"GA3","400","2","Y","mechanical","N",NA,NA,"0.00418","per.germ","54.67",NA,NA,"3",NA,NA,NA,"Table 3",NA,54.67,NA,"chemical stratification","400",5,"rostamipoor20exp1 5"
NA,NA,NA,NA,NA,NA,NA,NA,"constant",NA,NA,NA,NA,NA,"mechanical","mechanical","GA3",NA,NA,NA,NA,"percent.germ",NA,NA,"rostamipoor20exp1","Astragalus_cyclophyllon","31.41 51.57","31.41 51.57 NA","rostamipoor20","exp1","MN","Astragalus","cyclophyllon",NA,"N","N","Semirom, Iran",31.41,51.57,NA,"Asia",NA,NA,NA,NA,NA,NA,NA,"chemical stratification",NA,NA,NA,"mechanical scarfication",NA,"GA3","500","2","Y","mechanical","N",NA,NA,"0.00418","per.germ","45.33",NA,NA,"3",NA,NA,NA,"Table 3",NA,45.33,NA,"chemical stratification","500",5,"rostamipoor20exp1 5"
NA,NA,NA,NA,NA,NA,NA,NA,"constant",NA,NA,NA,NA,NA,"mechanical","mechanical","GA3",NA,NA,NA,NA,"percent.germ",NA,NA,"rostamipoor20exp1","Astragalus_cyclophyllon","35.7 52.06","35.7 52.06 NA","rostamipoor20","exp1","MN","Astragalus","cyclophyllon",NA,"N","N","Damavand, Iran",35.7,52.06,NA,"Asia",NA,NA,NA,NA,NA,NA,NA,"chemical stratification",NA,NA,NA,"mechanical scarfication",NA,"GA3","400","2","Y","mechanical","N",NA,NA,"0.00432","per.germ","68",NA,NA,"3",NA,NA,NA,"Table 3",NA,68,NA,"chemical stratification","400",13,"rostamipoor20exp1 13"
NA,NA,NA,NA,NA,NA,NA,NA,"constant",NA,NA,NA,NA,NA,"mechanical","mechanical","GA3",NA,NA,NA,NA,"percent.germ",NA,NA,"rostamipoor20exp1","Astragalus_cyclophyllon","35.7 52.06","35.7 52.06 NA","rostamipoor20","exp1","MN","Astragalus","cyclophyllon",NA,"N","N","Damavand, Iran",35.7,52.06,NA,"Asia",NA,NA,NA,NA,NA,NA,NA,"chemical stratification",NA,NA,NA,"mechanical scarfication",NA,"GA3","500","2","Y","mechanical","N",NA,NA,"0.00432","per.germ","53.33",NA,NA,"3",NA,NA,NA,"Table 3",NA,53.33,NA,"chemical stratification","500",13,"rostamipoor20exp1 13"
NA,NA,NA,NA,NA,NA,NA,NA,"constant",NA,NA,NA,NA,NA,"mechanical","mechanical","GA3",NA,NA,NA,NA,"percent.germ",NA,NA,"rostamipoor20exp1","Astragalus_cyclophyllon","36.68 48.51","36.68 48.51 NA","rostamipoor20","exp1","MN","Astragalus","cyclophyllon",NA,"N","N","Zanjan, Iran",36.68,48.51,NA,"Asia",NA,NA,NA,NA,NA,NA,NA,"chemical stratification",NA,NA,NA,"mechanical scarfication",NA,"GA3","500","2","Y","mechanical","N",NA,NA,"0.00411","per.germ","37.67",NA,NA,"3",NA,NA,NA,"Table 3",NA,37.67,NA,"chemical stratification","500",21,"rostamipoor20exp1 21"
NA,NA,NA,NA,NA,NA,NA,NA,"constant",NA,NA,NA,NA,NA,"mechanical","mechanical","GA3",NA,NA,NA,NA,"percent.germ",NA,NA,"rostamipoor20exp1","Astragalus_cyclophyllon","36.68 48.51","36.68 48.51 NA","rostamipoor20","exp1","MN","Astragalus","cyclophyllon",NA,"N","N","Zanjan, Iran",36.68,48.51,NA,"Asia",NA,NA,NA,NA,NA,NA,NA,"chemical stratification",NA,NA,NA,"mechanical scarfication",NA,"GA3","400","2","Y","mechanical","N",NA,NA,"0.00411","per.germ","71.33",NA,NA,"3",NA,NA,NA,"Table 3",NA,71.33,NA,"chemical stratification","400",21,"rostamipoor20exp1 21"
NA,NA,NA,NA,NA,"25","25",28,"constant",25,NA,"0/24",0,24,NA,NA,"GA3",NA,NA,NA,NA,"percent.germ","dark",NA,"rouhi12exp1","Ferula_gummosa","34.80 48.51","34.80 48.51 NA","rouhi12","exp1","MN","Ferula","gummosa","Boiss","N","N","Hamedan, Iran",34.8,48.51,NA,"Asia",NA,NA,NA,NA,NA,NA,NA,"chemical",NA,NA,"25",NA,"0","GA3","500","3","N",NA,"N",NA,NA,NA,"final per.germ","1",NA,NA,"4","50","28",NA,"Table 2",NA,1,NA,"stratification x hormone","500",3,"rouhi12exp1 3"
NA,NA,NA,NA,NA,"25","25",28,"constant",25,NA,"0/24",0,24,NA,NA,"GA3",NA,NA,NA,NA,"percent.germ","dark",NA,"rouhi12exp1","Ferula_gummosa","34.80 48.51","34.80 48.51 NA","rouhi12","exp1","MN","Ferula","gummosa","Boiss","N","N","Hamedan, Iran",34.8,48.51,NA,"Asia",NA,NA,NA,NA,NA,NA,NA,"chemical",NA,NA,"25",NA,"0","GA3","1000","3","N",NA,"N",NA,NA,NA,"final per.germ","17",NA,NA,"4","50","28",NA,"Table 2",NA,17,NA,"stratification x hormone","1000",3,"rouhi12exp1 3"
"5","28",NA,NA,NA,"25","25",28,"constant",25,NA,"0/24",0,24,NA,NA,"GA3",NA,NA,NA,NA,"percent.germ","dark",NA,"rouhi12exp1","Ferula_gummosa","34.80 48.51","34.80 48.51 NA","rouhi12","exp1","MN","Ferula","gummosa","Boiss","N","N","Hamedan, Iran",34.8,48.51,NA,"Asia",NA,NA,NA,NA,NA,NA,NA,"cold stratfication","5","28","25","chemical","0","GA3","500","3","N",NA,"N",NA,NA,NA,"final per.germ","9",NA,NA,"4","50","28",NA,"Table 2",NA,9,NA,"stratification x hormone","500",7,"rouhi12exp1 7"
"5","28",NA,NA,NA,"25","25",28,"constant",25,NA,"0/24",0,24,NA,NA,"GA3",NA,NA,NA,NA,"percent.germ","dark",NA,"rouhi12exp1","Ferula_gummosa","34.80 48.51","34.80 48.51 NA","rouhi12","exp1","MN","Ferula","gummosa","Boiss","N","N","Hamedan, Iran",34.8,48.51,NA,"Asia",NA,NA,NA,NA,NA,NA,NA,"cold stratfication","5","28","25","chemical","0","GA3","1000","3","N",NA,"N",NA,NA,NA,"final per.germ","18",NA,NA,"4","50","28",NA,"Table 2",NA,18,NA,"stratification x hormone","1000",7,"rouhi12exp1 7"
"5","49",NA,NA,NA,"25","25",28,"constant",25,NA,"0/24",0,24,NA,NA,"GA3",NA,NA,NA,NA,"percent.germ","dark",NA,"rouhi12exp1","Ferula_gummosa","34.80 48.51","34.80 48.51 NA","rouhi12","exp1","MN","Ferula","gummosa","Boiss","N","N","Hamedan, Iran",34.8,48.51,NA,"Asia",NA,NA,NA,NA,NA,NA,NA,"cold stratfication","5","49","25","chemical","0","GA3","500","3","N",NA,"N",NA,NA,NA,"final per.germ","42",NA,NA,"4","50","28",NA,"Table 2",NA,42,NA,"stratification x hormone","500",11,"rouhi12exp1 11"
"5","49",NA,NA,NA,"25","25",28,"constant",25,NA,"0/24",0,24,NA,NA,"GA3",NA,NA,NA,NA,"percent.germ","dark",NA,"rouhi12exp1","Ferula_gummosa","34.80 48.51","34.80 48.51 NA","rouhi12","exp1","MN","Ferula","gummosa","Boiss","N","N","Hamedan, Iran",34.8,48.51,NA,"Asia",NA,NA,NA,NA,NA,NA,NA,"cold stratfication","5","49","25","chemical","0","GA3","1000","3","N",NA,"N",NA,NA,NA,"final per.germ","84",NA,NA,"4","50","28",NA,"Table 2",NA,84,NA,"stratification x hormone","1000",11,"rouhi12exp1 11"
NA,NA,NA,NA,NA,"25","25",28,"constant",25,NA,"0/24",0,24,NA,NA,"GA3",NA,NA,NA,NA,"mgt","dark",NA,"rouhi12exp1","Ferula_gummosa","34.80 48.51","34.80 48.51 NA","rouhi12","exp1","MN","Ferula","gummosa","Boiss","N","N","Hamedan, Iran",34.8,48.51,NA,"Asia",NA,NA,NA,NA,NA,NA,NA,"chemical",NA,NA,"25",NA,"0","GA3","500","3","N",NA,"N",NA,NA,NA,"mean germ.time","81.11",NA,NA,"4","50","28",NA,"Table 2",NA,81.11,NA,"stratification x hormone","500",15,"rouhi12exp1 15"
NA,NA,NA,NA,NA,"25","25",28,"constant",25,NA,"0/24",0,24,NA,NA,"GA3",NA,NA,NA,NA,"mgt","dark",NA,"rouhi12exp1","Ferula_gummosa","34.80 48.51","34.80 48.51 NA","rouhi12","exp1","MN","Ferula","gummosa","Boiss","N","N","Hamedan, Iran",34.8,48.51,NA,"Asia",NA,NA,NA,NA,NA,NA,NA,"chemical",NA,NA,"25",NA,"0","GA3","1000","3","N",NA,"N",NA,NA,NA,"mean germ.time","43.2",NA,NA,"4","50","28",NA,"Table 2",NA,43.2,NA,"stratification x hormone","1000",15,"rouhi12exp1 15"
"5","28",NA,NA,NA,"25","25",28,"constant",25,NA,"0/24",0,24,NA,NA,"GA3",NA,NA,NA,NA,"mgt","dark",NA,"rouhi12exp1","Ferula_gummosa","34.80 48.51","34.80 48.51 NA","rouhi12","exp1","MN","Ferula","gummosa","Boiss","N","N","Hamedan, Iran",34.8,48.51,NA,"Asia",NA,NA,NA,NA,NA,NA,NA,"cold stratfication","5","28","25","chemical","0","GA3","500","3","N",NA,"N",NA,NA,NA,"mean germ.time","42.1",NA,NA,"4","50","28",NA,"Table 2",NA,42.1,NA,"stratification x hormone","500",19,"rouhi12exp1 19"
"5","28",NA,NA,NA,"25","25",28,"constant",25,NA,"0/24",0,24,NA,NA,"GA3",NA,NA,NA,NA,"mgt","dark",NA,"rouhi12exp1","Ferula_gummosa","34.80 48.51","34.80 48.51 NA","rouhi12","exp1","MN","Ferula","gummosa","Boiss","N","N","Hamedan, Iran",34.8,48.51,NA,"Asia",NA,NA,NA,NA,NA,NA,NA,"cold stratfication","5","28","25","chemical","0","GA3","1000","3","N",NA,"N",NA,NA,NA,"mean germ.time","44",NA,NA,"4","50","28",NA,"Table 2",NA,44,NA,"stratification x hormone","1000",19,"rouhi12exp1 19"
"5","49",NA,NA,NA,"25","25",28,"constant",25,NA,"0/24",0,24,NA,NA,"GA3",NA,NA,NA,NA,"mgt","dark",NA,"rouhi12exp1","Ferula_gummosa","34.80 48.51","34.80 48.51 NA","rouhi12","exp1","MN","Ferula","gummosa","Boiss","N","N","Hamedan, Iran",34.8,48.51,NA,"Asia",NA,NA,NA,NA,NA,NA,NA,"cold stratfication","5","49","25","chemical","0","GA3","500","3","N",NA,"N",NA,NA,NA,"mean germ.time","24.12",NA,NA,"4","50","28",NA,"Table 2",NA,24.12,NA,"stratification x hormone","500",23,"rouhi12exp1 23"
"5","49",NA,NA,NA,"25","25",28,"constant",25,NA,"0/24",0,24,NA,NA,"GA3",NA,NA,NA,NA,"mgt","dark",NA,"rouhi12exp1","Ferula_gummosa","34.80 48.51","34.80 48.51 NA","rouhi12","exp1","MN","Ferula","gummosa","Boiss","N","N","Hamedan, Iran",34.8,48.51,NA,"Asia",NA,NA,NA,NA,NA,NA,NA,"cold stratfication","5","49","25","chemical","0","GA3","1000","3","N",NA,"N",NA,NA,NA,"mean germ.time","12.33",NA,NA,"4","50","28",NA,"Table 2",NA,12.33,NA,"stratification x hormone","1000",23,"rouhi12exp1 23"
NA,NA,NA,NA,NA,NA,NA,3,"constant",NA,NA,NA,NA,NA,NA,NA,"GA3",NA,NA,NA,NA,"percent.germ",NA,NA,"surya17exp1","Phyllanthus_emblica","NA NA","NA NA NA","surya17","exp1","MN","Phyllanthus","emblica","Garten","Y","N",NA,NA,NA,NA,NA,NA,NA,"2012",NA,NA,NA,NA,"stratification (24 hrs)",NA,NA,NA,"Chemical",NA,"GA3","200",NA,"N",NA,"N",NA,NA,NA,"per.germ","3.05",NA,NA,NA,NA,"3",NA,"Table 1","Experiment was conducted at Kulbasker Ashram Post Graduate Collage, Allahabad, Uttar Pradesh",3.05,NA,"stratification (24 hrs)","200",1,"surya17exp1 1"
NA,NA,NA,NA,NA,NA,NA,3,"constant",NA,NA,NA,NA,NA,NA,NA,"GA3",NA,NA,NA,NA,"percent.germ",NA,NA,"surya17exp1","Phyllanthus_emblica","NA NA","NA NA NA","surya17","exp1","MN","Phyllanthus","emblica","Garten","Y","N",NA,NA,NA,NA,NA,NA,NA,"2012",NA,NA,NA,NA,"stratification (48 hrs)",NA,NA,NA,"Chemical",NA,"GA3","200",NA,"N",NA,"N",NA,NA,NA,"per.germ","3.6",NA,NA,NA,NA,"3",NA,"Table 1","Experiment was conducted at Kulbasker Ashram Post Graduate Collage, Allahabad, Uttar Pradesh",3.6,NA,"stratification (48 hrs)","200",1,"surya17exp1 1"
NA,NA,NA,NA,NA,NA,NA,3,"constant",NA,NA,NA,NA,NA,NA,NA,"GA3",NA,NA,NA,NA,"percent.germ",NA,NA,"surya17exp1","Phyllanthus_emblica","NA NA","NA NA NA","surya17","exp1","MN","Phyllanthus","emblica","Garten","Y","N",NA,NA,NA,NA,NA,NA,NA,"2012",NA,NA,NA,NA,"stratification (72 hrs)",NA,NA,NA,"Chemical",NA,"GA3","300",NA,"N",NA,"N",NA,NA,NA,"per.germ","2.23",NA,NA,NA,NA,"3",NA,"Table 1","Experiment was conducted at Kulbasker Ashram Post Graduate Collage, Allahabad, Uttar Pradesh",2.23,NA,"stratification (72 hrs)","300",1,"surya17exp1 1"
NA,NA,NA,NA,NA,NA,NA,3,"constant",NA,NA,NA,NA,NA,NA,NA,"GA3",NA,NA,NA,NA,"percent.germ",NA,NA,"surya17exp1","Phyllanthus_emblica","NA NA","NA NA NA","surya17","exp1","MN","Phyllanthus","emblica","Garten","Y","N",NA,NA,NA,NA,NA,NA,NA,"2012",NA,NA,NA,NA,"stratification (72 hrs)",NA,NA,NA,"Chemical",NA,"GA3","100",NA,"N",NA,"N",NA,NA,NA,"per.germ","2.63",NA,NA,NA,NA,"3",NA,"Table 1","Experiment was conducted at Kulbasker Ashram Post Graduate Collage, Allahabad, Uttar Pradesh",2.63,NA,"stratification (72 hrs)","100",1,"surya17exp1 1"
NA,NA,NA,NA,NA,NA,NA,3,"constant",NA,NA,NA,NA,NA,NA,NA,"GA3",NA,NA,NA,NA,"percent.germ",NA,NA,"surya17exp1","Phyllanthus_emblica","NA NA","NA NA NA","surya17","exp1","MN","Phyllanthus","emblica","Garten","Y","N",NA,NA,NA,NA,NA,NA,NA,"2012",NA,NA,NA,NA,"stratification (48 hrs)",NA,NA,NA,"Chemical",NA,"GA3","100",NA,"N",NA,"N",NA,NA,NA,"per.germ","2.36",NA,NA,NA,NA,"3",NA,"Table 1","Experiment was conducted at Kulbasker Ashram Post Graduate Collage, Allahabad, Uttar Pradesh",2.36,NA,"stratification (48 hrs)","100",1,"surya17exp1 1"
NA,NA,NA,NA,NA,NA,NA,3,"constant",NA,NA,NA,NA,NA,NA,NA,"GA3",NA,NA,NA,NA,"percent.germ",NA,NA,"surya17exp1","Phyllanthus_emblica","NA NA","NA NA NA","surya17","exp1","MN","Phyllanthus","emblica","Garten","Y","N",NA,NA,NA,NA,NA,NA,NA,"2012",NA,NA,NA,NA,"stratification (24 hrs)",NA,NA,NA,"Chemical",NA,"GA3","300",NA,"N",NA,"N",NA,NA,NA,"per.germ","3.25",NA,NA,NA,NA,"3",NA,"Table 1","Experiment was conducted at Kulbasker Ashram Post Graduate Collage, Allahabad, Uttar Pradesh",3.25,NA,"stratification (24 hrs)","300",1,"surya17exp1 1"
NA,NA,NA,NA,NA,NA,NA,3,"constant",NA,NA,NA,NA,NA,NA,NA,"GA3",NA,NA,NA,NA,"percent.germ",NA,NA,"surya17exp1","Phyllanthus_emblica","NA NA","NA NA NA","surya17","exp1","MN","Phyllanthus","emblica","Garten","Y","N",NA,NA,NA,NA,NA,NA,NA,"2012",NA,NA,NA,NA,"stratification (72 hrs)",NA,NA,NA,"Chemical",NA,"GA3","200",NA,"N",NA,"N",NA,NA,NA,"per.germ","2.33",NA,NA,NA,NA,"3",NA,"Table 1","Experiment was conducted at Kulbasker Ashram Post Graduate Collage, Allahabad, Uttar Pradesh",2.33,NA,"stratification (72 hrs)","200",1,"surya17exp1 1"
NA,NA,NA,NA,NA,NA,NA,3,"constant",NA,NA,NA,NA,NA,NA,NA,"GA3",NA,NA,NA,NA,"percent.germ",NA,NA,"surya17exp1","Phyllanthus_emblica","NA NA","NA NA NA","surya17","exp1","MN","Phyllanthus","emblica","Garten","Y","N",NA,NA,NA,NA,NA,NA,NA,"2012",NA,NA,NA,NA,"stratification (24 hrs)",NA,NA,NA,"Chemical",NA,"GA3","100",NA,"N",NA,"N",NA,NA,NA,"per.germ","2.95",NA,NA,NA,NA,"3",NA,"Table 1","Experiment was conducted at Kulbasker Ashram Post Graduate Collage, Allahabad, Uttar Pradesh",2.95,NA,"stratification (24 hrs)","100",1,"surya17exp1 1"
NA,NA,NA,NA,NA,NA,NA,3,"constant",NA,NA,NA,NA,NA,NA,NA,"GA3",NA,NA,NA,NA,"percent.germ",NA,NA,"surya17exp1","Phyllanthus_emblica","NA NA","NA NA NA","surya17","exp1","MN","Phyllanthus","emblica","Garten","Y","N",NA,NA,NA,NA,NA,NA,NA,"2012",NA,NA,NA,NA,"stratification (48 hrs)",NA,NA,NA,"Chemical",NA,"GA3","300",NA,"N",NA,"N",NA,NA,NA,"per.germ","5.63",NA,NA,NA,NA,"3",NA,"Table 1","Experiment was conducted at Kulbasker Ashram Post Graduate Collage, Allahabad, Uttar Pradesh",5.63,NA,"stratification (48 hrs)","300",1,"surya17exp1 1"
NA,NA,NA,NA,NA,NA,NA,6,"constant",NA,NA,NA,NA,NA,NA,NA,"GA3",NA,NA,NA,NA,"percent.germ",NA,NA,"surya17exp1","Phyllanthus_emblica","NA NA","NA NA NA","surya17","exp1","MN","Phyllanthus","emblica","Garten","Y","N",NA,NA,NA,NA,NA,NA,NA,"2012",NA,NA,NA,NA,"stratification (48 hrs)",NA,NA,NA,"Chemical",NA,"GA3","200",NA,"N",NA,"N",NA,NA,NA,"per.germ","25.66",NA,NA,NA,NA,"6",NA,"Table 1","Experiment was conducted at Kulbasker Ashram Post Graduate Collage, Allahabad, Uttar Pradesh",25.66,NA,"stratification (48 hrs)","200",2,"surya17exp1 2"
NA,NA,NA,NA,NA,NA,NA,6,"constant",NA,NA,NA,NA,NA,NA,NA,"GA3",NA,NA,NA,NA,"percent.germ",NA,NA,"surya17exp1","Phyllanthus_emblica","NA NA","NA NA NA","surya17","exp1","MN","Phyllanthus","emblica","Garten","Y","N",NA,NA,NA,NA,NA,NA,NA,"2012",NA,NA,NA,NA,"stratification (24 hrs)",NA,NA,NA,"Chemical",NA,"GA3","200",NA,"N",NA,"N",NA,NA,NA,"per.germ","22.66",NA,NA,NA,NA,"6",NA,"Table 1","Experiment was conducted at Kulbasker Ashram Post Graduate Collage, Allahabad, Uttar Pradesh",22.66,NA,"stratification (24 hrs)","200",2,"surya17exp1 2"
NA,NA,NA,NA,NA,NA,NA,6,"constant",NA,NA,NA,NA,NA,NA,NA,"GA3",NA,NA,NA,NA,"percent.germ",NA,NA,"surya17exp1","Phyllanthus_emblica","NA NA","NA NA NA","surya17","exp1","MN","Phyllanthus","emblica","Garten","Y","N",NA,NA,NA,NA,NA,NA,NA,"2012",NA,NA,NA,NA,"stratification (48 hrs)",NA,NA,NA,"Chemical",NA,"GA3","100",NA,"N",NA,"N",NA,NA,NA,"per.germ","25.66",NA,NA,NA,NA,"6",NA,"Table 1","Experiment was conducted at Kulbasker Ashram Post Graduate Collage, Allahabad, Uttar Pradesh",25.66,NA,"stratification (48 hrs)","100",2,"surya17exp1 2"
NA,NA,NA,NA,NA,NA,NA,6,"constant",NA,NA,NA,NA,NA,NA,NA,"GA3",NA,NA,NA,NA,"percent.germ",NA,NA,"surya17exp1","Phyllanthus_emblica","NA NA","NA NA NA","surya17","exp1","MN","Phyllanthus","emblica","Garten","Y","N",NA,NA,NA,NA,NA,NA,NA,"2012",NA,NA,NA,NA,"stratification (72 hrs)",NA,NA,NA,"Chemical",NA,"GA3","300",NA,"N",NA,"N",NA,NA,NA,"per.germ","22.53",NA,NA,NA,NA,"6",NA,"Table 1","Experiment was conducted at Kulbasker Ashram Post Graduate Collage, Allahabad, Uttar Pradesh",22.53,NA,"stratification (72 hrs)","300",2,"surya17exp1 2"
NA,NA,NA,NA,NA,NA,NA,6,"constant",NA,NA,NA,NA,NA,NA,NA,"GA3",NA,NA,NA,NA,"percent.germ",NA,NA,"surya17exp1","Phyllanthus_emblica","NA NA","NA NA NA","surya17","exp1","MN","Phyllanthus","emblica","Garten","Y","N",NA,NA,NA,NA,NA,NA,NA,"2012",NA,NA,NA,NA,"stratification (72 hrs)",NA,NA,NA,"Chemical",NA,"GA3","100",NA,"N",NA,"N",NA,NA,NA,"per.germ","24.53",NA,NA,NA,NA,"6",NA,"Table 1","Experiment was conducted at Kulbasker Ashram Post Graduate Collage, Allahabad, Uttar Pradesh",24.53,NA,"stratification (72 hrs)","100",2,"surya17exp1 2"
NA,NA,NA,NA,NA,NA,NA,6,"constant",NA,NA,NA,NA,NA,NA,NA,"GA3",NA,NA,NA,NA,"percent.germ",NA,NA,"surya17exp1","Phyllanthus_emblica","NA NA","NA NA NA","surya17","exp1","MN","Phyllanthus","emblica","Garten","Y","N",NA,NA,NA,NA,NA,NA,NA,"2012",NA,NA,NA,NA,"stratification (48 hrs)",NA,NA,NA,"Chemical",NA,"GA3","300",NA,"N",NA,"N",NA,NA,NA,"per.germ","27.66",NA,NA,NA,NA,"6",NA,"Table 1","Experiment was conducted at Kulbasker Ashram Post Graduate Collage, Allahabad, Uttar Pradesh",27.66,NA,"stratification (48 hrs)","300",2,"surya17exp1 2"
NA,NA,NA,NA,NA,NA,NA,6,"constant",NA,NA,NA,NA,NA,NA,NA,"GA3",NA,NA,NA,NA,"percent.germ",NA,NA,"surya17exp1","Phyllanthus_emblica","NA NA","NA NA NA","surya17","exp1","MN","Phyllanthus","emblica","Garten","Y","N",NA,NA,NA,NA,NA,NA,NA,"2012",NA,NA,NA,NA,"stratification (24 hrs)",NA,NA,NA,"Chemical",NA,"GA3","300",NA,"N",NA,"N",NA,NA,NA,"per.germ","24.66",NA,NA,NA,NA,"6",NA,"Table 1","Experiment was conducted at Kulbasker Ashram Post Graduate Collage, Allahabad, Uttar Pradesh",24.66,NA,"stratification (24 hrs)","300",2,"surya17exp1 2"
NA,NA,NA,NA,NA,NA,NA,6,"constant",NA,NA,NA,NA,NA,NA,NA,"GA3",NA,NA,NA,NA,"percent.germ",NA,NA,"surya17exp1","Phyllanthus_emblica","NA NA","NA NA NA","surya17","exp1","MN","Phyllanthus","emblica","Garten","Y","N",NA,NA,NA,NA,NA,NA,NA,"2012",NA,NA,NA,NA,"stratification (72 hrs)",NA,NA,NA,"Chemical",NA,"GA3","200",NA,"N",NA,"N",NA,NA,NA,"per.germ","23.53",NA,NA,NA,NA,"6",NA,"Table 1","Experiment was conducted at Kulbasker Ashram Post Graduate Collage, Allahabad, Uttar Pradesh",23.53,NA,"stratification (72 hrs)","200",2,"surya17exp1 2"
NA,NA,NA,NA,NA,NA,NA,6,"constant",NA,NA,NA,NA,NA,NA,NA,"GA3",NA,NA,NA,NA,"percent.germ",NA,NA,"surya17exp1","Phyllanthus_emblica","NA NA","NA NA NA","surya17","exp1","MN","Phyllanthus","emblica","Garten","Y","N",NA,NA,NA,NA,NA,NA,NA,"2012",NA,NA,NA,NA,"stratification (24 hrs)",NA,NA,NA,"Chemical",NA,"GA3","100",NA,"N",NA,"N",NA,NA,NA,"per.germ","22.66",NA,NA,NA,NA,"6",NA,"Table 1","Experiment was conducted at Kulbasker Ashram Post Graduate Collage, Allahabad, Uttar Pradesh",22.66,NA,"stratification (24 hrs)","100",2,"surya17exp1 2"
NA,NA,NA,NA,NA,NA,NA,9,"constant",NA,NA,NA,NA,NA,NA,NA,"GA3",NA,NA,NA,NA,"percent.germ",NA,NA,"surya17exp1","Phyllanthus_emblica","NA NA","NA NA NA","surya17","exp1","MN","Phyllanthus","emblica","Garten","Y","N",NA,NA,NA,NA,NA,NA,NA,"2012",NA,NA,NA,NA,"stratification (72 hrs)",NA,NA,NA,"Chemical",NA,"GA3","200",NA,"N",NA,"N",NA,NA,NA,"per.germ","39.25",NA,NA,NA,NA,"9",NA,"Table 1","Experiment was conducted at Kulbasker Ashram Post Graduate Collage, Allahabad, Uttar Pradesh",39.25,NA,"stratification (72 hrs)","200",3,"surya17exp1 3"
NA,NA,NA,NA,NA,NA,NA,9,"constant",NA,NA,NA,NA,NA,NA,NA,"GA3",NA,NA,NA,NA,"percent.germ",NA,NA,"surya17exp1","Phyllanthus_emblica","NA NA","NA NA NA","surya17","exp1","MN","Phyllanthus","emblica","Garten","Y","N",NA,NA,NA,NA,NA,NA,NA,"2012",NA,NA,NA,NA,"stratification (48 hrs)",NA,NA,NA,"Chemical",NA,"GA3","200",NA,"N",NA,"N",NA,NA,NA,"per.germ","51.33",NA,NA,NA,NA,"9",NA,"Table 1","Experiment was conducted at Kulbasker Ashram Post Graduate Collage, Allahabad, Uttar Pradesh",51.33,NA,"stratification (48 hrs)","200",3,"surya17exp1 3"
NA,NA,NA,NA,NA,NA,NA,9,"constant",NA,NA,NA,NA,NA,NA,NA,"GA3",NA,NA,NA,NA,"percent.germ",NA,NA,"surya17exp1","Phyllanthus_emblica","NA NA","NA NA NA","surya17","exp1","MN","Phyllanthus","emblica","Garten","Y","N",NA,NA,NA,NA,NA,NA,NA,"2012",NA,NA,NA,NA,"stratification (24 hrs)",NA,NA,NA,"Chemical",NA,"GA3","200",NA,"N",NA,"N",NA,NA,NA,"per.germ",NA,NA,NA,NA,NA,"9",NA,"Table 1","Experiment was conducted at Kulbasker Ashram Post Graduate Collage, Allahabad, Uttar Pradesh",NA,NA,"stratification (24 hrs)","200",3,"surya17exp1 3"
NA,NA,NA,NA,NA,NA,NA,9,"constant",NA,NA,NA,NA,NA,NA,NA,"GA3",NA,NA,NA,NA,"percent.germ",NA,NA,"surya17exp1","Phyllanthus_emblica","NA NA","NA NA NA","surya17","exp1","MN","Phyllanthus","emblica","Garten","Y","N",NA,NA,NA,NA,NA,NA,NA,"2012",NA,NA,NA,NA,"stratification (48 hrs)",NA,NA,NA,"Chemical",NA,"GA3","100",NA,"N",NA,"N",NA,NA,NA,"per.germ","49.33",NA,NA,NA,NA,"9",NA,"Table 1","Experiment was conducted at Kulbasker Ashram Post Graduate Collage, Allahabad, Uttar Pradesh",49.33,NA,"stratification (48 hrs)","100",3,"surya17exp1 3"
NA,NA,NA,NA,NA,NA,NA,9,"constant",NA,NA,NA,NA,NA,NA,NA,"GA3",NA,NA,NA,NA,"percent.germ",NA,NA,"surya17exp1","Phyllanthus_emblica","NA NA","NA NA NA","surya17","exp1","MN","Phyllanthus","emblica","Garten","Y","N",NA,NA,NA,NA,NA,NA,NA,"2012",NA,NA,NA,NA,"stratification (72 hrs)",NA,NA,NA,"Chemical",NA,"GA3","300",NA,"N",NA,"N",NA,NA,NA,"per.germ","37.25",NA,NA,NA,NA,"9",NA,"Table 1","Experiment was conducted at Kulbasker Ashram Post Graduate Collage, Allahabad, Uttar Pradesh",37.25,NA,"stratification (72 hrs)","300",3,"surya17exp1 3"
NA,NA,NA,NA,NA,NA,NA,9,"constant",NA,NA,NA,NA,NA,NA,NA,"GA3",NA,NA,NA,NA,"percent.germ",NA,NA,"surya17exp1","Phyllanthus_emblica","NA NA","NA NA NA","surya17","exp1","MN","Phyllanthus","emblica","Garten","Y","N",NA,NA,NA,NA,NA,NA,NA,"2012",NA,NA,NA,NA,"stratification (72 hrs)",NA,NA,NA,"Chemical",NA,"GA3","100",NA,"N",NA,"N",NA,NA,NA,"per.germ","39.85",NA,NA,NA,NA,"9",NA,"Table 1","Experiment was conducted at Kulbasker Ashram Post Graduate Collage, Allahabad, Uttar Pradesh",39.85,NA,"stratification (72 hrs)","100",3,"surya17exp1 3"
NA,NA,NA,NA,NA,NA,NA,9,"constant",NA,NA,NA,NA,NA,NA,NA,"GA3",NA,NA,NA,NA,"percent.germ",NA,NA,"surya17exp1","Phyllanthus_emblica","NA NA","NA NA NA","surya17","exp1","MN","Phyllanthus","emblica","Garten","Y","N",NA,NA,NA,NA,NA,NA,NA,"2012",NA,NA,NA,NA,"stratification (48 hrs)",NA,NA,NA,"Chemical",NA,"GA3","300",NA,"N",NA,"N",NA,NA,NA,"per.germ","57.66",NA,NA,NA,NA,"9",NA,"Table 1","Experiment was conducted at Kulbasker Ashram Post Graduate Collage, Allahabad, Uttar Pradesh",57.66,NA,"stratification (48 hrs)","300",3,"surya17exp1 3"
NA,NA,NA,NA,NA,NA,NA,9,"constant",NA,NA,NA,NA,NA,NA,NA,"GA3",NA,NA,NA,NA,"percent.germ",NA,NA,"surya17exp1","Phyllanthus_emblica","NA NA","NA NA NA","surya17","exp1","MN","Phyllanthus","emblica","Garten","Y","N",NA,NA,NA,NA,NA,NA,NA,"2012",NA,NA,NA,NA,"stratification (24 hrs)",NA,NA,NA,"Chemical",NA,"GA3","300",NA,"N",NA,"N",NA,NA,NA,"per.germ","47.33",NA,NA,NA,NA,"9",NA,"Table 1","Experiment was conducted at Kulbasker Ashram Post Graduate Collage, Allahabad, Uttar Pradesh",47.33,NA,"stratification (24 hrs)","300",3,"surya17exp1 3"
NA,NA,NA,NA,NA,NA,NA,9,"constant",NA,NA,NA,NA,NA,NA,NA,"GA3",NA,NA,NA,NA,"percent.germ",NA,NA,"surya17exp1","Phyllanthus_emblica","NA NA","NA NA NA","surya17","exp1","MN","Phyllanthus","emblica","Garten","Y","N",NA,NA,NA,NA,NA,NA,NA,"2012",NA,NA,NA,NA,"stratification (24 hrs)",NA,NA,NA,"Chemical",NA,"GA3","100",NA,"N",NA,"N",NA,NA,NA,"per.germ",NA,NA,NA,NA,NA,"9",NA,"Table 1","Experiment was conducted at Kulbasker Ashram Post Graduate Collage, Allahabad, Uttar Pradesh",NA,NA,"stratification (24 hrs)","100",3,"surya17exp1 3"
NA,NA,NA,NA,NA,NA,NA,12,"constant",NA,NA,NA,NA,NA,NA,NA,"GA3",NA,NA,NA,NA,"percent.germ",NA,NA,"surya17exp1","Phyllanthus_emblica","NA NA","NA NA NA","surya17","exp1","MN","Phyllanthus","emblica","Garten","Y","N",NA,NA,NA,NA,NA,NA,NA,"2012",NA,NA,NA,NA,"stratification (24 hrs)",NA,NA,NA,"Chemical",NA,"GA3","300",NA,"N",NA,"N",NA,NA,NA,"per.germ","53.33",NA,NA,NA,NA,"12",NA,"Table 1","Experiment was conducted at Kulbasker Ashram Post Graduate Collage, Allahabad, Uttar Pradesh",53.33,NA,"stratification (24 hrs)","300",4,"surya17exp1 4"
NA,NA,NA,NA,NA,NA,NA,12,"constant",NA,NA,NA,NA,NA,NA,NA,"GA3",NA,NA,NA,NA,"percent.germ",NA,NA,"surya17exp1","Phyllanthus_emblica","NA NA","NA NA NA","surya17","exp1","MN","Phyllanthus","emblica","Garten","Y","N",NA,NA,NA,NA,NA,NA,NA,"2012",NA,NA,NA,NA,"stratification (72 hrs)",NA,NA,NA,"Chemical",NA,"GA3","200",NA,"N",NA,"N",NA,NA,NA,"per.germ","40.25",NA,NA,NA,NA,"12",NA,"Table 1","Experiment was conducted at Kulbasker Ashram Post Graduate Collage, Allahabad, Uttar Pradesh",40.25,NA,"stratification (72 hrs)","200",4,"surya17exp1 4"
NA,NA,NA,NA,NA,NA,NA,12,"constant",NA,NA,NA,NA,NA,NA,NA,"GA3",NA,NA,NA,NA,"percent.germ",NA,NA,"surya17exp1","Phyllanthus_emblica","NA NA","NA NA NA","surya17","exp1","MN","Phyllanthus","emblica","Garten","Y","N",NA,NA,NA,NA,NA,NA,NA,"2012",NA,NA,NA,NA,"stratification (48 hrs)",NA,NA,NA,"Chemical",NA,"GA3","200",NA,"N",NA,"N",NA,NA,NA,"per.germ","61.66",NA,NA,NA,NA,"12",NA,"Table 1","Experiment was conducted at Kulbasker Ashram Post Graduate Collage, Allahabad, Uttar Pradesh",61.66,NA,"stratification (48 hrs)","200",4,"surya17exp1 4"
NA,NA,NA,NA,NA,NA,NA,12,"constant",NA,NA,NA,NA,NA,NA,NA,"GA3",NA,NA,NA,NA,"percent.germ",NA,NA,"surya17exp1","Phyllanthus_emblica","NA NA","NA NA NA","surya17","exp1","MN","Phyllanthus","emblica","Garten","Y","N",NA,NA,NA,NA,NA,NA,NA,"2012",NA,NA,NA,NA,"stratification (24 hrs)",NA,NA,NA,"Chemical",NA,"GA3","200",NA,"N",NA,"N",NA,NA,NA,"per.germ","50.33",NA,NA,NA,NA,"12",NA,"Table 1","Experiment was conducted at Kulbasker Ashram Post Graduate Collage, Allahabad, Uttar Pradesh",50.33,NA,"stratification (24 hrs)","200",4,"surya17exp1 4"
NA,NA,NA,NA,NA,NA,NA,12,"constant",NA,NA,NA,NA,NA,NA,NA,"GA3",NA,NA,NA,NA,"percent.germ",NA,NA,"surya17exp1","Phyllanthus_emblica","NA NA","NA NA NA","surya17","exp1","MN","Phyllanthus","emblica","Garten","Y","N",NA,NA,NA,NA,NA,NA,NA,"2012",NA,NA,NA,NA,"stratification (48 hrs)",NA,NA,NA,"Chemical",NA,"GA3","100",NA,"N",NA,"N",NA,NA,NA,"per.germ","55.33",NA,NA,NA,NA,"12",NA,"Table 1","Experiment was conducted at Kulbasker Ashram Post Graduate Collage, Allahabad, Uttar Pradesh",55.33,NA,"stratification (48 hrs)","100",4,"surya17exp1 4"
NA,NA,NA,NA,NA,NA,NA,12,"constant",NA,NA,NA,NA,NA,NA,NA,"GA3",NA,NA,NA,NA,"percent.germ",NA,NA,"surya17exp1","Phyllanthus_emblica","NA NA","NA NA NA","surya17","exp1","MN","Phyllanthus","emblica","Garten","Y","N",NA,NA,NA,NA,NA,NA,NA,"2012",NA,NA,NA,NA,"stratification (72 hrs)",NA,NA,NA,"Chemical",NA,"GA3","300",NA,"N",NA,"N",NA,NA,NA,"per.germ","37.25",NA,NA,NA,NA,"12",NA,"Table 1","Experiment was conducted at Kulbasker Ashram Post Graduate Collage, Allahabad, Uttar Pradesh",37.25,NA,"stratification (72 hrs)","300",4,"surya17exp1 4"
NA,NA,NA,NA,NA,NA,NA,12,"constant",NA,NA,NA,NA,NA,NA,NA,"GA3",NA,NA,NA,NA,"percent.germ",NA,NA,"surya17exp1","Phyllanthus_emblica","NA NA","NA NA NA","surya17","exp1","MN","Phyllanthus","emblica","Garten","Y","N",NA,NA,NA,NA,NA,NA,NA,"2012",NA,NA,NA,NA,"stratification (72 hrs)",NA,NA,NA,"Chemical",NA,"GA3","100",NA,"N",NA,"N",NA,NA,NA,"per.germ","42.25",NA,NA,NA,NA,"12",NA,"Table 1","Experiment was conducted at Kulbasker Ashram Post Graduate Collage, Allahabad, Uttar Pradesh",42.25,NA,"stratification (72 hrs)","100",4,"surya17exp1 4"
NA,NA,NA,NA,NA,NA,NA,12,"constant",NA,NA,NA,NA,NA,NA,NA,"GA3",NA,NA,NA,NA,"percent.germ",NA,NA,"surya17exp1","Phyllanthus_emblica","NA NA","NA NA NA","surya17","exp1","MN","Phyllanthus","emblica","Garten","Y","N",NA,NA,NA,NA,NA,NA,NA,"2012",NA,NA,NA,NA,"stratification (48 hrs)",NA,NA,NA,"Chemical",NA,"GA3","300",NA,"N",NA,"N",NA,NA,NA,"per.germ","64",NA,NA,NA,NA,"12",NA,"Table 1","Experiment was conducted at Kulbasker Ashram Post Graduate Collage, Allahabad, Uttar Pradesh",64,NA,"stratification (48 hrs)","300",4,"surya17exp1 4"
NA,NA,NA,NA,NA,NA,NA,12,"constant",NA,NA,NA,NA,NA,NA,NA,"GA3",NA,NA,NA,NA,"percent.germ",NA,NA,"surya17exp1","Phyllanthus_emblica","NA NA","NA NA NA","surya17","exp1","MN","Phyllanthus","emblica","Garten","Y","N",NA,NA,NA,NA,NA,NA,NA,"2012",NA,NA,NA,NA,"stratification (24 hrs)",NA,NA,NA,"Chemical",NA,"GA3","100",NA,"N",NA,"N",NA,NA,NA,"per.germ","48.33",NA,NA,NA,NA,"12",NA,"Table 1","Experiment was conducted at Kulbasker Ashram Post Graduate Collage, Allahabad, Uttar Pradesh",48.33,NA,"stratification (24 hrs)","100",4,"surya17exp1 4"
NA,NA,NA,NA,NA,NA,NA,15,"constant",NA,NA,NA,NA,NA,NA,NA,"GA3",NA,NA,NA,NA,"percent.germ",NA,NA,"surya17exp1","Phyllanthus_emblica","NA NA","NA NA NA","surya17","exp1","MN","Phyllanthus","emblica","Garten","Y","N",NA,NA,NA,NA,NA,NA,NA,"2012",NA,NA,NA,NA,"stratification (24 hrs)",NA,NA,NA,"Chemical",NA,"GA3","300",NA,"N",NA,"N",NA,NA,NA,"per.germ","60.66",NA,NA,NA,NA,"15",NA,"Table 1","Experiment was conducted at Kulbasker Ashram Post Graduate Collage, Allahabad, Uttar Pradesh",60.66,NA,"stratification (24 hrs)","300",5,"surya17exp1 5"
NA,NA,NA,NA,NA,NA,NA,15,"constant",NA,NA,NA,NA,NA,NA,NA,"GA3",NA,NA,NA,NA,"percent.germ",NA,NA,"surya17exp1","Phyllanthus_emblica","NA NA","NA NA NA","surya17","exp1","MN","Phyllanthus","emblica","Garten","Y","N",NA,NA,NA,NA,NA,NA,NA,"2012",NA,NA,NA,NA,"stratification (72 hrs)",NA,NA,NA,"Chemical",NA,"GA3","200",NA,"N",NA,"N",NA,NA,NA,"per.germ","41.25",NA,NA,NA,NA,"15",NA,"Table 1","Experiment was conducted at Kulbasker Ashram Post Graduate Collage, Allahabad, Uttar Pradesh",41.25,NA,"stratification (72 hrs)","200",5,"surya17exp1 5"
NA,NA,NA,NA,NA,NA,NA,15,"constant",NA,NA,NA,NA,NA,NA,NA,"GA3",NA,NA,NA,NA,"percent.germ",NA,NA,"surya17exp1","Phyllanthus_emblica","NA NA","NA NA NA","surya17","exp1","MN","Phyllanthus","emblica","Garten","Y","N",NA,NA,NA,NA,NA,NA,NA,"2012",NA,NA,NA,NA,"stratification (48 hrs)",NA,NA,NA,"Chemical",NA,"GA3","200",NA,"N",NA,"N",NA,NA,NA,"per.germ",NA,NA,NA,NA,NA,"15",NA,"Table 1","Experiment was conducted at Kulbasker Ashram Post Graduate Collage, Allahabad, Uttar Pradesh",NA,NA,"stratification (48 hrs)","200",5,"surya17exp1 5"
NA,NA,NA,NA,NA,NA,NA,15,"constant",NA,NA,NA,NA,NA,NA,NA,"GA3",NA,NA,NA,NA,"percent.germ",NA,NA,"surya17exp1","Phyllanthus_emblica","NA NA","NA NA NA","surya17","exp1","MN","Phyllanthus","emblica","Garten","Y","N",NA,NA,NA,NA,NA,NA,NA,"2012",NA,NA,NA,NA,"stratification (24 hrs)",NA,NA,NA,"Chemical",NA,"GA3","200",NA,"N",NA,"N",NA,NA,NA,"per.germ","58.66",NA,NA,NA,NA,"15",NA,"Table 1","Experiment was conducted at Kulbasker Ashram Post Graduate Collage, Allahabad, Uttar Pradesh",58.66,NA,"stratification (24 hrs)","200",5,"surya17exp1 5"
NA,NA,NA,NA,NA,NA,NA,15,"constant",NA,NA,NA,NA,NA,NA,NA,"GA3",NA,NA,NA,NA,"percent.germ",NA,NA,"surya17exp1","Phyllanthus_emblica","NA NA","NA NA NA","surya17","exp1","MN","Phyllanthus","emblica","Garten","Y","N",NA,NA,NA,NA,NA,NA,NA,"2012",NA,NA,NA,NA,"stratification (48 hrs)",NA,NA,NA,"Chemical",NA,"GA3","100",NA,"N",NA,"N",NA,NA,NA,"per.germ","63.66",NA,NA,NA,NA,"15",NA,"Table 1","Experiment was conducted at Kulbasker Ashram Post Graduate Collage, Allahabad, Uttar Pradesh",63.66,NA,"stratification (48 hrs)","100",5,"surya17exp1 5"
NA,NA,NA,NA,NA,NA,NA,15,"constant",NA,NA,NA,NA,NA,NA,NA,"GA3",NA,NA,NA,NA,"percent.germ",NA,NA,"surya17exp1","Phyllanthus_emblica","NA NA","NA NA NA","surya17","exp1","MN","Phyllanthus","emblica","Garten","Y","N",NA,NA,NA,NA,NA,NA,NA,"2012",NA,NA,NA,NA,"stratification (72 hrs)",NA,NA,NA,"Chemical",NA,"GA3","300",NA,"N",NA,"N",NA,NA,NA,"per.germ","37.25",NA,NA,NA,NA,"15",NA,"Table 1","Experiment was conducted at Kulbasker Ashram Post Graduate Collage, Allahabad, Uttar Pradesh",37.25,NA,"stratification (72 hrs)","300",5,"surya17exp1 5"
NA,NA,NA,NA,NA,NA,NA,15,"constant",NA,NA,NA,NA,NA,NA,NA,"GA3",NA,NA,NA,NA,"percent.germ",NA,NA,"surya17exp1","Phyllanthus_emblica","NA NA","NA NA NA","surya17","exp1","MN","Phyllanthus","emblica","Garten","Y","N",NA,NA,NA,NA,NA,NA,NA,"2012",NA,NA,NA,NA,"stratification (72 hrs)",NA,NA,NA,"Chemical",NA,"GA3","100",NA,"N",NA,"N",NA,NA,NA,"per.germ","44.25",NA,NA,NA,NA,"15",NA,"Table 1","Experiment was conducted at Kulbasker Ashram Post Graduate Collage, Allahabad, Uttar Pradesh",44.25,NA,"stratification (72 hrs)","100",5,"surya17exp1 5"
NA,NA,NA,NA,NA,NA,NA,15,"constant",NA,NA,NA,NA,NA,NA,NA,"GA3",NA,NA,NA,NA,"percent.germ",NA,NA,"surya17exp1","Phyllanthus_emblica","NA NA","NA NA NA","surya17","exp1","MN","Phyllanthus","emblica","Garten","Y","N",NA,NA,NA,NA,NA,NA,NA,"2012",NA,NA,NA,NA,"stratification (24 hrs)",NA,NA,NA,"Chemical",NA,"GA3","100",NA,"N",NA,"N",NA,NA,NA,"per.germ","53.66",NA,NA,NA,NA,"15",NA,"Table 1","Experiment was conducted at Kulbasker Ashram Post Graduate Collage, Allahabad, Uttar Pradesh",53.66,NA,"stratification (24 hrs)","100",5,"surya17exp1 5"
NA,NA,NA,NA,NA,NA,NA,15,"constant",NA,NA,NA,NA,NA,NA,NA,"GA3",NA,NA,NA,NA,"percent.germ",NA,NA,"surya17exp1","Phyllanthus_emblica","NA NA","NA NA NA","surya17","exp1","MN","Phyllanthus","emblica","Garten","Y","N",NA,NA,NA,NA,NA,NA,NA,"2012",NA,NA,NA,NA,"stratification (48 hrs)",NA,NA,NA,"Chemical",NA,"GA3","300",NA,"N",NA,"N",NA,NA,NA,"per.germ","83.33",NA,NA,NA,NA,"15",NA,"Table 1","Experiment was conducted at Kulbasker Ashram Post Graduate Collage, Allahabad, Uttar Pradesh",83.33,NA,"stratification (48 hrs)","300",5,"surya17exp1 5"
NA,NA,NA,NA,NA,NA,NA,18,"constant",NA,NA,NA,NA,NA,NA,NA,"GA3",NA,NA,NA,NA,"percent.germ",NA,NA,"surya17exp1","Phyllanthus_emblica","NA NA","NA NA NA","surya17","exp1","MN","Phyllanthus","emblica","Garten","Y","N",NA,NA,NA,NA,NA,NA,NA,"2012",NA,NA,NA,NA,"stratification (24 hrs)",NA,NA,NA,"Chemical",NA,"GA3","300",NA,"N",NA,"N",NA,NA,NA,"per.germ","61",NA,NA,NA,NA,"18",NA,"Table 1","Experiment was conducted at Kulbasker Ashram Post Graduate Collage, Allahabad, Uttar Pradesh",61,NA,"stratification (24 hrs)","300",6,"surya17exp1 6"
NA,NA,NA,NA,NA,NA,NA,18,"constant",NA,NA,NA,NA,NA,NA,NA,"GA3",NA,NA,NA,NA,"percent.germ",NA,NA,"surya17exp1","Phyllanthus_emblica","NA NA","NA NA NA","surya17","exp1","MN","Phyllanthus","emblica","Garten","Y","N",NA,NA,NA,NA,NA,NA,NA,"2012",NA,NA,NA,NA,"stratification (72 hrs)",NA,NA,NA,"Chemical",NA,"GA3","200",NA,"N",NA,"N",NA,NA,NA,"per.germ","41.25",NA,NA,NA,NA,"18",NA,"Table 1","Experiment was conducted at Kulbasker Ashram Post Graduate Collage, Allahabad, Uttar Pradesh",41.25,NA,"stratification (72 hrs)","200",6,"surya17exp1 6"
NA,NA,NA,NA,NA,NA,NA,18,"constant",NA,NA,NA,NA,NA,NA,NA,"GA3",NA,NA,NA,NA,"percent.germ",NA,NA,"surya17exp1","Phyllanthus_emblica","NA NA","NA NA NA","surya17","exp1","MN","Phyllanthus","emblica","Garten","Y","N",NA,NA,NA,NA,NA,NA,NA,"2012",NA,NA,NA,NA,"stratification (48 hrs)",NA,NA,NA,"Chemical",NA,"GA3","200",NA,"N",NA,"N",NA,NA,NA,"per.germ","65",NA,NA,NA,NA,"18",NA,"Table 1","Experiment was conducted at Kulbasker Ashram Post Graduate Collage, Allahabad, Uttar Pradesh",65,NA,"stratification (48 hrs)","200",6,"surya17exp1 6"
NA,NA,NA,NA,NA,NA,NA,18,"constant",NA,NA,NA,NA,NA,NA,NA,"GA3",NA,NA,NA,NA,"percent.germ",NA,NA,"surya17exp1","Phyllanthus_emblica","NA NA","NA NA NA","surya17","exp1","MN","Phyllanthus","emblica","Garten","Y","N",NA,NA,NA,NA,NA,NA,NA,"2012",NA,NA,NA,NA,"stratification (24 hrs)",NA,NA,NA,"Chemical",NA,"GA3","200",NA,"N",NA,"N",NA,NA,NA,"per.germ","60",NA,NA,NA,NA,"18",NA,"Table 1","Experiment was conducted at Kulbasker Ashram Post Graduate Collage, Allahabad, Uttar Pradesh",60,NA,"stratification (24 hrs)","200",6,"surya17exp1 6"
NA,NA,NA,NA,NA,NA,NA,18,"constant",NA,NA,NA,NA,NA,NA,NA,"GA3",NA,NA,NA,NA,"percent.germ",NA,NA,"surya17exp1","Phyllanthus_emblica","NA NA","NA NA NA","surya17","exp1","MN","Phyllanthus","emblica","Garten","Y","N",NA,NA,NA,NA,NA,NA,NA,"2012",NA,NA,NA,NA,"stratification (72 hrs)",NA,NA,NA,"Chemical",NA,"GA3","100",NA,"N",NA,"N",NA,NA,NA,"per.germ","44.25",NA,NA,NA,NA,"18",NA,"Table 1","Experiment was conducted at Kulbasker Ashram Post Graduate Collage, Allahabad, Uttar Pradesh",44.25,NA,"stratification (72 hrs)","100",6,"surya17exp1 6"
NA,NA,NA,NA,NA,NA,NA,18,"constant",NA,NA,NA,NA,NA,NA,NA,"GA3",NA,NA,NA,NA,"percent.germ",NA,NA,"surya17exp1","Phyllanthus_emblica","NA NA","NA NA NA","surya17","exp1","MN","Phyllanthus","emblica","Garten","Y","N",NA,NA,NA,NA,NA,NA,NA,"2012",NA,NA,NA,NA,"stratification (48 hrs)",NA,NA,NA,"Chemical",NA,"GA3","100",NA,"N",NA,"N",NA,NA,NA,"per.germ","64",NA,NA,NA,NA,"18",NA,"Table 1","Experiment was conducted at Kulbasker Ashram Post Graduate Collage, Allahabad, Uttar Pradesh",64,NA,"stratification (48 hrs)","100",6,"surya17exp1 6"
NA,NA,NA,NA,NA,NA,NA,18,"constant",NA,NA,NA,NA,NA,NA,NA,"GA3",NA,NA,NA,NA,"percent.germ",NA,NA,"surya17exp1","Phyllanthus_emblica","NA NA","NA NA NA","surya17","exp1","MN","Phyllanthus","emblica","Garten","Y","N",NA,NA,NA,NA,NA,NA,NA,"2012",NA,NA,NA,NA,"stratification (72 hrs)",NA,NA,NA,"Chemical",NA,"GA3","300",NA,"N",NA,"N",NA,NA,NA,"per.germ","37.25",NA,NA,NA,NA,"18",NA,"Table 1","Experiment was conducted at Kulbasker Ashram Post Graduate Collage, Allahabad, Uttar Pradesh",37.25,NA,"stratification (72 hrs)","300",6,"surya17exp1 6"
NA,NA,NA,NA,NA,NA,NA,18,"constant",NA,NA,NA,NA,NA,NA,NA,"GA3",NA,NA,NA,NA,"percent.germ",NA,NA,"surya17exp1","Phyllanthus_emblica","NA NA","NA NA NA","surya17","exp1","MN","Phyllanthus","emblica","Garten","Y","N",NA,NA,NA,NA,NA,NA,NA,"2012",NA,NA,NA,NA,"stratification (24 hrs)",NA,NA,NA,"Chemical",NA,"GA3","100",NA,"N",NA,"N",NA,NA,NA,"per.germ","56",NA,NA,NA,NA,"18",NA,"Table 1","Experiment was conducted at Kulbasker Ashram Post Graduate Collage, Allahabad, Uttar Pradesh",56,NA,"stratification (24 hrs)","100",6,"surya17exp1 6"
NA,NA,NA,NA,NA,NA,NA,18,"constant",NA,NA,NA,NA,NA,NA,NA,"GA3",NA,NA,NA,NA,"percent.germ",NA,NA,"surya17exp1","Phyllanthus_emblica","NA NA","NA NA NA","surya17","exp1","MN","Phyllanthus","emblica","Garten","Y","N",NA,NA,NA,NA,NA,NA,NA,"2012",NA,NA,NA,NA,"stratification (48 hrs)",NA,NA,NA,"Chemical",NA,"GA3","300",NA,"N",NA,"N",NA,NA,NA,"per.germ","84",NA,NA,NA,NA,"18",NA,"Table 1","Experiment was conducted at Kulbasker Ashram Post Graduate Collage, Allahabad, Uttar Pradesh",84,NA,"stratification (48 hrs)","300",6,"surya17exp1 6"
NA,NA,NA,NA,NA,NA,NA,21,"constant",NA,NA,NA,NA,NA,NA,NA,"GA3",NA,NA,NA,NA,"percent.germ",NA,NA,"surya17exp1","Phyllanthus_emblica","NA NA","NA NA NA","surya17","exp1","MN","Phyllanthus","emblica","Garten","Y","N",NA,NA,NA,NA,NA,NA,NA,"2012",NA,NA,NA,NA,"stratification (24 hrs)",NA,NA,NA,"Chemical",NA,"GA3","300",NA,"N",NA,"N",NA,NA,NA,"per.germ","61",NA,NA,NA,NA,"21",NA,"Table 1","Experiment was conducted at Kulbasker Ashram Post Graduate Collage, Allahabad, Uttar Pradesh",61,NA,"stratification (24 hrs)","300",7,"surya17exp1 7"
NA,NA,NA,NA,NA,NA,NA,21,"constant",NA,NA,NA,NA,NA,NA,NA,"GA3",NA,NA,NA,NA,"percent.germ",NA,NA,"surya17exp1","Phyllanthus_emblica","NA NA","NA NA NA","surya17","exp1","MN","Phyllanthus","emblica","Garten","Y","N",NA,NA,NA,NA,NA,NA,NA,"2012",NA,NA,NA,NA,"stratification (72 hrs)",NA,NA,NA,"Chemical",NA,"GA3","200",NA,"N",NA,"N",NA,NA,NA,"per.germ","41.25",NA,NA,NA,NA,"21",NA,"Table 1","Experiment was conducted at Kulbasker Ashram Post Graduate Collage, Allahabad, Uttar Pradesh",41.25,NA,"stratification (72 hrs)","200",7,"surya17exp1 7"
NA,NA,NA,NA,NA,NA,NA,21,"constant",NA,NA,NA,NA,NA,NA,NA,"GA3",NA,NA,NA,NA,"percent.germ",NA,NA,"surya17exp1","Phyllanthus_emblica","NA NA","NA NA NA","surya17","exp1","MN","Phyllanthus","emblica","Garten","Y","N",NA,NA,NA,NA,NA,NA,NA,"2012",NA,NA,NA,NA,"stratification (48 hrs)",NA,NA,NA,"Chemical",NA,"GA3","300",NA,"N",NA,"N",NA,NA,NA,"per.germ","84",NA,NA,NA,NA,"21",NA,"Table 1","Experiment was conducted at Kulbasker Ashram Post Graduate Collage, Allahabad, Uttar Pradesh",84,NA,"stratification (48 hrs)","300",7,"surya17exp1 7"
NA,NA,NA,NA,NA,NA,NA,21,"constant",NA,NA,NA,NA,NA,NA,NA,"GA3",NA,NA,NA,NA,"percent.germ",NA,NA,"surya17exp1","Phyllanthus_emblica","NA NA","NA NA NA","surya17","exp1","MN","Phyllanthus","emblica","Garten","Y","N",NA,NA,NA,NA,NA,NA,NA,"2012",NA,NA,NA,NA,"stratification (48 hrs)",NA,NA,NA,"Chemical",NA,"GA3","200",NA,"N",NA,"N",NA,NA,NA,"per.germ","65",NA,NA,NA,NA,"21",NA,"Table 1","Experiment was conducted at Kulbasker Ashram Post Graduate Collage, Allahabad, Uttar Pradesh",65,NA,"stratification (48 hrs)","200",7,"surya17exp1 7"
NA,NA,NA,NA,NA,NA,NA,21,"constant",NA,NA,NA,NA,NA,NA,NA,"GA3",NA,NA,NA,NA,"percent.germ",NA,NA,"surya17exp1","Phyllanthus_emblica","NA NA","NA NA NA","surya17","exp1","MN","Phyllanthus","emblica","Garten","Y","N",NA,NA,NA,NA,NA,NA,NA,"2012",NA,NA,NA,NA,"stratification (24 hrs)",NA,NA,NA,"Chemical",NA,"GA3","200",NA,"N",NA,"N",NA,NA,NA,"per.germ","60",NA,NA,NA,NA,"21",NA,"Table 1","Experiment was conducted at Kulbasker Ashram Post Graduate Collage, Allahabad, Uttar Pradesh",60,NA,"stratification (24 hrs)","200",7,"surya17exp1 7"
NA,NA,NA,NA,NA,NA,NA,21,"constant",NA,NA,NA,NA,NA,NA,NA,"GA3",NA,NA,NA,NA,"percent.germ",NA,NA,"surya17exp1","Phyllanthus_emblica","NA NA","NA NA NA","surya17","exp1","MN","Phyllanthus","emblica","Garten","Y","N",NA,NA,NA,NA,NA,NA,NA,"2012",NA,NA,NA,NA,"stratification (72 hrs)",NA,NA,NA,"Chemical",NA,"GA3","100",NA,"N",NA,"N",NA,NA,NA,"per.germ","45.59",NA,NA,NA,NA,"21",NA,"Table 1","Experiment was conducted at Kulbasker Ashram Post Graduate Collage, Allahabad, Uttar Pradesh",45.59,NA,"stratification (72 hrs)","100",7,"surya17exp1 7"
NA,NA,NA,NA,NA,NA,NA,21,"constant",NA,NA,NA,NA,NA,NA,NA,"GA3",NA,NA,NA,NA,"percent.germ",NA,NA,"surya17exp1","Phyllanthus_emblica","NA NA","NA NA NA","surya17","exp1","MN","Phyllanthus","emblica","Garten","Y","N",NA,NA,NA,NA,NA,NA,NA,"2012",NA,NA,NA,NA,"stratification (48 hrs)",NA,NA,NA,"Chemical",NA,"GA3","100",NA,"N",NA,"N",NA,NA,NA,"per.germ","64",NA,NA,NA,NA,"21",NA,"Table 1","Experiment was conducted at Kulbasker Ashram Post Graduate Collage, Allahabad, Uttar Pradesh",64,NA,"stratification (48 hrs)","100",7,"surya17exp1 7"
NA,NA,NA,NA,NA,NA,NA,21,"constant",NA,NA,NA,NA,NA,NA,NA,"GA3",NA,NA,NA,NA,"percent.germ",NA,NA,"surya17exp1","Phyllanthus_emblica","NA NA","NA NA NA","surya17","exp1","MN","Phyllanthus","emblica","Garten","Y","N",NA,NA,NA,NA,NA,NA,NA,"2012",NA,NA,NA,NA,"stratification (72 hrs)",NA,NA,NA,"Chemical",NA,"GA3","300",NA,"N",NA,"N",NA,NA,NA,"per.germ","37.25",NA,NA,NA,NA,"21",NA,"Table 1","Experiment was conducted at Kulbasker Ashram Post Graduate Collage, Allahabad, Uttar Pradesh",37.25,NA,"stratification (72 hrs)","300",7,"surya17exp1 7"
NA,NA,NA,NA,NA,NA,NA,21,"constant",NA,NA,NA,NA,NA,NA,NA,"GA3",NA,NA,NA,NA,"percent.germ",NA,NA,"surya17exp1","Phyllanthus_emblica","NA NA","NA NA NA","surya17","exp1","MN","Phyllanthus","emblica","Garten","Y","N",NA,NA,NA,NA,NA,NA,NA,"2012",NA,NA,NA,NA,"stratification (24 hrs)",NA,NA,NA,"Chemical",NA,"GA3","100",NA,"N",NA,"N",NA,NA,NA,"per.germ","56",NA,NA,NA,NA,"21",NA,"Table 1","Experiment was conducted at Kulbasker Ashram Post Graduate Collage, Allahabad, Uttar Pradesh",56,NA,"stratification (24 hrs)","100",7,"surya17exp1 7"
NA,NA,NA,NA,NA,NA,NA,27,"constant",NA,NA,NA,NA,NA,NA,NA,"GA3",NA,NA,NA,NA,"percent.germ",NA,NA,"surya17exp1","Phyllanthus_emblica","NA NA","NA NA NA","surya17","exp1","MN","Phyllanthus","emblica","Garten","Y","N",NA,NA,NA,NA,NA,NA,NA,"2012",NA,NA,NA,NA,"stratification (24 hrs)",NA,NA,NA,"Chemical",NA,"GA3","100",NA,"N",NA,"N",NA,NA,NA,"per.germ","56",NA,NA,NA,NA,"27",NA,"Table 1","Experiment was conducted at Kulbasker Ashram Post Graduate Collage, Allahabad, Uttar Pradesh",56,NA,"stratification (24 hrs)","100",8,"surya17exp1 8"
NA,NA,NA,NA,NA,NA,NA,27,"constant",NA,NA,NA,NA,NA,NA,NA,"GA3",NA,NA,NA,NA,"percent.germ",NA,NA,"surya17exp1","Phyllanthus_emblica","NA NA","NA NA NA","surya17","exp1","MN","Phyllanthus","emblica","Garten","Y","N",NA,NA,NA,NA,NA,NA,NA,"2012",NA,NA,NA,NA,"stratification (24 hrs)",NA,NA,NA,"Chemical",NA,"GA3","300",NA,"N",NA,"N",NA,NA,NA,"per.germ","61",NA,NA,NA,NA,"27",NA,"Table 1","Experiment was conducted at Kulbasker Ashram Post Graduate Collage, Allahabad, Uttar Pradesh",61,NA,"stratification (24 hrs)","300",8,"surya17exp1 8"
NA,NA,NA,NA,NA,NA,NA,27,"constant",NA,NA,NA,NA,NA,NA,NA,"GA3",NA,NA,NA,NA,"percent.germ",NA,NA,"surya17exp1","Phyllanthus_emblica","NA NA","NA NA NA","surya17","exp1","MN","Phyllanthus","emblica","Garten","Y","N",NA,NA,NA,NA,NA,NA,NA,"2012",NA,NA,NA,NA,"stratification (72 hrs)",NA,NA,NA,"Chemical",NA,"GA3","200",NA,"N",NA,"N",NA,NA,NA,"per.germ","41.25",NA,NA,NA,NA,"27",NA,"Table 1","Experiment was conducted at Kulbasker Ashram Post Graduate Collage, Allahabad, Uttar Pradesh",41.25,NA,"stratification (72 hrs)","200",8,"surya17exp1 8"
NA,NA,NA,NA,NA,NA,NA,27,"constant",NA,NA,NA,NA,NA,NA,NA,"GA3",NA,NA,NA,NA,"percent.germ",NA,NA,"surya17exp1","Phyllanthus_emblica","NA NA","NA NA NA","surya17","exp1","MN","Phyllanthus","emblica","Garten","Y","N",NA,NA,NA,NA,NA,NA,NA,"2012",NA,NA,NA,NA,"stratification (48 hrs)",NA,NA,NA,"Chemical",NA,"GA3","300",NA,"N",NA,"N",NA,NA,NA,"per.germ","84",NA,NA,NA,NA,"27",NA,"Table 1","Experiment was conducted at Kulbasker Ashram Post Graduate Collage, Allahabad, Uttar Pradesh",84,NA,"stratification (48 hrs)","300",8,"surya17exp1 8"
NA,NA,NA,NA,NA,NA,NA,27,"constant",NA,NA,NA,NA,NA,NA,NA,"GA3",NA,NA,NA,NA,"percent.germ",NA,NA,"surya17exp1","Phyllanthus_emblica","NA NA","NA NA NA","surya17","exp1","MN","Phyllanthus","emblica","Garten","Y","N",NA,NA,NA,NA,NA,NA,NA,"2012",NA,NA,NA,NA,"stratification (48 hrs)",NA,NA,NA,"Chemical",NA,"GA3","200",NA,"N",NA,"N",NA,NA,NA,"per.germ","65",NA,NA,NA,NA,"27",NA,"Table 1","Experiment was conducted at Kulbasker Ashram Post Graduate Collage, Allahabad, Uttar Pradesh",65,NA,"stratification (48 hrs)","200",8,"surya17exp1 8"
NA,NA,NA,NA,NA,NA,NA,27,"constant",NA,NA,NA,NA,NA,NA,NA,"GA3",NA,NA,NA,NA,"percent.germ",NA,NA,"surya17exp1","Phyllanthus_emblica","NA NA","NA NA NA","surya17","exp1","MN","Phyllanthus","emblica","Garten","Y","N",NA,NA,NA,NA,NA,NA,NA,"2012",NA,NA,NA,NA,"stratification (24 hrs)",NA,NA,NA,"Chemical",NA,"GA3","200",NA,"N",NA,"N",NA,NA,NA,"per.germ","60",NA,NA,NA,NA,"27",NA,"Table 1","Experiment was conducted at Kulbasker Ashram Post Graduate Collage, Allahabad, Uttar Pradesh",60,NA,"stratification (24 hrs)","200",8,"surya17exp1 8"
NA,NA,NA,NA,NA,NA,NA,27,"constant",NA,NA,NA,NA,NA,NA,NA,"GA3",NA,NA,NA,NA,"percent.germ",NA,NA,"surya17exp1","Phyllanthus_emblica","NA NA","NA NA NA","surya17","exp1","MN","Phyllanthus","emblica","Garten","Y","N",NA,NA,NA,NA,NA,NA,NA,"2012",NA,NA,NA,NA,"stratification (72 hrs)",NA,NA,NA,"Chemical",NA,"GA3","100",NA,"N",NA,"N",NA,NA,NA,"per.germ","45.59",NA,NA,NA,NA,"27",NA,"Table 1","Experiment was conducted at Kulbasker Ashram Post Graduate Collage, Allahabad, Uttar Pradesh",45.59,NA,"stratification (72 hrs)","100",8,"surya17exp1 8"
NA,NA,NA,NA,NA,NA,NA,27,"constant",NA,NA,NA,NA,NA,NA,NA,"GA3",NA,NA,NA,NA,"percent.germ",NA,NA,"surya17exp1","Phyllanthus_emblica","NA NA","NA NA NA","surya17","exp1","MN","Phyllanthus","emblica","Garten","Y","N",NA,NA,NA,NA,NA,NA,NA,"2012",NA,NA,NA,NA,"stratification (48 hrs)",NA,NA,NA,"Chemical",NA,"GA3","100",NA,"N",NA,"N",NA,NA,NA,"per.germ","64",NA,NA,NA,NA,"27",NA,"Table 1","Experiment was conducted at Kulbasker Ashram Post Graduate Collage, Allahabad, Uttar Pradesh",64,NA,"stratification (48 hrs)","100",8,"surya17exp1 8"
NA,NA,NA,NA,NA,NA,NA,27,"constant",NA,NA,NA,NA,NA,NA,NA,"GA3",NA,NA,NA,NA,"percent.germ",NA,NA,"surya17exp1","Phyllanthus_emblica","NA NA","NA NA NA","surya17","exp1","MN","Phyllanthus","emblica","Garten","Y","N",NA,NA,NA,NA,NA,NA,NA,"2012",NA,NA,NA,NA,"stratification (72 hrs)",NA,NA,NA,"Chemical",NA,"GA3","300",NA,"N",NA,"N",NA,NA,NA,"per.germ","37.25",NA,NA,NA,NA,"27",NA,"Table 1","Experiment was conducted at Kulbasker Ashram Post Graduate Collage, Allahabad, Uttar Pradesh",37.25,NA,"stratification (72 hrs)","300",8,"surya17exp1 8"
NA,NA,NA,NA,NA,NA,NA,NA,"constant",NA,NA,NA,NA,NA,NA,NA,"GA3",NA,NA,NA,NA,"germ.rate",NA,NA,"surya17exp1","Phyllanthus_emblica","NA NA","NA NA NA","surya17","exp1","MN","Phyllanthus","emblica","Garten","Y","N",NA,NA,NA,NA,NA,NA,NA,"2012",NA,NA,NA,NA,"stratification (72 hrs)",NA,NA,NA,"Chemical",NA,"GA3","100",NA,"N",NA,"N",NA,NA,NA,"rate of seed germ","9.24",NA,NA,NA,NA,NA,NA,"Table 1","Experiment was conducted at Kulbasker Ashram Post Graduate Collage, Allahabad, Uttar Pradesh",9.24,NA,"stratification (72 hrs)","100",17,"surya17exp1 17"
NA,NA,NA,NA,NA,NA,NA,NA,"constant",NA,NA,NA,NA,NA,NA,NA,"GA3",NA,NA,NA,NA,"germ.rate",NA,NA,"surya17exp1","Phyllanthus_emblica","NA NA","NA NA NA","surya17","exp1","MN","Phyllanthus","emblica","Garten","Y","N",NA,NA,NA,NA,NA,NA,NA,"2012",NA,NA,NA,NA,"stratification (72 hrs)",NA,NA,NA,"Chemical",NA,"GA3","200",NA,"N",NA,"N",NA,NA,NA,"rate of seed germ","9.01",NA,NA,NA,NA,NA,NA,"Table 1","Experiment was conducted at Kulbasker Ashram Post Graduate Collage, Allahabad, Uttar Pradesh",9.01,NA,"stratification (72 hrs)","200",17,"surya17exp1 17"
NA,NA,NA,NA,NA,NA,NA,NA,"constant",NA,NA,NA,NA,NA,NA,NA,"GA3",NA,NA,NA,NA,"germ.rate",NA,NA,"surya17exp1","Phyllanthus_emblica","NA NA","NA NA NA","surya17","exp1","MN","Phyllanthus","emblica","Garten","Y","N",NA,NA,NA,NA,NA,NA,NA,"2012",NA,NA,NA,NA,"stratification (72 hrs)",NA,NA,NA,"Chemical",NA,"GA3","300",NA,"N",NA,"N",NA,NA,NA,"rate of seed germ","8.25",NA,NA,NA,NA,NA,NA,"Table 1","Experiment was conducted at Kulbasker Ashram Post Graduate Collage, Allahabad, Uttar Pradesh",8.25,NA,"stratification (72 hrs)","300",17,"surya17exp1 17"
NA,NA,NA,NA,NA,NA,NA,NA,"constant",NA,NA,NA,NA,NA,NA,NA,"GA3",NA,NA,NA,NA,"germ.rate",NA,NA,"surya17exp1","Phyllanthus_emblica","NA NA","NA NA NA","surya17","exp1","MN","Phyllanthus","emblica","Garten","Y","N",NA,NA,NA,NA,NA,NA,NA,"2012",NA,NA,NA,NA,"stratification (48 hrs)",NA,NA,NA,"Chemical",NA,"GA3","300",NA,"N",NA,"N",NA,NA,NA,"rate of seed germ","11.03",NA,NA,NA,NA,NA,NA,"Table 1","Experiment was conducted at Kulbasker Ashram Post Graduate Collage, Allahabad, Uttar Pradesh",11.03,NA,"stratification (48 hrs)","300",17,"surya17exp1 17"
NA,NA,NA,NA,NA,NA,NA,NA,"constant",NA,NA,NA,NA,NA,NA,NA,"GA3",NA,NA,NA,NA,"germ.rate",NA,NA,"surya17exp1","Phyllanthus_emblica","NA NA","NA NA NA","surya17","exp1","MN","Phyllanthus","emblica","Garten","Y","N",NA,NA,NA,NA,NA,NA,NA,"2012",NA,NA,NA,NA,"stratification (24 hrs)",NA,NA,NA,"Chemical",NA,"GA3","100",NA,"N",NA,"N",NA,NA,NA,"rate of seed germ","10.43",NA,NA,NA,NA,NA,NA,"Table 1","Experiment was conducted at Kulbasker Ashram Post Graduate Collage, Allahabad, Uttar Pradesh",10.43,NA,"stratification (24 hrs)","100",17,"surya17exp1 17"
NA,NA,NA,NA,NA,NA,NA,NA,"constant",NA,NA,NA,NA,NA,NA,NA,"GA3",NA,NA,NA,NA,"germ.rate",NA,NA,"surya17exp1","Phyllanthus_emblica","NA NA","NA NA NA","surya17","exp1","MN","Phyllanthus","emblica","Garten","Y","N",NA,NA,NA,NA,NA,NA,NA,"2012",NA,NA,NA,NA,"stratification (24 hrs)",NA,NA,NA,"Chemical",NA,"GA3","200",NA,"N",NA,"N",NA,NA,NA,"rate of seed germ","10.25",NA,NA,NA,NA,NA,NA,"Table 1","Experiment was conducted at Kulbasker Ashram Post Graduate Collage, Allahabad, Uttar Pradesh",10.25,NA,"stratification (24 hrs)","200",17,"surya17exp1 17"
NA,NA,NA,NA,NA,NA,NA,NA,"constant",NA,NA,NA,NA,NA,NA,NA,"GA3",NA,NA,NA,NA,"germ.rate",NA,NA,"surya17exp1","Phyllanthus_emblica","NA NA","NA NA NA","surya17","exp1","MN","Phyllanthus","emblica","Garten","Y","N",NA,NA,NA,NA,NA,NA,NA,"2012",NA,NA,NA,NA,"stratification (24 hrs)",NA,NA,NA,"Chemical",NA,"GA3","300",NA,"N",NA,"N",NA,NA,NA,"rate of seed germ","10.01",NA,NA,NA,NA,NA,NA,"Table 1","Experiment was conducted at Kulbasker Ashram Post Graduate Collage, Allahabad, Uttar Pradesh",10.01,NA,"stratification (24 hrs)","300",17,"surya17exp1 17"
NA,NA,NA,NA,NA,NA,NA,NA,"constant",NA,NA,NA,NA,NA,NA,NA,"GA3",NA,NA,NA,NA,"germ.rate",NA,NA,"surya17exp1","Phyllanthus_emblica","NA NA","NA NA NA","surya17","exp1","MN","Phyllanthus","emblica","Garten","Y","N",NA,NA,NA,NA,NA,NA,NA,"2012",NA,NA,NA,NA,"stratification (48 hrs)",NA,NA,NA,"Chemical",NA,"GA3","100",NA,"N",NA,"N",NA,NA,NA,"rate of seed germ","11.4",NA,NA,NA,NA,NA,NA,"Table 1","Experiment was conducted at Kulbasker Ashram Post Graduate Collage, Allahabad, Uttar Pradesh",11.4,NA,"stratification (48 hrs)","100",17,"surya17exp1 17"
NA,NA,NA,NA,NA,NA,NA,NA,"constant",NA,NA,NA,NA,NA,NA,NA,"GA3",NA,NA,NA,NA,"germ.rate",NA,NA,"surya17exp1","Phyllanthus_emblica","NA NA","NA NA NA","surya17","exp1","MN","Phyllanthus","emblica","Garten","Y","N",NA,NA,NA,NA,NA,NA,NA,"2012",NA,NA,NA,NA,"stratification (48 hrs)",NA,NA,NA,"Chemical",NA,"GA3","200",NA,"N",NA,"N",NA,NA,NA,"rate of seed germ","11.24",NA,NA,NA,NA,NA,NA,"Table 1","Experiment was conducted at Kulbasker Ashram Post Graduate Collage, Allahabad, Uttar Pradesh",11.24,NA,"stratification (48 hrs)","200",17,"surya17exp1 17"
NA,NA,NA,NA,NA,"25","25",30,"constant",25,NA,NA,NA,NA,NA,NA,"GA3",NA,NA,NA,NA,"percent.germ",NA,NA,"teimouri13exp1","Hymenocrater_platystegius","35.9 59.13","35.9 59.13 1525-2025m","teimouri13","exp1","MN","Hymenocrater","platystegius",NA,"N","N","Golmakan and Zoshk, Khorasan province, Iran",35.9,59.13,"1525-2025m","Asia",NA,"2011","2011",NA,NA,NA,NA,"chemical",NA,NA,"25",NA,NA,"GA3","0.155075893",NA,"N",NA,"N",NA,NA,NA,"per.germ","6",NA,NA,"4","25","30",NA,"Table 1",NA,6,NA,"hormone","0.155075893",6,"teimouri13exp1 6"
NA,NA,NA,NA,NA,"25","25",30,"constant",25,NA,NA,NA,NA,NA,NA,"GA3",NA,NA,NA,NA,"percent.germ",NA,NA,"teimouri13exp1","Hymenocrater_platystegius","35.9 59.13","35.9 59.13 1525-2025m","teimouri13","exp1","MN","Hymenocrater","platystegius",NA,"N","N","Golmakan and Zoshk, Khorasan province, Iran",35.9,59.13,"1525-2025m","Asia",NA,"2011","2011",NA,NA,NA,NA,"chemical",NA,NA,"25",NA,NA,"GA3","0.465227679",NA,"N",NA,"N",NA,NA,NA,"per.germ","6",NA,NA,"4","25","30",NA,"Table 1",NA,6,NA,"hormone","0.465227679",6,"teimouri13exp1 6"
NA,NA,NA,NA,NA,"25","25",30,"constant",25,NA,NA,NA,NA,NA,NA,"GA3",NA,NA,NA,NA,"germ.rate",NA,NA,"teimouri13exp1","Hymenocrater_platystegius","35.9 59.13","35.9 59.13 1525-2025m","teimouri13","exp1","MN","Hymenocrater","platystegius",NA,"N","N","Golmakan and Zoshk, Khorasan province, Iran",35.9,59.13,"1525-2025m","Asia",NA,"2011","2011",NA,NA,NA,NA,"chemical",NA,NA,"25",NA,NA,"GA3","0.465227679",NA,"N",NA,"N",NA,NA,NA,"germ rate","0.01",NA,NA,"4","25","30",NA,"Table 1",NA,0.01,NA,"hormone","0.465227679",19,"teimouri13exp1 19"
NA,NA,NA,NA,NA,"25","25",30,"constant",25,NA,NA,NA,NA,NA,NA,"GA3",NA,NA,NA,NA,"germ.rate",NA,NA,"teimouri13exp1","Hymenocrater_platystegius","35.9 59.13","35.9 59.13 1525-2025m","teimouri13","exp1","MN","Hymenocrater","platystegius",NA,"N","N","Golmakan and Zoshk, Khorasan province, Iran",35.9,59.13,"1525-2025m","Asia",NA,"2011","2011",NA,NA,NA,NA,"chemical",NA,NA,"25",NA,NA,"GA3","0.155075893",NA,"N",NA,"N",NA,NA,NA,"germ rate","0.02",NA,NA,"4","25","30",NA,"Table 1",NA,0.02,NA,"hormone","0.155075893",19,"teimouri13exp1 19"
"ave",NA,NA,NA,NA,"5.5","4/7/10",31,"alternating",4,7,"12/12",12,12,NA,NA,"GA3","dry/cold","dry/cold","4",NA,"percent.germ",NA,NA,"wytsalucy21exp3","Cleomella_serrulata","36.1544 -109.5526","36.1544 -109.5526 1698","wytsalucy21","exp3","MN","Cleomella","serrulata","Pursh","N","N","Chinle, Arizona",36.1544,-109.5526,"1698","North America","82500","2015","2016","cold, dry",NA,NA,"4","chemical","4, 7, 10",NA,"4, 7, 10",NA,NA,"GA3","1000 (GA3)","0.166666667","N",NA,"N",NA,NA,"0.006060606","per.germ","11.794","SE","6.052","5","25","31",NA,"Figure 3",NA,11.794,"SE","hormone","1000",3,"wytsalucy21exp3 3"
"ave",NA,NA,NA,NA,"5.5","4/7/10",31,"alternating",4,7,"12/12",12,12,NA,NA,"GA3","dry/cold","dry/cold","4",NA,"percent.germ",NA,NA,"wytsalucy21exp3","Cleomella_serrulata","36.1544 -109.5526","36.1544 -109.5526 1698","wytsalucy21","exp3","MN","Cleomella","serrulata","Pursh","N","N","Chinle, Arizona",36.1544,-109.5526,"1698","North America","82500","2015","2016","cold, dry",NA,NA,"4","chemical","4, 7, 10",NA,"4, 7, 10",NA,NA,"GA3","500 (GA3)","0.166666667","N",NA,"N",NA,NA,"0.006060606","per.germ","10.713","SE","5.404","5","25","31",NA,"Figure 3",NA,10.713,"SE","hormone","500",3,"wytsalucy21exp3 3"
"ave",NA,NA,NA,NA,"5.5","4/7/10",31,"alternating",4,7,"12/12",12,12,NA,NA,"GA3","dry/cold","dry/cold","4",NA,"percent.germ",NA,NA,"wytsalucy21exp3","Cleomella_serrulata","36.1544 -109.5526","36.1544 -109.5526 1698","wytsalucy21","exp3","MN","Cleomella","serrulata","Pursh","N","N","Chinle, Arizona",36.1544,-109.5526,"1698","North America","82500","2015","2016","cold, dry",NA,NA,"4","chemical","4, 7, 10",NA,"4, 7, 10",NA,NA,"GA3","750 (GA3)","0.166666667","N",NA,"N",NA,NA,"0.006060606","per.germ","12.226","SE","5.624","5","25","31",NA,"Figure 3",NA,12.226,"SE","hormone","750",3,"wytsalucy21exp3 3"
"ave",NA,NA,NA,NA,"5.5","4/7/10",31,"alternating",4,7,"12/12",12,12,"chemical","chemical - H2O2","GA3","dry/cold","dry/cold","4",NA,"percent.germ",NA,NA,"wytsalucy21exp3","Cleomella_serrulata","36.1544 -109.5526","36.1544 -109.5526 1698","wytsalucy21","exp3","MN","Cleomella","serrulata","Pursh","N","N","Chinle, Arizona",36.1544,-109.5526,"1698","North America","82500","2015","2016","cold, dry",NA,NA,"4","chemical","4, 7, 10",NA,"4, 7, 10","scarfication",NA,"GA3","750 (GA3)","0.166666667","Y","3% H2O2 (2 hrs)","N",NA,NA,"0.006060606","per.germ","9.849","SE","5.192","5","25","31",NA,"Figure 3",NA,9.849,"SE","soaking (acid) + hormone","750",4,"wytsalucy21exp3 4"
"ave",NA,NA,NA,NA,"5.5","4/7/10",31,"alternating",4,7,"12/12",12,12,"chemical","chemical - H2O2","GA3","dry/cold","dry/cold","4",NA,"percent.germ",NA,NA,"wytsalucy21exp3","Cleomella_serrulata","36.1544 -109.5526","36.1544 -109.5526 1698","wytsalucy21","exp3","MN","Cleomella","serrulata","Pursh","N","N","Chinle, Arizona",36.1544,-109.5526,"1698","North America","82500","2015","2016","cold, dry",NA,NA,"4","chemical","4, 7, 10",NA,"4, 7, 10","scarfication",NA,"GA3","1000 (GA3)","0.166666667","Y","3% H2O2 (2 hrs)","N",NA,NA,"0.006060606","per.germ","7.471","SE","3.675","5","25","31",NA,"Figure 3",NA,7.471,"SE","soaking (acid) + hormone","1000",4,"wytsalucy21exp3 4"
"ave",NA,NA,NA,NA,"5.5","4/7/10",31,"alternating",4,7,"12/12",12,12,"chemical","chemical - H2O2","GA3","dry/cold","dry/cold","4",NA,"percent.germ",NA,NA,"wytsalucy21exp3","Cleomella_serrulata","36.1544 -109.5526","36.1544 -109.5526 1698","wytsalucy21","exp3","MN","Cleomella","serrulata","Pursh","N","N","Chinle, Arizona",36.1544,-109.5526,"1698","North America","82500","2015","2016","cold, dry",NA,NA,"4","chemical","4, 7, 10",NA,"4, 7, 10","scarfication",NA,"GA3","500 (GA3)","0.166666667","Y","3% H2O2 (2 hrs)","N",NA,NA,"0.006060606","per.germ","9.2","SE","4.76","5","25","31",NA,"Figure 3",NA,9.2,"SE","soaking (acid) + hormone","500",4,"wytsalucy21exp3 4"
NA,NA,NA,NA,NA,"23.5","25/22",NA,"alternating",25,22,"12/12",12,12,NA,NA,"GA3","dry","dry","25","8","percent.germ","light",NA,"yan16exp1","Daphne_giraldii","36.72 97.42","36.72 97.42 2450","yan16","exp1","MN","Daphne","giraldii","Nitsche","Y","N","Buer township, China",36.72,97.42,"2450","Asia",NA,"2013","2013","dry","8",NA,"25","chemical",NA,NA,"25/22",NA,"12/12","GA3","100","0.333333333","N",NA,"N",NA,NA,NA,"per.germ","17.066","SE","4.085","3","50",NA,NA,"Figure 1","Germination test at alternating temp (12+12 hrs/cycle)",17.066,"SE","chemical","100",2,"yan16exp1 2"
NA,NA,NA,NA,NA,"23.5","25/22",NA,"alternating",25,22,"12/12",12,12,NA,NA,"GA3","dry","dry","25","8","percent.germ","light",NA,"yan16exp1","Daphne_giraldii","36.72 97.42","36.72 97.42 2450","yan16","exp1","MN","Daphne","giraldii","Nitsche","Y","N","Buer township, China",36.72,97.42,"2450","Asia",NA,"2013","2013","dry","8",NA,"25","chemical",NA,NA,"25/22",NA,"12/12","GA3","150","0.666666667","N",NA,"N",NA,NA,NA,"per.germ","16.963","SE","2.48","3","50",NA,NA,"Figure 1","Germination test at alternating temp (12+12 hrs/cycle)",16.963,"SE","chemical","150",2,"yan16exp1 2"
NA,NA,NA,NA,NA,"23.5","25/22",NA,"alternating",25,22,"12/12",12,12,NA,NA,"GA3","dry","dry","25","8","percent.germ","light",NA,"yan16exp1","Daphne_giraldii","36.72 97.42","36.72 97.42 2450","yan16","exp1","MN","Daphne","giraldii","Nitsche","Y","N","Buer township, China",36.72,97.42,"2450","Asia",NA,"2013","2013","dry","8",NA,"25","chemical",NA,NA,"25/22",NA,"12/12","GA3","200","0.666666667","N",NA,"N",NA,NA,NA,"per.germ","15.799","SE","1.216","3","50",NA,NA,"Figure 1","Germination test at alternating temp (12+12 hrs/cycle)",15.799,"SE","chemical","200",2,"yan16exp1 2"
NA,NA,NA,NA,NA,"23.5","25/22",NA,"alternating",25,22,"12/12",12,12,NA,NA,"GA3","dry","dry","25","8","percent.germ","light",NA,"yan16exp1","Daphne_giraldii","36.72 97.42","36.72 97.42 2450","yan16","exp1","MN","Daphne","giraldii","Nitsche","Y","N","Buer township, China",36.72,97.42,"2450","Asia",NA,"2013","2013","dry","8",NA,"25","chemical",NA,NA,"25/22",NA,"12/12","GA3","250","0.666666667","N",NA,"N",NA,NA,NA,"per.germ","14.529","SE","2.286","3","50",NA,NA,"Figure 1","Germination test at alternating temp (12+12 hrs/cycle)",14.529,"SE","chemical","250",2,"yan16exp1 2"
NA,NA,NA,NA,NA,"23.5","25/22",NA,"alternating",25,22,"12/12",12,12,NA,NA,"GA3","dry","dry","25","8","percent.germ","light",NA,"yan16exp1","Daphne_giraldii","36.72 97.42","36.72 97.42 2450","yan16","exp1","MN","Daphne","giraldii","Nitsche","Y","N","Buer township, China",36.72,97.42,"2450","Asia",NA,"2013","2013","dry","8",NA,"25","chemical",NA,NA,"25/22",NA,"12/12","GA3","100","0.666666667","N",NA,"N",NA,NA,NA,"per.germ","18.233","SE","1.216","3","50",NA,NA,"Figure 1","Germination test at alternating temp (12+12 hrs/cycle)",18.233,"SE","chemical","100",2,"yan16exp1 2"
NA,NA,NA,NA,NA,"23.5","25/22",NA,"alternating",25,22,"12/12",12,12,NA,NA,"GA3","dry","dry","25","8","percent.germ","light",NA,"yan16exp1","Daphne_giraldii","36.72 97.42","36.72 97.42 2450","yan16","exp1","MN","Daphne","giraldii","Nitsche","Y","N","Buer township, China",36.72,97.42,"2450","Asia",NA,"2013","2013","dry","8",NA,"25","chemical",NA,NA,"25/22",NA,"12/12","GA3","100","1","N",NA,"N",NA,NA,NA,"per.germ","16.434","SE","4.621","3","50",NA,NA,"Figure 1","Germination test at alternating temp (12+12 hrs/cycle)",16.434,"SE","chemical","100",2,"yan16exp1 2"
NA,NA,NA,NA,NA,"23.5","25/22",NA,"alternating",25,22,"12/12",12,12,NA,NA,"GA3","dry","dry","25","8","percent.germ","light",NA,"yan16exp1","Daphne_giraldii","36.72 97.42","36.72 97.42 2450","yan16","exp1","MN","Daphne","giraldii","Nitsche","Y","N","Buer township, China",36.72,97.42,"2450","Asia",NA,"2013","2013","dry","8",NA,"25","chemical",NA,NA,"25/22",NA,"12/12","GA3","150","1","N",NA,"N",NA,NA,NA,"per.germ","16.222","SE","2.139","3","50",NA,NA,"Figure 1","Germination test at alternating temp (12+12 hrs/cycle)",16.222,"SE","chemical","150",2,"yan16exp1 2"
NA,NA,NA,NA,NA,"23.5","25/22",NA,"alternating",25,22,"12/12",12,12,NA,NA,"GA3","dry","dry","25","8","percent.germ","light",NA,"yan16exp1","Daphne_giraldii","36.72 97.42","36.72 97.42 2450","yan16","exp1","MN","Daphne","giraldii","Nitsche","Y","N","Buer township, China",36.72,97.42,"2450","Asia",NA,"2013","2013","dry","8",NA,"25","chemical",NA,NA,"25/22",NA,"12/12","GA3","200","1","N",NA,"N",NA,NA,NA,"per.germ","15.587","SE","3.842","3","50",NA,NA,"Figure 1","Germination test at alternating temp (12+12 hrs/cycle)",15.587,"SE","chemical","200",2,"yan16exp1 2"
NA,NA,NA,NA,NA,"23.5","25/22",NA,"alternating",25,22,"12/12",12,12,NA,NA,"GA3","dry","dry","25","8","percent.germ","light",NA,"yan16exp1","Daphne_giraldii","36.72 97.42","36.72 97.42 2450","yan16","exp1","MN","Daphne","giraldii","Nitsche","Y","N","Buer township, China",36.72,97.42,"2450","Asia",NA,"2013","2013","dry","8",NA,"25","chemical",NA,NA,"25/22",NA,"12/12","GA3","250","1","N",NA,"N",NA,NA,NA,"per.germ","13.576","SE","2.189","3","50",NA,NA,"Figure 1","Germination test at alternating temp (12+12 hrs/cycle)",13.576,"SE","chemical","250",2,"yan16exp1 2"
NA,NA,NA,NA,NA,"23.5","25/22",NA,"alternating",25,22,"12/12",12,12,NA,NA,"GA3","dry","dry","25","8","percent.germ","light",NA,"yan16exp1","Daphne_giraldii","36.72 97.42","36.72 97.42 2450","yan16","exp1","MN","Daphne","giraldii","Nitsche","Y","N","Buer township, China",36.72,97.42,"2450","Asia",NA,"2013","2013","dry","8",NA,"25","chemical",NA,NA,"25/22",NA,"12/12","GA3","150","0.333333333","N",NA,"N",NA,NA,NA,"per.germ","15.322","SE","2.19","3","50",NA,NA,"Figure 1","Germination test at alternating temp (12+12 hrs/cycle)",15.322,"SE","chemical","150",2,"yan16exp1 2"
NA,NA,NA,NA,NA,"23.5","25/22",NA,"alternating",25,22,"12/12",12,12,NA,NA,"GA3","dry","dry","25","8","percent.germ","light",NA,"yan16exp1","Daphne_giraldii","36.72 97.42","36.72 97.42 2450","yan16","exp1","MN","Daphne","giraldii","Nitsche","Y","N","Buer township, China",36.72,97.42,"2450","Asia",NA,"2013","2013","dry","8",NA,"25","chemical",NA,NA,"25/22",NA,"12/12","GA3","200","0.333333333","N",NA,"N",NA,NA,NA,"per.germ","14.634","SE","2.044","3","50",NA,NA,"Figure 1","Germination test at alternating temp (12+12 hrs/cycle)",14.634,"SE","chemical","200",2,"yan16exp1 2"
NA,NA,NA,NA,NA,"23.5","25/22",NA,"alternating",25,22,"12/12",12,12,NA,NA,"GA3","dry","dry","25","8","percent.germ","light",NA,"yan16exp1","Daphne_giraldii","36.72 97.42","36.72 97.42 2450","yan16","exp1","MN","Daphne","giraldii","Nitsche","Y","N","Buer township, China",36.72,97.42,"2450","Asia",NA,"2013","2013","dry","8",NA,"25","chemical",NA,NA,"25/22",NA,"12/12","GA3","250","0.333333333","N",NA,"N",NA,NA,NA,"per.germ","14.687","SE","1.996","3","50",NA,NA,"Figure 1","Germination test at alternating temp (12+12 hrs/cycle)",14.687,"SE","chemical","250",2,"yan16exp1 2"
NA,NA,NA,NA,NA,"23.5","25/22",NA,"alternating",25,22,"12/12",12,12,NA,NA,"GA3","dry","dry","25","8","germ.rate","light",NA,"yan16exp1","Daphne_giraldii","36.72 97.42","36.72 97.42 2450","yan16","exp1","MN","Daphne","giraldii","Nitsche","Y","N","Buer township, China",36.72,97.42,"2450","Asia",NA,"2013","2013","dry","8",NA,"25","chemical",NA,NA,"25/22",NA,"12/12","GA3","200","0.333333333","N",NA,"N",NA,NA,NA,"germ.rate (days)","0.56","SE","0.21","3","50",NA,NA,"Figure 2","Germination test at alternating temp (12+12 hrs/cycle)",0.56,"SE","chemical","200",6,"yan16exp1 6"
NA,NA,NA,NA,NA,"23.5","25/22",NA,"alternating",25,22,"12/12",12,12,NA,NA,"GA3","dry","dry","25","8","germ.rate","light",NA,"yan16exp1","Daphne_giraldii","36.72 97.42","36.72 97.42 2450","yan16","exp1","MN","Daphne","giraldii","Nitsche","Y","N","Buer township, China",36.72,97.42,"2450","Asia",NA,"2013","2013","dry","8",NA,"25","chemical",NA,NA,"25/22",NA,"12/12","GA3","250","0.333333333","N",NA,"N",NA,NA,NA,"germ.rate (days)","0.58","SE","0.057","3","50",NA,NA,"Figure 2","Germination test at alternating temp (12+12 hrs/cycle)",0.58,"SE","chemical","250",6,"yan16exp1 6"
NA,NA,NA,NA,NA,"23.5","25/22",NA,"alternating",25,22,"12/12",12,12,NA,NA,"GA3","dry","dry","25","8","germ.rate","light",NA,"yan16exp1","Daphne_giraldii","36.72 97.42","36.72 97.42 2450","yan16","exp1","MN","Daphne","giraldii","Nitsche","Y","N","Buer township, China",36.72,97.42,"2450","Asia",NA,"2013","2013","dry","8",NA,"25","chemical",NA,NA,"25/22",NA,"12/12","GA3","100","0.333333333","N",NA,"N",NA,NA,NA,"germ.rate (days)","0.53","SE","0.245","3","50",NA,NA,"Figure 2","Germination test at alternating temp (12+12 hrs/cycle)",0.53,"SE","chemical","100",6,"yan16exp1 6"
NA,NA,NA,NA,NA,"23.5","25/22",NA,"alternating",25,22,"12/12",12,12,NA,NA,"GA3","dry","dry","25","8","germ.rate","light",NA,"yan16exp1","Daphne_giraldii","36.72 97.42","36.72 97.42 2450","yan16","exp1","MN","Daphne","giraldii","Nitsche","Y","N","Buer township, China",36.72,97.42,"2450","Asia",NA,"2013","2013","dry","8",NA,"25","chemical",NA,NA,"25/22",NA,"12/12","GA3","150","0.333333333","N",NA,"N",NA,NA,NA,"germ.rate (days)","0.57","SE","0.076","3","50",NA,NA,"Figure 2","Germination test at alternating temp (12+12 hrs/cycle)",0.57,"SE","chemical","150",6,"yan16exp1 6"
NA,NA,NA,NA,NA,"23.5","25/22",NA,"alternating",25,22,"12/12",12,12,NA,NA,"GA3","dry","dry","25","8","germ.rate","light",NA,"yan16exp1","Daphne_giraldii","36.72 97.42","36.72 97.42 2450","yan16","exp1","MN","Daphne","giraldii","Nitsche","Y","N","Buer township, China",36.72,97.42,"2450","Asia",NA,"2013","2013","dry","8",NA,"25","chemical",NA,NA,"25/22",NA,"12/12","GA3","150","0.666666667","N",NA,"N",NA,NA,NA,"germ.rate (days)","0.47","SE","0.188","3","50",NA,NA,"Figure 2","Germination test at alternating temp (12+12 hrs/cycle)",0.47,"SE","chemical","150",6,"yan16exp1 6"
NA,NA,NA,NA,NA,"23.5","25/22",NA,"alternating",25,22,"12/12",12,12,NA,NA,"GA3","dry","dry","25","8","germ.rate","light",NA,"yan16exp1","Daphne_giraldii","36.72 97.42","36.72 97.42 2450","yan16","exp1","MN","Daphne","giraldii","Nitsche","Y","N","Buer township, China",36.72,97.42,"2450","Asia",NA,"2013","2013","dry","8",NA,"25","chemical",NA,NA,"25/22",NA,"12/12","GA3","200","0.666666667","N",NA,"N",NA,NA,NA,"germ.rate (days)","0.60","SE","0.245","3","50",NA,NA,"Figure 2","Germination test at alternating temp (12+12 hrs/cycle)",0.6,"SE","chemical","200",6,"yan16exp1 6"
NA,NA,NA,NA,NA,"23.5","25/22",NA,"alternating",25,22,"12/12",12,12,NA,NA,"GA3","dry","dry","25","8","germ.rate","light",NA,"yan16exp1","Daphne_giraldii","36.72 97.42","36.72 97.42 2450","yan16","exp1","MN","Daphne","giraldii","Nitsche","Y","N","Buer township, China",36.72,97.42,"2450","Asia",NA,"2013","2013","dry","8",NA,"25","chemical",NA,NA,"25/22",NA,"12/12","GA3","250","0.666666667","N",NA,"N",NA,NA,NA,"germ.rate (days)","0.54","SE","0.08","3","50",NA,NA,"Figure 2","Germination test at alternating temp (12+12 hrs/cycle)",0.54,"SE","chemical","250",6,"yan16exp1 6"
NA,NA,NA,NA,NA,"23.5","25/22",NA,"alternating",25,22,"12/12",12,12,NA,NA,"GA3","dry","dry","25","8","germ.rate","light",NA,"yan16exp1","Daphne_giraldii","36.72 97.42","36.72 97.42 2450","yan16","exp1","MN","Daphne","giraldii","Nitsche","Y","N","Buer township, China",36.72,97.42,"2450","Asia",NA,"2013","2013","dry","8",NA,"25","chemical",NA,NA,"25/22",NA,"12/12","GA3","100","0.666666667","N",NA,"N",NA,NA,NA,"germ.rate (days)","0.63","SE","0.137","3","50",NA,NA,"Figure 2","Germination test at alternating temp (12+12 hrs/cycle)",0.63,"SE","chemical","100",6,"yan16exp1 6"
NA,NA,NA,NA,NA,"23.5","25/22",NA,"alternating",25,22,"12/12",12,12,NA,NA,"GA3","dry","dry","25","8","germ.rate","light",NA,"yan16exp1","Daphne_giraldii","36.72 97.42","36.72 97.42 2450","yan16","exp1","MN","Daphne","giraldii","Nitsche","Y","N","Buer township, China",36.72,97.42,"2450","Asia",NA,"2013","2013","dry","8",NA,"25","chemical",NA,NA,"25/22",NA,"12/12","GA3","100","1","N",NA,"N",NA,NA,NA,"germ.rate (days)","0.54","SE","0.181","3","50",NA,NA,"Figure 2","Germination test at alternating temp (12+12 hrs/cycle)",0.54,"SE","chemical","100",6,"yan16exp1 6"
NA,NA,NA,NA,NA,"23.5","25/22",NA,"alternating",25,22,"12/12",12,12,NA,NA,"GA3","dry","dry","25","8","germ.rate","light",NA,"yan16exp1","Daphne_giraldii","36.72 97.42","36.72 97.42 2450","yan16","exp1","MN","Daphne","giraldii","Nitsche","Y","N","Buer township, China",36.72,97.42,"2450","Asia",NA,"2013","2013","dry","8",NA,"25","chemical",NA,NA,"25/22",NA,"12/12","GA3","150","1","N",NA,"N",NA,NA,NA,"germ.rate (days)","0.61","SE","0.359","3","50",NA,NA,"Figure 2","Germination test at alternating temp (12+12 hrs/cycle)",0.61,"SE","chemical","150",6,"yan16exp1 6"
NA,NA,NA,NA,NA,"23.5","25/22",NA,"alternating",25,22,"12/12",12,12,NA,NA,"GA3","dry","dry","25","8","germ.rate","light",NA,"yan16exp1","Daphne_giraldii","36.72 97.42","36.72 97.42 2450","yan16","exp1","MN","Daphne","giraldii","Nitsche","Y","N","Buer township, China",36.72,97.42,"2450","Asia",NA,"2013","2013","dry","8",NA,"25","chemical",NA,NA,"25/22",NA,"12/12","GA3","200","1","N",NA,"N",NA,NA,NA,"germ.rate (days)","0.61","SE","0.207","3","50",NA,NA,"Figure 2","Germination test at alternating temp (12+12 hrs/cycle)",0.61,"SE","chemical","200",6,"yan16exp1 6"
NA,NA,NA,NA,NA,"23.5","25/22",NA,"alternating",25,22,"12/12",12,12,NA,NA,"GA3","dry","dry","25","8","germ.rate","light",NA,"yan16exp1","Daphne_giraldii","36.72 97.42","36.72 97.42 2450","yan16","exp1","MN","Daphne","giraldii","Nitsche","Y","N","Buer township, China",36.72,97.42,"2450","Asia",NA,"2013","2013","dry","8",NA,"25","chemical",NA,NA,"25/22",NA,"12/12","GA3","250","1","N",NA,"N",NA,NA,NA,"germ.rate (days)","0.61","SE","0.168","3","50",NA,NA,"Figure 2","Germination test at alternating temp (12+12 hrs/cycle)",0.61,"SE","chemical","250",6,"yan16exp1 6"
NA,NA,NA,NA,NA,"ambient","ambient",NA,"constant",NA,NA,NA,NA,NA,NA,NA,"GA3",NA,NA,NA,NA,"day.first.emergence",NA,NA,"yaqoob17exp1","Ferula_jaeschkeana","NA NA","NA NA NA","yaqoob17","exp1","MN","Ferula","jaeschkeana",NA,"N","N",NA,NA,NA,NA,NA,NA,"2012",NA,NA,NA,NA,NA,"dry stratifciation (60 days)",NA,NA,"16-22","chemical",NA,"GA3","125",NA,"N",NA,"N",NA,NA,NA,"days taken until first seed germination","42.66","SE","0.57","3","10",NA,NA,"Table 1",NA,42.66,"SE","dry stratifciation (60 days)","125",1,"yaqoob17exp1 1"
NA,NA,NA,NA,NA,"ambient","ambient",NA,"constant",NA,NA,NA,NA,NA,NA,NA,"GA3",NA,NA,NA,NA,"day.first.emergence",NA,NA,"yaqoob17exp1","Ferula_jaeschkeana","NA NA","NA NA NA","yaqoob17","exp1","MN","Ferula","jaeschkeana",NA,"N","N",NA,NA,NA,NA,NA,NA,"2012",NA,NA,NA,NA,NA,"dry stratifciation (60 days)",NA,NA,"16-22","chemical",NA,"GA3","250",NA,"N",NA,"N",NA,NA,NA,"days taken until first seed germination","46","SE","1","3","10",NA,NA,"Table 1",NA,46,"SE","dry stratifciation (60 days)","250",1,"yaqoob17exp1 1"
NA,NA,NA,NA,NA,"ambient","ambient",NA,"constant",NA,NA,NA,NA,NA,NA,NA,"GA3",NA,NA,NA,NA,"day.first.emergence",NA,NA,"yaqoob17exp1","Ferula_jaeschkeana","NA NA","NA NA NA","yaqoob17","exp1","MN","Ferula","jaeschkeana",NA,"N","N",NA,NA,NA,NA,NA,NA,"2012",NA,NA,NA,NA,NA,"dry stratifciation (60 days)",NA,NA,"16-22","chemical",NA,"GA3","125",NA,"N",NA,"N",NA,NA,NA,"days taken until first seed germination","42.24","SE","1.389","3","10",NA,NA,"Figure 2",NA,42.24,"SE","dry stratifciation (60 days)","125",1,"yaqoob17exp1 1"
NA,NA,NA,NA,NA,"ambient","ambient",NA,"constant",NA,NA,NA,NA,NA,NA,NA,"GA3",NA,NA,NA,NA,"day.first.emergence",NA,NA,"yaqoob17exp1","Ferula_jaeschkeana","NA NA","NA NA NA","yaqoob17","exp1","MN","Ferula","jaeschkeana",NA,"N","N",NA,NA,NA,NA,NA,NA,"2012",NA,NA,NA,NA,NA,"dry stratifciation (60 days)",NA,NA,"16-22","chemical",NA,"GA3","250",NA,"N",NA,"N",NA,NA,NA,"days taken until first seed germination","45.811","SE","1.768","3","10",NA,NA,"Figure 2",NA,45.811,"SE","dry stratifciation (60 days)","250",1,"yaqoob17exp1 1"
NA,NA,NA,NA,NA,"ambient","ambient",NA,"constant",NA,NA,NA,NA,NA,NA,NA,"GA3",NA,NA,NA,NA,"mgt",NA,NA,"yaqoob17exp1","Ferula_jaeschkeana","NA NA","NA NA NA","yaqoob17","exp1","MN","Ferula","jaeschkeana",NA,"N","N",NA,NA,NA,NA,NA,NA,"2012",NA,NA,NA,NA,NA,"dry stratifciation (60 days)",NA,NA,"16-22","chemical",NA,"GA3","125",NA,"N",NA,"N",NA,NA,NA,"mgt","45.726",NA,NA,"3","10",NA,NA,"Figure 2",NA,45.726,NA,"dry stratifciation (60 days)","125",5,"yaqoob17exp1 5"
NA,NA,NA,NA,NA,"ambient","ambient",NA,"constant",NA,NA,NA,NA,NA,NA,NA,"GA3",NA,NA,NA,NA,"mgt",NA,NA,"yaqoob17exp1","Ferula_jaeschkeana","NA NA","NA NA NA","yaqoob17","exp1","MN","Ferula","jaeschkeana",NA,"N","N",NA,NA,NA,NA,NA,NA,"2012",NA,NA,NA,NA,NA,"dry stratifciation (60 days)",NA,NA,"16-22","chemical",NA,"GA3","250",NA,"N",NA,"N",NA,NA,NA,"mgt","50.199",NA,NA,"3","10",NA,NA,"Figure 2",NA,50.199,NA,"dry stratifciation (60 days)","250",5,"yaqoob17exp1 5"
NA,NA,NA,NA,NA,"ambient","ambient",NA,"constant",NA,NA,NA,NA,NA,NA,NA,"GA3",NA,NA,NA,NA,"mgt",NA,NA,"yaqoob17exp1","Ferula_jaeschkeana","NA NA","NA NA NA","yaqoob17","exp1","MN","Ferula","jaeschkeana",NA,"N","N",NA,NA,NA,NA,NA,NA,"2012",NA,NA,NA,NA,NA,"dry stratifciation (60 days)",NA,NA,"16-22","chemical",NA,"GA3","250",NA,"N",NA,"N",NA,NA,NA,"mgt","49.98",NA,NA,"3","10",NA,NA,"Table 1",NA,49.98,NA,"dry stratifciation (60 days)","250",5,"yaqoob17exp1 5"
NA,NA,NA,NA,NA,"ambient","ambient",NA,"constant",NA,NA,NA,NA,NA,NA,NA,"GA3",NA,NA,NA,NA,"mgt",NA,NA,"yaqoob17exp1","Ferula_jaeschkeana","NA NA","NA NA NA","yaqoob17","exp1","MN","Ferula","jaeschkeana",NA,"N","N",NA,NA,NA,NA,NA,NA,"2012",NA,NA,NA,NA,NA,"dry stratifciation (60 days)",NA,NA,"16-22","chemical",NA,"GA3","125",NA,"N",NA,"N",NA,NA,NA,"mgt","46.33",NA,NA,"3","10",NA,NA,"Table 1",NA,46.33,NA,"dry stratifciation (60 days)","125",5,"yaqoob17exp1 5"
NA,NA,NA,NA,NA,"ambient","ambient",NA,"constant",NA,NA,NA,NA,NA,NA,NA,"GA3",NA,NA,NA,NA,"percent.germ",NA,NA,"yaqoob17exp1","Ferula_jaeschkeana","NA NA","NA NA NA","yaqoob17","exp1","MN","Ferula","jaeschkeana",NA,"N","N",NA,NA,NA,NA,NA,NA,"2012",NA,NA,NA,NA,NA,"dry stratifciation (60 days)",NA,NA,"16-22","chemical",NA,"GA3","125",NA,"N",NA,"N",NA,NA,NA,"per.germ","26.6","SE","5.8","3","10",NA,NA,"Table 1",NA,26.6,"SE","dry stratifciation (60 days)","125",9,"yaqoob17exp1 9"
NA,NA,NA,NA,NA,"ambient","ambient",NA,"constant",NA,NA,NA,NA,NA,NA,NA,"GA3",NA,NA,NA,NA,"percent.germ",NA,NA,"yaqoob17exp1","Ferula_jaeschkeana","NA NA","NA NA NA","yaqoob17","exp1","MN","Ferula","jaeschkeana",NA,"N","N",NA,NA,NA,NA,NA,NA,"2012",NA,NA,NA,NA,NA,"dry stratifciation (60 days)",NA,NA,"16-22","chemical",NA,"GA3","250",NA,"N",NA,"N",NA,NA,NA,"per.germ","23.326","SE","6.486","3","10",NA,NA,"Figure 2",NA,23.326,"SE","dry stratifciation (60 days)","250",9,"yaqoob17exp1 9"
NA,NA,NA,NA,NA,"ambient","ambient",NA,"constant",NA,NA,NA,NA,NA,NA,NA,"GA3",NA,NA,NA,NA,"percent.germ",NA,NA,"yaqoob17exp1","Ferula_jaeschkeana","NA NA","NA NA NA","yaqoob17","exp1","MN","Ferula","jaeschkeana",NA,"N","N",NA,NA,NA,NA,NA,NA,"2012",NA,NA,NA,NA,NA,"dry stratifciation (60 days)",NA,NA,"16-22","chemical",NA,"GA3","250",NA,"N",NA,"N",NA,NA,NA,"per.germ","23.3","SE","2.88","3","10",NA,NA,"Table 1",NA,23.3,"SE","dry stratifciation (60 days)","250",9,"yaqoob17exp1 9"
NA,NA,NA,NA,NA,"ambient","ambient",NA,"constant",NA,NA,NA,NA,NA,NA,NA,"GA3",NA,NA,NA,NA,"percent.germ",NA,NA,"yaqoob17exp1","Ferula_jaeschkeana","NA NA","NA NA NA","yaqoob17","exp1","MN","Ferula","jaeschkeana",NA,"N","N",NA,NA,NA,NA,NA,NA,"2012",NA,NA,NA,NA,NA,"dry stratifciation (60 days)",NA,NA,"16-22","chemical",NA,"GA3","125",NA,"N",NA,"N",NA,NA,NA,"per.germ","27.308","SE","5.501","3","10",NA,NA,"Figure 2",NA,27.308,"SE","dry stratifciation (60 days)","125",9,"yaqoob17exp1 9"
NA,NA,NA,NA,NA,"ambient","ambient",NA,"constant",NA,NA,NA,NA,NA,NA,NA,"GA3",NA,NA,NA,NA,"mean.daily.germ",NA,NA,"yaqoob17exp1","Ferula_jaeschkeana","NA NA","NA NA NA","yaqoob17","exp1","MN","Ferula","jaeschkeana",NA,"N","N",NA,NA,NA,NA,NA,NA,"2012",NA,NA,NA,NA,NA,"dry stratifciation (60 days)",NA,NA,"16-22","chemical",NA,"GA3","125",NA,"N",NA,"N",NA,NA,NA,"mean daily germ","0.44","SE","0.05","3","10",NA,NA,"Table 2",NA,0.44,"SE","dry stratifciation (60 days)","125",13,"yaqoob17exp1 13"
NA,NA,NA,NA,NA,"ambient","ambient",NA,"constant",NA,NA,NA,NA,NA,NA,NA,"GA3",NA,NA,NA,NA,"mean.daily.germ",NA,NA,"yaqoob17exp1","Ferula_jaeschkeana","NA NA","NA NA NA","yaqoob17","exp1","MN","Ferula","jaeschkeana",NA,"N","N",NA,NA,NA,NA,NA,NA,"2012",NA,NA,NA,NA,NA,"dry stratifciation (60 days)",NA,NA,"16-22","chemical",NA,"GA3","250",NA,"N",NA,"N",NA,NA,NA,"mean daily germ","0.38","SE","0.02","3","10",NA,NA,"Table 2",NA,0.38,"SE","dry stratifciation (60 days)","250",13,"yaqoob17exp1 13"
NA,NA,NA,NA,NA,"ambient","ambient",NA,"constant",NA,NA,NA,NA,NA,NA,NA,"GA3",NA,NA,NA,NA,"mean.daily.germ",NA,NA,"yaqoob17exp1","Ferula_jaeschkeana","NA NA","NA NA NA","yaqoob17","exp1","MN","Ferula","jaeschkeana",NA,"N","N",NA,NA,NA,NA,NA,NA,"2012",NA,NA,NA,NA,NA,"dry stratifciation (60 days)",NA,NA,"16-22","chemical",NA,"GA3","125",NA,"N",NA,"N",NA,NA,NA,"mean daily germ","0.455",NA,NA,"3","10",NA,NA,"Figure 3",NA,0.455,NA,"dry stratifciation (60 days)","125",13,"yaqoob17exp1 13"
NA,NA,NA,NA,NA,"ambient","ambient",NA,"constant",NA,NA,NA,NA,NA,NA,NA,"GA3",NA,NA,NA,NA,"mean.daily.germ",NA,NA,"yaqoob17exp1","Ferula_jaeschkeana","NA NA","NA NA NA","yaqoob17","exp1","MN","Ferula","jaeschkeana",NA,"N","N",NA,NA,NA,NA,NA,NA,"2012",NA,NA,NA,NA,NA,"dry stratifciation (60 days)",NA,NA,"16-22","chemical",NA,"GA3","250",NA,"N",NA,"N",NA,NA,NA,"mean daily germ","0.386",NA,NA,"3","10",NA,NA,"Figure 3",NA,0.386,NA,"dry stratifciation (60 days)","250",13,"yaqoob17exp1 13"
NA,NA,NA,NA,NA,"ambient","ambient",NA,"constant",NA,NA,NA,NA,NA,NA,NA,"GA3",NA,NA,NA,NA,"germ.index",NA,NA,"yaqoob17exp1","Ferula_jaeschkeana","NA NA","NA NA NA","yaqoob17","exp1","MN","Ferula","jaeschkeana",NA,"N","N",NA,NA,NA,NA,NA,NA,"2012",NA,NA,NA,NA,NA,"dry stratifciation (60 days)",NA,NA,"16-22","chemical",NA,"GA3","250",NA,"N",NA,"N",NA,NA,NA,"germ index","0.05","SE","0.008","3","10",NA,NA,"Table 2",NA,0.05,"SE","dry stratifciation (60 days)","250",17,"yaqoob17exp1 17"
NA,NA,NA,NA,NA,"ambient","ambient",NA,"constant",NA,NA,NA,NA,NA,NA,NA,"GA3",NA,NA,NA,NA,"germ.index",NA,NA,"yaqoob17exp1","Ferula_jaeschkeana","NA NA","NA NA NA","yaqoob17","exp1","MN","Ferula","jaeschkeana",NA,"N","N",NA,NA,NA,NA,NA,NA,"2012",NA,NA,NA,NA,NA,"dry stratifciation (60 days)",NA,NA,"16-22","chemical",NA,"GA3","250",NA,"N",NA,"N",NA,NA,NA,"germ index","0.062",NA,NA,"3","10",NA,NA,"Figure 3",NA,0.062,NA,"dry stratifciation (60 days)","250",17,"yaqoob17exp1 17"
NA,NA,NA,NA,NA,"ambient","ambient",NA,"constant",NA,NA,NA,NA,NA,NA,NA,"GA3",NA,NA,NA,NA,"germ.index",NA,NA,"yaqoob17exp1","Ferula_jaeschkeana","NA NA","NA NA NA","yaqoob17","exp1","MN","Ferula","jaeschkeana",NA,"N","N",NA,NA,NA,NA,NA,NA,"2012",NA,NA,NA,NA,NA,"dry stratifciation (60 days)",NA,NA,"16-22","chemical",NA,"GA3","125",NA,"N",NA,"N",NA,NA,NA,"germ index","0.06","SE","0.005","3","10",NA,NA,"Table 2",NA,0.06,"SE","dry stratifciation (60 days)","125",17,"yaqoob17exp1 17"
NA,NA,NA,NA,NA,"ambient","ambient",NA,"constant",NA,NA,NA,NA,NA,NA,NA,"GA3",NA,NA,NA,NA,"germ.index",NA,NA,"yaqoob17exp1","Ferula_jaeschkeana","NA NA","NA NA NA","yaqoob17","exp1","MN","Ferula","jaeschkeana",NA,"N","N",NA,NA,NA,NA,NA,NA,"2012",NA,NA,NA,NA,NA,"dry stratifciation (60 days)",NA,NA,"16-22","chemical",NA,"GA3","125",NA,"N",NA,"N",NA,NA,NA,"germ index","0.076",NA,NA,"3","10",NA,NA,"Figure 3",NA,0.076,NA,"dry stratifciation (60 days)","125",17,"yaqoob17exp1 17"
NA,NA,NA,NA,NA,"ambient","ambient",NA,"constant",NA,NA,NA,NA,NA,NA,NA,"GA3",NA,NA,NA,NA,"germ.rate",NA,NA,"yaqoob17exp1","Ferula_jaeschkeana","NA NA","NA NA NA","yaqoob17","exp1","MN","Ferula","jaeschkeana",NA,"N","N",NA,NA,NA,NA,NA,NA,"2012",NA,NA,NA,NA,NA,"dry stratifciation (60 days)",NA,NA,"16-22","chemical",NA,"GA3","125",NA,"N",NA,"N",NA,NA,NA,"germ rate","0.41","SE","0.05","3","10",NA,NA,"Table 2",NA,0.41,"SE","dry stratifciation (60 days)","125",21,"yaqoob17exp1 21"
NA,NA,NA,NA,NA,"ambient","ambient",NA,"constant",NA,NA,NA,NA,NA,NA,NA,"GA3",NA,NA,NA,NA,"germ.rate",NA,NA,"yaqoob17exp1","Ferula_jaeschkeana","NA NA","NA NA NA","yaqoob17","exp1","MN","Ferula","jaeschkeana",NA,"N","N",NA,NA,NA,NA,NA,NA,"2012",NA,NA,NA,NA,NA,"dry stratifciation (60 days)",NA,NA,"16-22","chemical",NA,"GA3","250",NA,"N",NA,"N",NA,NA,NA,"germ rate","0.39","SE","0.02","3","10",NA,NA,"Table 2",NA,0.39,"SE","dry stratifciation (60 days)","250",21,"yaqoob17exp1 21"
NA,NA,NA,NA,NA,"ambient","ambient",NA,"constant",NA,NA,NA,NA,NA,NA,NA,"GA3",NA,NA,NA,NA,"germ.rate",NA,NA,"yaqoob17exp1","Ferula_jaeschkeana","NA NA","NA NA NA","yaqoob17","exp1","MN","Ferula","jaeschkeana",NA,"N","N",NA,NA,NA,NA,NA,NA,"2012",NA,NA,NA,NA,NA,"dry stratifciation (60 days)",NA,NA,"16-22","chemical",NA,"GA3","125",NA,"N",NA,"N",NA,NA,NA,"germ rate","0.414",NA,NA,"3","10",NA,NA,"Figure 3",NA,0.414,NA,"dry stratifciation (60 days)","125",21,"yaqoob17exp1 21"
NA,NA,NA,NA,NA,"ambient","ambient",NA,"constant",NA,NA,NA,NA,NA,NA,NA,"GA3",NA,NA,NA,NA,"germ.rate",NA,NA,"yaqoob17exp1","Ferula_jaeschkeana","NA NA","NA NA NA","yaqoob17","exp1","MN","Ferula","jaeschkeana",NA,"N","N",NA,NA,NA,NA,NA,NA,"2012",NA,NA,NA,NA,NA,"dry stratifciation (60 days)",NA,NA,"16-22","chemical",NA,"GA3","250",NA,"N",NA,"N",NA,NA,NA,"germ rate","0.387",NA,NA,"3","10",NA,NA,"Figure 3",NA,0.387,NA,"dry stratifciation (60 days)","250",21,"yaqoob17exp1 21"
NA,NA,NA,NA,NA,"ambient","ambient",NA,"constant",NA,NA,NA,NA,NA,NA,NA,"GA3",NA,NA,NA,NA,"germ.value",NA,NA,"yaqoob17exp1","Ferula_jaeschkeana","NA NA","NA NA NA","yaqoob17","exp1","MN","Ferula","jaeschkeana",NA,"N","N",NA,NA,NA,NA,NA,NA,"2012",NA,NA,NA,NA,NA,"dry stratifciation (60 days)",NA,NA,"16-22","chemical",NA,"GA3","250",NA,"N",NA,"N",NA,NA,NA,"germ value (D)","3.43","SE","0","3","10",NA,NA,"Table 2","Diavanshir and Pourbiek’s germination value",3.43,"SE","dry stratifciation (60 days)","250",25,"yaqoob17exp1 25"
NA,NA,NA,NA,NA,"ambient","ambient",NA,"constant",NA,NA,NA,NA,NA,NA,NA,"GA3",NA,NA,NA,NA,"germ.value",NA,NA,"yaqoob17exp1","Ferula_jaeschkeana","NA NA","NA NA NA","yaqoob17","exp1","MN","Ferula","jaeschkeana",NA,"N","N",NA,NA,NA,NA,NA,NA,"2012",NA,NA,NA,NA,NA,"dry stratifciation (60 days)",NA,NA,"16-22","chemical",NA,"GA3","250",NA,"N",NA,"N",NA,NA,NA,"germ value","0.21","SE","0","3","10",NA,NA,"Table 2",NA,0.21,"SE","dry stratifciation (60 days)","250",25,"yaqoob17exp1 25"
NA,NA,NA,NA,NA,"ambient","ambient",NA,"constant",NA,NA,NA,NA,NA,NA,NA,"GA3",NA,NA,NA,NA,"germ.value",NA,NA,"yaqoob17exp1","Ferula_jaeschkeana","NA NA","NA NA NA","yaqoob17","exp1","MN","Ferula","jaeschkeana",NA,"N","N",NA,NA,NA,NA,NA,NA,"2012",NA,NA,NA,NA,NA,"dry stratifciation (60 days)",NA,NA,"16-22","chemical",NA,"GA3","125",NA,"N",NA,"N",NA,NA,NA,"germ value","0.25","SE","0","3","10",NA,NA,"Table 2",NA,0.25,"SE","dry stratifciation (60 days)","125",25,"yaqoob17exp1 25"
NA,NA,NA,NA,NA,"ambient","ambient",NA,"constant",NA,NA,NA,NA,NA,NA,NA,"GA3",NA,NA,NA,NA,"germ.value",NA,NA,"yaqoob17exp1","Ferula_jaeschkeana","NA NA","NA NA NA","yaqoob17","exp1","MN","Ferula","jaeschkeana",NA,"N","N",NA,NA,NA,NA,NA,NA,"2012",NA,NA,NA,NA,NA,"dry stratifciation (60 days)",NA,NA,"16-22","chemical",NA,"GA3","125",NA,"N",NA,"N",NA,NA,NA,"germ value (D)","4.749",NA,NA,"3","10",NA,NA,"Figure 3","Diavanshir and Pourbiek’s germination value",4.749,NA,"dry stratifciation (60 days)","125",25,"yaqoob17exp1 25"
NA,NA,NA,NA,NA,"ambient","ambient",NA,"constant",NA,NA,NA,NA,NA,NA,NA,"GA3",NA,NA,NA,NA,"germ.value",NA,NA,"yaqoob17exp1","Ferula_jaeschkeana","NA NA","NA NA NA","yaqoob17","exp1","MN","Ferula","jaeschkeana",NA,"N","N",NA,NA,NA,NA,NA,NA,"2012",NA,NA,NA,NA,NA,"dry stratifciation (60 days)",NA,NA,"16-22","chemical",NA,"GA3","250",NA,"N",NA,"N",NA,NA,NA,"germ value (D)","4.302",NA,NA,"3","10",NA,NA,"Figure 3","Diavanshir and Pourbiek’s germination value",4.302,NA,"dry stratifciation (60 days)","250",25,"yaqoob17exp1 25"
NA,NA,NA,NA,NA,"ambient","ambient",NA,"constant",NA,NA,NA,NA,NA,NA,NA,"GA3",NA,NA,NA,NA,"germ.value",NA,NA,"yaqoob17exp1","Ferula_jaeschkeana","NA NA","NA NA NA","yaqoob17","exp1","MN","Ferula","jaeschkeana",NA,"N","N",NA,NA,NA,NA,NA,NA,"2012",NA,NA,NA,NA,NA,"dry stratifciation (60 days)",NA,NA,"16-22","chemical",NA,"GA3","125",NA,"N",NA,"N",NA,NA,NA,"germ value","0.259",NA,NA,"3","10",NA,NA,"Figure 3",NA,0.259,NA,"dry stratifciation (60 days)","125",25,"yaqoob17exp1 25"
NA,NA,NA,NA,NA,"ambient","ambient",NA,"constant",NA,NA,NA,NA,NA,NA,NA,"GA3",NA,NA,NA,NA,"germ.value",NA,NA,"yaqoob17exp1","Ferula_jaeschkeana","NA NA","NA NA NA","yaqoob17","exp1","MN","Ferula","jaeschkeana",NA,"N","N",NA,NA,NA,NA,NA,NA,"2012",NA,NA,NA,NA,NA,"dry stratifciation (60 days)",NA,NA,"16-22","chemical",NA,"GA3","250",NA,"N",NA,"N",NA,NA,NA,"germ value","0.211",NA,NA,"3","10",NA,NA,"Figure 3",NA,0.211,NA,"dry stratifciation (60 days)","250",25,"yaqoob17exp1 25"
NA,NA,NA,NA,NA,"ambient","ambient",NA,"constant",NA,NA,NA,NA,NA,NA,NA,"GA3",NA,NA,NA,NA,"germ.value",NA,NA,"yaqoob17exp1","Ferula_jaeschkeana","NA NA","NA NA NA","yaqoob17","exp1","MN","Ferula","jaeschkeana",NA,"N","N",NA,NA,NA,NA,NA,NA,"2012",NA,NA,NA,NA,NA,"dry stratifciation (60 days)",NA,NA,"16-22","chemical",NA,"GA3","125",NA,"N",NA,"N",NA,NA,NA,"germ value (D)","3.94","SE","0","3","10",NA,NA,"Table 2","Diavanshir and Pourbiek’s germination value",3.94,"SE","dry stratifciation (60 days)","125",25,"yaqoob17exp1 25"
NA,"0",NA,NA,NA,"20","20",10,"constant",20,NA,"0/24",0,24,NA,NA,"GA3","airtight","plastic","20",NA,"percent.germ","dark",NA,"zadeh15exp1","Echinacea_purpurea","NA NA","NA NA NA","zadeh15","exp1","MN","Echinacea","purpurea","Magnus","N","N","Goldaro Company, Isfahan Iran",NA,NA,NA,"Asia",NA,NA,NA,"plastic bag",NA,NA,"20","chemical",NA,NA,"20",NA,"0","GA3","1000","0.5","N",NA,"Y","70% ethanol, 5% sodium hypochlorite","70% ethanol (0.167 min), 5% sodium hypochlorite (10 min)",NA,"per.germ","28.6",NA,NA,"4","50","10",NA,"Table 1",NA,28.6,NA,"cold stratification x hormone","1000",5,"zadeh15exp1 5"
NA,"0",NA,NA,NA,"20","20",10,"constant",20,NA,"0/24",0,24,NA,NA,"GA3","airtight","plastic","20",NA,"percent.germ","dark",NA,"zadeh15exp1","Echinacea_purpurea","NA NA","NA NA NA","zadeh15","exp1","MN","Echinacea","purpurea","Magnus","N","N","Goldaro Company, Isfahan Iran",NA,NA,NA,"Asia",NA,NA,NA,"plastic bag",NA,NA,"20","chemical",NA,NA,"20",NA,"0","GA3","250","0.5","N",NA,"Y","70% ethanol, 5% sodium hypochlorite","70% ethanol (0.167 min), 5% sodium hypochlorite (10 min)",NA,"per.germ","55.36",NA,NA,"4","50","10",NA,"Table 1",NA,55.36,NA,"cold stratification x hormone","250",5,"zadeh15exp1 5"
NA,"0",NA,NA,NA,"20","20",10,"constant",20,NA,"0/24",0,24,NA,NA,"GA3","airtight","plastic","20",NA,"percent.germ","dark",NA,"zadeh15exp1","Echinacea_purpurea","NA NA","NA NA NA","zadeh15","exp1","MN","Echinacea","purpurea","Magnus","N","N","Goldaro Company, Isfahan Iran",NA,NA,NA,"Asia",NA,NA,NA,"plastic bag",NA,NA,"20","chemical",NA,NA,"20",NA,"0","GA3","1500","0.5","N",NA,"Y","70% ethanol, 5% sodium hypochlorite","70% ethanol (0.167 min), 5% sodium hypochlorite (10 min)",NA,"per.germ","22.6",NA,NA,"4","50","10",NA,"Table 1",NA,22.6,NA,"cold stratification x hormone","1500",5,"zadeh15exp1 5"
NA,"0",NA,NA,NA,"20","20",10,"constant",20,NA,"0/24",0,24,NA,NA,"GA3","airtight","plastic","20",NA,"percent.germ","dark",NA,"zadeh15exp1","Echinacea_purpurea","NA NA","NA NA NA","zadeh15","exp1","MN","Echinacea","purpurea","Magnus","N","N","Goldaro Company, Isfahan Iran",NA,NA,NA,"Asia",NA,NA,NA,"plastic bag",NA,NA,"20","chemical",NA,NA,"20",NA,"0","GA3","500","0.5","N",NA,"Y","70% ethanol, 5% sodium hypochlorite","70% ethanol (0.167 min), 5% sodium hypochlorite (10 min)",NA,"per.germ","48.22",NA,NA,"4","50","10",NA,"Table 1",NA,48.22,NA,"cold stratification x hormone","500",5,"zadeh15exp1 5"
"5","5",NA,NA,"0","20","20",10,"constant",20,NA,"0/24",0,24,NA,NA,"GA3","airtight","plastic","20",NA,"percent.germ","dark",NA,"zadeh15exp1","Echinacea_purpurea","NA NA","NA NA NA","zadeh15","exp1","MN","Echinacea","purpurea","Magnus","N","N","Goldaro Company, Isfahan Iran",NA,NA,NA,"Asia",NA,NA,NA,"plastic bag",NA,NA,"20","cold stratification","5","14","20","chemical","0","GA3","1000","0.5","N",NA,"Y","70% ethanol, 5% sodium hypochlorite","70% ethanol (0.167 min), 5% sodium hypochlorite (10 min)",NA,"per.germ","38.2",NA,NA,"4","50","10",NA,"Table 1",NA,38.2,NA,"cold stratification x hormone","1000",6,"zadeh15exp1 6"
"5","5",NA,NA,"0","20","20",10,"constant",20,NA,"0/24",0,24,NA,NA,"GA3","airtight","plastic","20",NA,"percent.germ","dark",NA,"zadeh15exp1","Echinacea_purpurea","NA NA","NA NA NA","zadeh15","exp1","MN","Echinacea","purpurea","Magnus","N","N","Goldaro Company, Isfahan Iran",NA,NA,NA,"Asia",NA,NA,NA,"plastic bag",NA,NA,"20","cold stratification","5","14","20","chemical","0","GA3","250","0.5","N",NA,"Y","70% ethanol, 5% sodium hypochlorite","70% ethanol (0.167 min), 5% sodium hypochlorite (10 min)",NA,"per.germ","64.22",NA,NA,"4","50","10",NA,"Table 1",NA,64.22,NA,"cold stratification x hormone","250",6,"zadeh15exp1 6"
"5","5",NA,NA,"0","20","20",10,"constant",20,NA,"0/24",0,24,NA,NA,"GA3","airtight","plastic","20",NA,"percent.germ","dark",NA,"zadeh15exp1","Echinacea_purpurea","NA NA","NA NA NA","zadeh15","exp1","MN","Echinacea","purpurea","Magnus","N","N","Goldaro Company, Isfahan Iran",NA,NA,NA,"Asia",NA,NA,NA,"plastic bag",NA,NA,"20","cold stratification","5","14","20","chemical","0","GA3","1500","0.5","N",NA,"Y","70% ethanol, 5% sodium hypochlorite","70% ethanol (0.167 min), 5% sodium hypochlorite (10 min)",NA,"per.germ","28.42",NA,NA,"4","50","10",NA,"Table 1",NA,28.42,NA,"cold stratification x hormone","1500",6,"zadeh15exp1 6"
"5","5",NA,NA,"0","20","20",10,"constant",20,NA,"0/24",0,24,NA,NA,"GA3","airtight","plastic","20",NA,"percent.germ","dark",NA,"zadeh15exp1","Echinacea_purpurea","NA NA","NA NA NA","zadeh15","exp1","MN","Echinacea","purpurea","Magnus","N","N","Goldaro Company, Isfahan Iran",NA,NA,NA,"Asia",NA,NA,NA,"plastic bag",NA,NA,"20","cold stratification","5","14","20","chemical","0","GA3","500","0.5","N",NA,"Y","70% ethanol, 5% sodium hypochlorite","70% ethanol (0.167 min), 5% sodium hypochlorite (10 min)",NA,"per.germ","49.22",NA,NA,"4","50","10",NA,"Table 1",NA,49.22,NA,"cold stratification x hormone","500",6,"zadeh15exp1 6"
"5","10",NA,NA,"0","20","20",10,"constant",20,NA,"0/24",0,24,NA,NA,"GA3","airtight","plastic","20",NA,"percent.germ","dark",NA,"zadeh15exp1","Echinacea_purpurea","NA NA","NA NA NA","zadeh15","exp1","MN","Echinacea","purpurea","Magnus","N","N","Goldaro Company, Isfahan Iran",NA,NA,NA,"Asia",NA,NA,NA,"plastic bag",NA,NA,"20","cold stratification","10","14","20","chemical","0","GA3","500","0.5","N",NA,"Y","70% ethanol, 5% sodium hypochlorite","70% ethanol (0.167 min), 5% sodium hypochlorite (10 min)",NA,"per.germ","62.42",NA,NA,"4","50","10",NA,"Table 1",NA,62.42,NA,"cold stratification x hormone","500",7,"zadeh15exp1 7"
"5","10",NA,NA,"0","20","20",10,"constant",20,NA,"0/24",0,24,NA,NA,"GA3","airtight","plastic","20",NA,"percent.germ","dark",NA,"zadeh15exp1","Echinacea_purpurea","NA NA","NA NA NA","zadeh15","exp1","MN","Echinacea","purpurea","Magnus","N","N","Goldaro Company, Isfahan Iran",NA,NA,NA,"Asia",NA,NA,NA,"plastic bag",NA,NA,"20","cold stratification","10","14","20","chemical","0","GA3","1000","0.5","N",NA,"Y","70% ethanol, 5% sodium hypochlorite","70% ethanol (0.167 min), 5% sodium hypochlorite (10 min)",NA,"per.germ","55.22",NA,NA,"4","50","10",NA,"Table 1",NA,55.22,NA,"cold stratification x hormone","1000",7,"zadeh15exp1 7"
"5","10",NA,NA,"0","20","20",10,"constant",20,NA,"0/24",0,24,NA,NA,"GA3","airtight","plastic","20",NA,"percent.germ","dark",NA,"zadeh15exp1","Echinacea_purpurea","NA NA","NA NA NA","zadeh15","exp1","MN","Echinacea","purpurea","Magnus","N","N","Goldaro Company, Isfahan Iran",NA,NA,NA,"Asia",NA,NA,NA,"plastic bag",NA,NA,"20","cold stratification","10","14","20","chemical","0","GA3","250","0.5","N",NA,"Y","70% ethanol, 5% sodium hypochlorite","70% ethanol (0.167 min), 5% sodium hypochlorite (10 min)",NA,"per.germ","65.22",NA,NA,"4","50","10",NA,"Table 1",NA,65.22,NA,"cold stratification x hormone","250",7,"zadeh15exp1 7"
"5","10",NA,NA,"0","20","20",10,"constant",20,NA,"0/24",0,24,NA,NA,"GA3","airtight","plastic","20",NA,"percent.germ","dark",NA,"zadeh15exp1","Echinacea_purpurea","NA NA","NA NA NA","zadeh15","exp1","MN","Echinacea","purpurea","Magnus","N","N","Goldaro Company, Isfahan Iran",NA,NA,NA,"Asia",NA,NA,NA,"plastic bag",NA,NA,"20","cold stratification","10","14","20","chemical","0","GA3","1500","0.5","N",NA,"Y","70% ethanol, 5% sodium hypochlorite","70% ethanol (0.167 min), 5% sodium hypochlorite (10 min)",NA,"per.germ","33.42",NA,NA,"4","50","10",NA,"Table 1",NA,33.42,NA,"cold stratification x hormone","1500",7,"zadeh15exp1 7"
"5","15",NA,NA,"0","20","20",10,"constant",20,NA,"0/24",0,24,NA,NA,"GA3","airtight","plastic","20",NA,"percent.germ","dark",NA,"zadeh15exp1","Echinacea_purpurea","NA NA","NA NA NA","zadeh15","exp1","MN","Echinacea","purpurea","Magnus","N","N","Goldaro Company, Isfahan Iran",NA,NA,NA,"Asia",NA,NA,NA,"plastic bag",NA,NA,"20","cold stratification","15","14","20","chemical","0","GA3","500","0.5","N",NA,"Y","70% ethanol, 5% sodium hypochlorite","70% ethanol (0.167 min), 5% sodium hypochlorite (10 min)",NA,"per.germ","61.22",NA,NA,"4","50","10",NA,"Table 1",NA,61.22,NA,"cold stratification x hormone","500",8,"zadeh15exp1 8"
"5","15",NA,NA,"0","20","20",10,"constant",20,NA,"0/24",0,24,NA,NA,"GA3","airtight","plastic","20",NA,"percent.germ","dark",NA,"zadeh15exp1","Echinacea_purpurea","NA NA","NA NA NA","zadeh15","exp1","MN","Echinacea","purpurea","Magnus","N","N","Goldaro Company, Isfahan Iran",NA,NA,NA,"Asia",NA,NA,NA,"plastic bag",NA,NA,"20","cold stratification","15","14","20","chemical","0","GA3","1000","0.5","N",NA,"Y","70% ethanol, 5% sodium hypochlorite","70% ethanol (0.167 min), 5% sodium hypochlorite (10 min)",NA,"per.germ","46.35",NA,NA,"4","50","10",NA,"Table 1",NA,46.35,NA,"cold stratification x hormone","1000",8,"zadeh15exp1 8"
"5","15",NA,NA,"0","20","20",10,"constant",20,NA,"0/24",0,24,NA,NA,"GA3","airtight","plastic","20",NA,"percent.germ","dark",NA,"zadeh15exp1","Echinacea_purpurea","NA NA","NA NA NA","zadeh15","exp1","MN","Echinacea","purpurea","Magnus","N","N","Goldaro Company, Isfahan Iran",NA,NA,NA,"Asia",NA,NA,NA,"plastic bag",NA,NA,"20","cold stratification","15","14","20","chemical","0","GA3","1500","0.5","N",NA,"Y","70% ethanol, 5% sodium hypochlorite","70% ethanol (0.167 min), 5% sodium hypochlorite (10 min)",NA,"per.germ","23.22",NA,NA,"4","50","10",NA,"Table 1",NA,23.22,NA,"cold stratification x hormone","1500",8,"zadeh15exp1 8"
"5","15",NA,NA,"0","20","20",10,"constant",20,NA,"0/24",0,24,NA,NA,"GA3","airtight","plastic","20",NA,"percent.germ","dark",NA,"zadeh15exp1","Echinacea_purpurea","NA NA","NA NA NA","zadeh15","exp1","MN","Echinacea","purpurea","Magnus","N","N","Goldaro Company, Isfahan Iran",NA,NA,NA,"Asia",NA,NA,NA,"plastic bag",NA,NA,"20","cold stratification","15","14","20","chemical","0","GA3","250","0.5","N",NA,"Y","70% ethanol, 5% sodium hypochlorite","70% ethanol (0.167 min), 5% sodium hypochlorite (10 min)",NA,"per.germ","59.72",NA,NA,"4","50","10",NA,"Table 1",NA,59.72,NA,"cold stratification x hormone","250",8,"zadeh15exp1 8"
NA,"0",NA,NA,NA,"20","20",10,"constant",20,NA,"0/24",0,24,NA,NA,"GA3","airtight","plastic","20",NA,"normal seedling percentage","dark",NA,"zadeh15exp1","Echinacea_purpurea","NA NA","NA NA NA","zadeh15","exp1","MN","Echinacea","purpurea","Magnus","N","N","Goldaro Company, Isfahan Iran",NA,NA,NA,"Asia",NA,NA,NA,"plastic bag",NA,NA,"20","chemical",NA,NA,"20",NA,"0","GA3","250","0.5","N",NA,"Y","70% ethanol, 5% sodium hypochlorite","70% ethanol (0.167 min), 5% sodium hypochlorite (10 min)",NA,"normal seedling percentage","46.64",NA,NA,"4","50","10",NA,"Table 2",NA,46.64,NA,"cold stratification x hormone","250",13,"zadeh15exp1 13"
NA,"0",NA,NA,NA,"20","20",10,"constant",20,NA,"0/24",0,24,NA,NA,"GA3","airtight","plastic","20",NA,"normal seedling percentage","dark",NA,"zadeh15exp1","Echinacea_purpurea","NA NA","NA NA NA","zadeh15","exp1","MN","Echinacea","purpurea","Magnus","N","N","Goldaro Company, Isfahan Iran",NA,NA,NA,"Asia",NA,NA,NA,"plastic bag",NA,NA,"20","chemical",NA,NA,"20",NA,"0","GA3","500","0.5","N",NA,"Y","70% ethanol, 5% sodium hypochlorite","70% ethanol (0.167 min), 5% sodium hypochlorite (10 min)",NA,"normal seedling percentage","42.79",NA,NA,"4","50","10",NA,"Table 2",NA,42.79,NA,"cold stratification x hormone","500",13,"zadeh15exp1 13"
NA,"0",NA,NA,NA,"20","20",10,"constant",20,NA,"0/24",0,24,NA,NA,"GA3","airtight","plastic","20",NA,"normal seedling percentage","dark",NA,"zadeh15exp1","Echinacea_purpurea","NA NA","NA NA NA","zadeh15","exp1","MN","Echinacea","purpurea","Magnus","N","N","Goldaro Company, Isfahan Iran",NA,NA,NA,"Asia",NA,NA,NA,"plastic bag",NA,NA,"20","chemical",NA,NA,"20",NA,"0","GA3","1000","0.5","N",NA,"Y","70% ethanol, 5% sodium hypochlorite","70% ethanol (0.167 min), 5% sodium hypochlorite (10 min)",NA,"normal seedling percentage","42.77",NA,NA,"4","50","10",NA,"Table 2",NA,42.77,NA,"cold stratification x hormone","1000",13,"zadeh15exp1 13"
NA,"0",NA,NA,NA,"20","20",10,"constant",20,NA,"0/24",0,24,NA,NA,"GA3","airtight","plastic","20",NA,"normal seedling percentage","dark",NA,"zadeh15exp1","Echinacea_purpurea","NA NA","NA NA NA","zadeh15","exp1","MN","Echinacea","purpurea","Magnus","N","N","Goldaro Company, Isfahan Iran",NA,NA,NA,"Asia",NA,NA,NA,"plastic bag",NA,NA,"20","chemical",NA,NA,"20",NA,"0","GA3","1500","0.5","N",NA,"Y","70% ethanol, 5% sodium hypochlorite","70% ethanol (0.167 min), 5% sodium hypochlorite (10 min)",NA,"normal seedling percentage","35.02",NA,NA,"4","50","10",NA,"Table 2",NA,35.02,NA,"cold stratification x hormone","1500",13,"zadeh15exp1 13"
"5","5",NA,NA,"0","20","20",10,"constant",20,NA,"0/24",0,24,NA,NA,"GA3","airtight","plastic","20",NA,"normal seedling percentage","dark",NA,"zadeh15exp1","Echinacea_purpurea","NA NA","NA NA NA","zadeh15","exp1","MN","Echinacea","purpurea","Magnus","N","N","Goldaro Company, Isfahan Iran",NA,NA,NA,"Asia",NA,NA,NA,"plastic bag",NA,NA,"20","cold stratification","5","14","20","chemical","0","GA3","250","0.5","N",NA,"Y","70% ethanol, 5% sodium hypochlorite","70% ethanol (0.167 min), 5% sodium hypochlorite (10 min)",NA,"normal seedling percentage","55.54",NA,NA,"4","50","10",NA,"Table 2",NA,55.54,NA,"cold stratification x hormone","250",14,"zadeh15exp1 14"
"5","5",NA,NA,"0","20","20",10,"constant",20,NA,"0/24",0,24,NA,NA,"GA3","airtight","plastic","20",NA,"normal seedling percentage","dark",NA,"zadeh15exp1","Echinacea_purpurea","NA NA","NA NA NA","zadeh15","exp1","MN","Echinacea","purpurea","Magnus","N","N","Goldaro Company, Isfahan Iran",NA,NA,NA,"Asia",NA,NA,NA,"plastic bag",NA,NA,"20","cold stratification","5","14","20","chemical","0","GA3","500","0.5","N",NA,"Y","70% ethanol, 5% sodium hypochlorite","70% ethanol (0.167 min), 5% sodium hypochlorite (10 min)",NA,"normal seedling percentage","50.03",NA,NA,"4","50","10",NA,"Table 2",NA,50.03,NA,"cold stratification x hormone","500",14,"zadeh15exp1 14"
"5","5",NA,NA,"0","20","20",10,"constant",20,NA,"0/24",0,24,NA,NA,"GA3","airtight","plastic","20",NA,"normal seedling percentage","dark",NA,"zadeh15exp1","Echinacea_purpurea","NA NA","NA NA NA","zadeh15","exp1","MN","Echinacea","purpurea","Magnus","N","N","Goldaro Company, Isfahan Iran",NA,NA,NA,"Asia",NA,NA,NA,"plastic bag",NA,NA,"20","cold stratification","5","14","20","chemical","0","GA3","1000","0.5","N",NA,"Y","70% ethanol, 5% sodium hypochlorite","70% ethanol (0.167 min), 5% sodium hypochlorite (10 min)",NA,"normal seedling percentage","44.07",NA,NA,"4","50","10",NA,"Table 2",NA,44.07,NA,"cold stratification x hormone","1000",14,"zadeh15exp1 14"
"5","5",NA,NA,"0","20","20",10,"constant",20,NA,"0/24",0,24,NA,NA,"GA3","airtight","plastic","20",NA,"normal seedling percentage","dark",NA,"zadeh15exp1","Echinacea_purpurea","NA NA","NA NA NA","zadeh15","exp1","MN","Echinacea","purpurea","Magnus","N","N","Goldaro Company, Isfahan Iran",NA,NA,NA,"Asia",NA,NA,NA,"plastic bag",NA,NA,"20","cold stratification","5","14","20","chemical","0","GA3","1500","0.5","N",NA,"Y","70% ethanol, 5% sodium hypochlorite","70% ethanol (0.167 min), 5% sodium hypochlorite (10 min)",NA,"normal seedling percentage","38.22",NA,NA,"4","50","10",NA,"Table 2",NA,38.22,NA,"cold stratification x hormone","1500",14,"zadeh15exp1 14"
"5","10",NA,NA,"0","20","20",10,"constant",20,NA,"0/24",0,24,NA,NA,"GA3","airtight","plastic","20",NA,"normal seedling percentage","dark",NA,"zadeh15exp1","Echinacea_purpurea","NA NA","NA NA NA","zadeh15","exp1","MN","Echinacea","purpurea","Magnus","N","N","Goldaro Company, Isfahan Iran",NA,NA,NA,"Asia",NA,NA,NA,"plastic bag",NA,NA,"20","cold stratification","10","14","20","chemical","0","GA3","250","0.5","N",NA,"Y","70% ethanol, 5% sodium hypochlorite","70% ethanol (0.167 min), 5% sodium hypochlorite (10 min)",NA,"normal seedling percentage","90.02",NA,NA,"4","50","10",NA,"Table 2",NA,90.02,NA,"cold stratification x hormone","250",15,"zadeh15exp1 15"
"5","10",NA,NA,"0","20","20",10,"constant",20,NA,"0/24",0,24,NA,NA,"GA3","airtight","plastic","20",NA,"normal seedling percentage","dark",NA,"zadeh15exp1","Echinacea_purpurea","NA NA","NA NA NA","zadeh15","exp1","MN","Echinacea","purpurea","Magnus","N","N","Goldaro Company, Isfahan Iran",NA,NA,NA,"Asia",NA,NA,NA,"plastic bag",NA,NA,"20","cold stratification","10","14","20","chemical","0","GA3","500","0.5","N",NA,"Y","70% ethanol, 5% sodium hypochlorite","70% ethanol (0.167 min), 5% sodium hypochlorite (10 min)",NA,"normal seedling percentage","88.86",NA,NA,"4","50","10",NA,"Table 2",NA,88.86,NA,"cold stratification x hormone","500",15,"zadeh15exp1 15"
"5","10",NA,NA,"0","20","20",10,"constant",20,NA,"0/24",0,24,NA,NA,"GA3","airtight","plastic","20",NA,"normal seedling percentage","dark",NA,"zadeh15exp1","Echinacea_purpurea","NA NA","NA NA NA","zadeh15","exp1","MN","Echinacea","purpurea","Magnus","N","N","Goldaro Company, Isfahan Iran",NA,NA,NA,"Asia",NA,NA,NA,"plastic bag",NA,NA,"20","cold stratification","10","14","20","chemical","0","GA3","1500","0.5","N",NA,"Y","70% ethanol, 5% sodium hypochlorite","70% ethanol (0.167 min), 5% sodium hypochlorite (10 min)",NA,"normal seedling percentage","60.07",NA,NA,"4","50","10",NA,"Table 2",NA,60.07,NA,"cold stratification x hormone","1500",15,"zadeh15exp1 15"
"5","10",NA,NA,"0","20","20",10,"constant",20,NA,"0/24",0,24,NA,NA,"GA3","airtight","plastic","20",NA,"normal seedling percentage","dark",NA,"zadeh15exp1","Echinacea_purpurea","NA NA","NA NA NA","zadeh15","exp1","MN","Echinacea","purpurea","Magnus","N","N","Goldaro Company, Isfahan Iran",NA,NA,NA,"Asia",NA,NA,NA,"plastic bag",NA,NA,"20","cold stratification","10","14","20","chemical","0","GA3","1000","0.5","N",NA,"Y","70% ethanol, 5% sodium hypochlorite","70% ethanol (0.167 min), 5% sodium hypochlorite (10 min)",NA,"normal seedling percentage","75.07",NA,NA,"4","50","10",NA,"Table 2",NA,75.07,NA,"cold stratification x hormone","1000",15,"zadeh15exp1 15"
"5","15",NA,NA,"0","20","20",10,"constant",20,NA,"0/24",0,24,NA,NA,"GA3","airtight","plastic","20",NA,"normal seedling percentage","dark",NA,"zadeh15exp1","Echinacea_purpurea","NA NA","NA NA NA","zadeh15","exp1","MN","Echinacea","purpurea","Magnus","N","N","Goldaro Company, Isfahan Iran",NA,NA,NA,"Asia",NA,NA,NA,"plastic bag",NA,NA,"20","cold stratification","15","14","20","chemical","0","GA3","250","0.5","N",NA,"Y","70% ethanol, 5% sodium hypochlorite","70% ethanol (0.167 min), 5% sodium hypochlorite (10 min)",NA,"normal seedling percentage","57.07",NA,NA,"4","50","10",NA,"Table 2",NA,57.07,NA,"cold stratification x hormone","250",16,"zadeh15exp1 16"
"5","15",NA,NA,"0","20","20",10,"constant",20,NA,"0/24",0,24,NA,NA,"GA3","airtight","plastic","20",NA,"normal seedling percentage","dark",NA,"zadeh15exp1","Echinacea_purpurea","NA NA","NA NA NA","zadeh15","exp1","MN","Echinacea","purpurea","Magnus","N","N","Goldaro Company, Isfahan Iran",NA,NA,NA,"Asia",NA,NA,NA,"plastic bag",NA,NA,"20","cold stratification","15","14","20","chemical","0","GA3","500","0.5","N",NA,"Y","70% ethanol, 5% sodium hypochlorite","70% ethanol (0.167 min), 5% sodium hypochlorite (10 min)",NA,"normal seedling percentage","55.54",NA,NA,"4","50","10",NA,"Table 2",NA,55.54,NA,"cold stratification x hormone","500",16,"zadeh15exp1 16"
"5","15",NA,NA,"0","20","20",10,"constant",20,NA,"0/24",0,24,NA,NA,"GA3","airtight","plastic","20",NA,"normal seedling percentage","dark",NA,"zadeh15exp1","Echinacea_purpurea","NA NA","NA NA NA","zadeh15","exp1","MN","Echinacea","purpurea","Magnus","N","N","Goldaro Company, Isfahan Iran",NA,NA,NA,"Asia",NA,NA,NA,"plastic bag",NA,NA,"20","cold stratification","15","14","20","chemical","0","GA3","1500","0.5","N",NA,"Y","70% ethanol, 5% sodium hypochlorite","70% ethanol (0.167 min), 5% sodium hypochlorite (10 min)",NA,"normal seedling percentage","50.07",NA,NA,"4","50","10",NA,"Table 2",NA,50.07,NA,"cold stratification x hormone","1500",16,"zadeh15exp1 16"
"5","15",NA,NA,"0","20","20",10,"constant",20,NA,"0/24",0,24,NA,NA,"GA3","airtight","plastic","20",NA,"normal seedling percentage","dark",NA,"zadeh15exp1","Echinacea_purpurea","NA NA","NA NA NA","zadeh15","exp1","MN","Echinacea","purpurea","Magnus","N","N","Goldaro Company, Isfahan Iran",NA,NA,NA,"Asia",NA,NA,NA,"plastic bag",NA,NA,"20","cold stratification","15","14","20","chemical","0","GA3","1000","0.5","N",NA,"Y","70% ethanol, 5% sodium hypochlorite","70% ethanol (0.167 min), 5% sodium hypochlorite (10 min)",NA,"normal seedling percentage","50.02",NA,NA,"4","50","10",NA,"Table 2",NA,50.02,NA,"cold stratification x hormone","1000",16,"zadeh15exp1 16"
NA,"0",NA,NA,NA,"20","20",10,"constant",20,NA,"0/24",0,24,NA,NA,"GA3","airtight","plastic","20",NA,"mgt","dark",NA,"zadeh15exp1","Echinacea_purpurea","NA NA","NA NA NA","zadeh15","exp1","MN","Echinacea","purpurea","Magnus","N","N","Goldaro Company, Isfahan Iran",NA,NA,NA,"Asia",NA,NA,NA,"plastic bag",NA,NA,"20","chemical",NA,NA,"20",NA,"0","GA3","1000","0.5","N",NA,"Y","70% ethanol, 5% sodium hypochlorite","70% ethanol (0.167 min), 5% sodium hypochlorite (10 min)",NA,"mean time (day)","9.52",NA,NA,"4","50","10",NA,"Table 3",NA,9.52,NA,"cold stratification x hormone","1000",21,"zadeh15exp1 21"
NA,"0",NA,NA,NA,"20","20",10,"constant",20,NA,"0/24",0,24,NA,NA,"GA3","airtight","plastic","20",NA,"mgt","dark",NA,"zadeh15exp1","Echinacea_purpurea","NA NA","NA NA NA","zadeh15","exp1","MN","Echinacea","purpurea","Magnus","N","N","Goldaro Company, Isfahan Iran",NA,NA,NA,"Asia",NA,NA,NA,"plastic bag",NA,NA,"20","chemical",NA,NA,"20",NA,"0","GA3","250","0.5","N",NA,"Y","70% ethanol, 5% sodium hypochlorite","70% ethanol (0.167 min), 5% sodium hypochlorite (10 min)",NA,"mean time (day)","9.22",NA,NA,"4","50","10",NA,"Table 3",NA,9.22,NA,"cold stratification x hormone","250",21,"zadeh15exp1 21"
NA,"0",NA,NA,NA,"20","20",10,"constant",20,NA,"0/24",0,24,NA,NA,"GA3","airtight","plastic","20",NA,"mgt","dark",NA,"zadeh15exp1","Echinacea_purpurea","NA NA","NA NA NA","zadeh15","exp1","MN","Echinacea","purpurea","Magnus","N","N","Goldaro Company, Isfahan Iran",NA,NA,NA,"Asia",NA,NA,NA,"plastic bag",NA,NA,"20","chemical",NA,NA,"20",NA,"0","GA3","1500","0.5","N",NA,"Y","70% ethanol, 5% sodium hypochlorite","70% ethanol (0.167 min), 5% sodium hypochlorite (10 min)",NA,"mean time (day)","10.18",NA,NA,"4","50","10",NA,"Table 3",NA,10.18,NA,"cold stratification x hormone","1500",21,"zadeh15exp1 21"
NA,"0",NA,NA,NA,"20","20",10,"constant",20,NA,"0/24",0,24,NA,NA,"GA3","airtight","plastic","20",NA,"mgt","dark",NA,"zadeh15exp1","Echinacea_purpurea","NA NA","NA NA NA","zadeh15","exp1","MN","Echinacea","purpurea","Magnus","N","N","Goldaro Company, Isfahan Iran",NA,NA,NA,"Asia",NA,NA,NA,"plastic bag",NA,NA,"20","chemical",NA,NA,"20",NA,"0","GA3","500","0.5","N",NA,"Y","70% ethanol, 5% sodium hypochlorite","70% ethanol (0.167 min), 5% sodium hypochlorite (10 min)",NA,"mean time (day)","9.52",NA,NA,"4","50","10",NA,"Table 3",NA,9.52,NA,"cold stratification x hormone","500",21,"zadeh15exp1 21"
"5","5",NA,NA,"0","20","20",10,"constant",20,NA,"0/24",0,24,NA,NA,"GA3","airtight","plastic","20",NA,"mgt","dark",NA,"zadeh15exp1","Echinacea_purpurea","NA NA","NA NA NA","zadeh15","exp1","MN","Echinacea","purpurea","Magnus","N","N","Goldaro Company, Isfahan Iran",NA,NA,NA,"Asia",NA,NA,NA,"plastic bag",NA,NA,"20","cold stratification","5","14","20","chemical","0","GA3","1000","0.5","N",NA,"Y","70% ethanol, 5% sodium hypochlorite","70% ethanol (0.167 min), 5% sodium hypochlorite (10 min)",NA,"mean time (day)","8.54",NA,NA,"4","50","10",NA,"Table 3",NA,8.54,NA,"cold stratification x hormone","1000",22,"zadeh15exp1 22"
"5","5",NA,NA,"0","20","20",10,"constant",20,NA,"0/24",0,24,NA,NA,"GA3","airtight","plastic","20",NA,"mgt","dark",NA,"zadeh15exp1","Echinacea_purpurea","NA NA","NA NA NA","zadeh15","exp1","MN","Echinacea","purpurea","Magnus","N","N","Goldaro Company, Isfahan Iran",NA,NA,NA,"Asia",NA,NA,NA,"plastic bag",NA,NA,"20","cold stratification","5","14","20","chemical","0","GA3","250","0.5","N",NA,"Y","70% ethanol, 5% sodium hypochlorite","70% ethanol (0.167 min), 5% sodium hypochlorite (10 min)",NA,"mean time (day)","8.02",NA,NA,"4","50","10",NA,"Table 3",NA,8.02,NA,"cold stratification x hormone","250",22,"zadeh15exp1 22"
"5","5",NA,NA,"0","20","20",10,"constant",20,NA,"0/24",0,24,NA,NA,"GA3","airtight","plastic","20",NA,"mgt","dark",NA,"zadeh15exp1","Echinacea_purpurea","NA NA","NA NA NA","zadeh15","exp1","MN","Echinacea","purpurea","Magnus","N","N","Goldaro Company, Isfahan Iran",NA,NA,NA,"Asia",NA,NA,NA,"plastic bag",NA,NA,"20","cold stratification","5","14","20","chemical","0","GA3","1500","0.5","N",NA,"Y","70% ethanol, 5% sodium hypochlorite","70% ethanol (0.167 min), 5% sodium hypochlorite (10 min)",NA,"mean time (day)","9",NA,NA,"4","50","10",NA,"Table 3",NA,9,NA,"cold stratification x hormone","1500",22,"zadeh15exp1 22"
"5","5",NA,NA,"0","20","20",10,"constant",20,NA,"0/24",0,24,NA,NA,"GA3","airtight","plastic","20",NA,"mgt","dark",NA,"zadeh15exp1","Echinacea_purpurea","NA NA","NA NA NA","zadeh15","exp1","MN","Echinacea","purpurea","Magnus","N","N","Goldaro Company, Isfahan Iran",NA,NA,NA,"Asia",NA,NA,NA,"plastic bag",NA,NA,"20","cold stratification","5","14","20","chemical","0","GA3","500","0.5","N",NA,"Y","70% ethanol, 5% sodium hypochlorite","70% ethanol (0.167 min), 5% sodium hypochlorite (10 min)",NA,"mean time (day)","8.37",NA,NA,"4","50","10",NA,"Table 3",NA,8.37,NA,"cold stratification x hormone","500",22,"zadeh15exp1 22"
"5","10",NA,NA,"0","20","20",10,"constant",20,NA,"0/24",0,24,NA,NA,"GA3","airtight","plastic","20",NA,"mgt","dark",NA,"zadeh15exp1","Echinacea_purpurea","NA NA","NA NA NA","zadeh15","exp1","MN","Echinacea","purpurea","Magnus","N","N","Goldaro Company, Isfahan Iran",NA,NA,NA,"Asia",NA,NA,NA,"plastic bag",NA,NA,"20","cold stratification","10","14","20","chemical","0","GA3","500","0.5","N",NA,"Y","70% ethanol, 5% sodium hypochlorite","70% ethanol (0.167 min), 5% sodium hypochlorite (10 min)",NA,"mean time (day)","6.05",NA,NA,"4","50","10",NA,"Table 3",NA,6.05,NA,"cold stratification x hormone","500",23,"zadeh15exp1 23"
"5","10",NA,NA,"0","20","20",10,"constant",20,NA,"0/24",0,24,NA,NA,"GA3","airtight","plastic","20",NA,"mgt","dark",NA,"zadeh15exp1","Echinacea_purpurea","NA NA","NA NA NA","zadeh15","exp1","MN","Echinacea","purpurea","Magnus","N","N","Goldaro Company, Isfahan Iran",NA,NA,NA,"Asia",NA,NA,NA,"plastic bag",NA,NA,"20","cold stratification","10","14","20","chemical","0","GA3","1000","0.5","N",NA,"Y","70% ethanol, 5% sodium hypochlorite","70% ethanol (0.167 min), 5% sodium hypochlorite (10 min)",NA,"mean time (day)","6.53",NA,NA,"4","50","10",NA,"Table 3",NA,6.53,NA,"cold stratification x hormone","1000",23,"zadeh15exp1 23"
"5","10",NA,NA,"0","20","20",10,"constant",20,NA,"0/24",0,24,NA,NA,"GA3","airtight","plastic","20",NA,"mgt","dark",NA,"zadeh15exp1","Echinacea_purpurea","NA NA","NA NA NA","zadeh15","exp1","MN","Echinacea","purpurea","Magnus","N","N","Goldaro Company, Isfahan Iran",NA,NA,NA,"Asia",NA,NA,NA,"plastic bag",NA,NA,"20","cold stratification","10","14","20","chemical","0","GA3","250","0.5","N",NA,"Y","70% ethanol, 5% sodium hypochlorite","70% ethanol (0.167 min), 5% sodium hypochlorite (10 min)",NA,"mean time (day)","5.92",NA,NA,"4","50","10",NA,"Table 3",NA,5.92,NA,"cold stratification x hormone","250",23,"zadeh15exp1 23"
"5","10",NA,NA,"0","20","20",10,"constant",20,NA,"0/24",0,24,NA,NA,"GA3","airtight","plastic","20",NA,"mgt","dark",NA,"zadeh15exp1","Echinacea_purpurea","NA NA","NA NA NA","zadeh15","exp1","MN","Echinacea","purpurea","Magnus","N","N","Goldaro Company, Isfahan Iran",NA,NA,NA,"Asia",NA,NA,NA,"plastic bag",NA,NA,"20","cold stratification","10","14","20","chemical","0","GA3","1500","0.5","N",NA,"Y","70% ethanol, 5% sodium hypochlorite","70% ethanol (0.167 min), 5% sodium hypochlorite (10 min)",NA,"mean time (day)","7.42",NA,NA,"4","50","10",NA,"Table 3",NA,7.42,NA,"cold stratification x hormone","1500",23,"zadeh15exp1 23"
"5","15",NA,NA,"0","20","20",10,"constant",20,NA,"0/24",0,24,NA,NA,"GA3","airtight","plastic","20",NA,"mgt","dark",NA,"zadeh15exp1","Echinacea_purpurea","NA NA","NA NA NA","zadeh15","exp1","MN","Echinacea","purpurea","Magnus","N","N","Goldaro Company, Isfahan Iran",NA,NA,NA,"Asia",NA,NA,NA,"plastic bag",NA,NA,"20","cold stratification","15","14","20","chemical","0","GA3","500","0.5","N",NA,"Y","70% ethanol, 5% sodium hypochlorite","70% ethanol (0.167 min), 5% sodium hypochlorite (10 min)",NA,"mean time (day)","6.77",NA,NA,"4","50","10",NA,"Table 3",NA,6.77,NA,"cold stratification x hormone","500",24,"zadeh15exp1 24"
"5","15",NA,NA,"0","20","20",10,"constant",20,NA,"0/24",0,24,NA,NA,"GA3","airtight","plastic","20",NA,"mgt","dark",NA,"zadeh15exp1","Echinacea_purpurea","NA NA","NA NA NA","zadeh15","exp1","MN","Echinacea","purpurea","Magnus","N","N","Goldaro Company, Isfahan Iran",NA,NA,NA,"Asia",NA,NA,NA,"plastic bag",NA,NA,"20","cold stratification","15","14","20","chemical","0","GA3","1000","0.5","N",NA,"Y","70% ethanol, 5% sodium hypochlorite","70% ethanol (0.167 min), 5% sodium hypochlorite (10 min)",NA,"mean time (day)","7.05",NA,NA,"4","50","10",NA,"Table 3",NA,7.05,NA,"cold stratification x hormone","1000",24,"zadeh15exp1 24"
"5","15",NA,NA,"0","20","20",10,"constant",20,NA,"0/24",0,24,NA,NA,"GA3","airtight","plastic","20",NA,"mgt","dark",NA,"zadeh15exp1","Echinacea_purpurea","NA NA","NA NA NA","zadeh15","exp1","MN","Echinacea","purpurea","Magnus","N","N","Goldaro Company, Isfahan Iran",NA,NA,NA,"Asia",NA,NA,NA,"plastic bag",NA,NA,"20","cold stratification","15","14","20","chemical","0","GA3","1500","0.5","N",NA,"Y","70% ethanol, 5% sodium hypochlorite","70% ethanol (0.167 min), 5% sodium hypochlorite (10 min)",NA,"mean time (day)","7.55",NA,NA,"4","50","10",NA,"Table 3",NA,7.55,NA,"cold stratification x hormone","1500",24,"zadeh15exp1 24"
"5","15",NA,NA,"0","20","20",10,"constant",20,NA,"0/24",0,24,NA,NA,"GA3","airtight","plastic","20",NA,"mgt","dark",NA,"zadeh15exp1","Echinacea_purpurea","NA NA","NA NA NA","zadeh15","exp1","MN","Echinacea","purpurea","Magnus","N","N","Goldaro Company, Isfahan Iran",NA,NA,NA,"Asia",NA,NA,NA,"plastic bag",NA,NA,"20","cold stratification","15","14","20","chemical","0","GA3","250","0.5","N",NA,"Y","70% ethanol, 5% sodium hypochlorite","70% ethanol (0.167 min), 5% sodium hypochlorite (10 min)",NA,"mean time (day)","6.7",NA,NA,"4","50","10",NA,"Table 3",NA,6.7,NA,"cold stratification x hormone","250",24,"zadeh15exp1 24"
NA,NA,NA,NA,NA,"5","5",90,"constant",5,NA,"0/24",0,24,NA,NA,"GA3","airtight","plastic","7","14","percent.germ","dark",NA,"zardari19exp3","Ferula_gummosa","35.58 53.39","35.58 53.39 1130","zardari19","exp3","MN","Ferula","gummosa",NA,"N","N","Semnan, Iran",35.58,53.39,"1130","Asia",NA,"2016","2016","plastic bags","14",NA,"7","chemical",NA,NA,"5",NA,"0","GA3","0","3","N",NA,"N",NA,NA,NA,"per.germ","58.2","SE","4.6","3","25","90",NA,"Table 3",NA,58.2,"SE","cold stratification x hormone","0",1,"zardari19exp3 1"
NA,NA,NA,NA,NA,"5","5",90,"constant",5,NA,"0/24",0,24,NA,NA,"GA3","airtight","plastic","7","14","percent.germ","dark",NA,"zardari19exp3","Ferula_gummosa","35.58 53.39","35.58 53.39 1130","zardari19","exp3","MN","Ferula","gummosa",NA,"N","N","Semnan, Iran",35.58,53.39,"1130","Asia",NA,"2016","2016","plastic bags","14",NA,"7","chemical",NA,NA,"5",NA,"0","GA3","500","3","N",NA,"N",NA,NA,NA,"per.germ","61.3","SE","3.5","3","25","90",NA,"Table 3",NA,61.3,"SE","cold stratification x hormone","500",1,"zardari19exp3 1"
NA,NA,NA,NA,NA,"5","5",90,"constant",5,NA,"0/24",0,24,NA,NA,"GA3","airtight","plastic","7","14","percent.germ","dark",NA,"zardari19exp3","Ferula_gummosa","35.58 53.39","35.58 53.39 1130","zardari19","exp3","MN","Ferula","gummosa",NA,"N","N","Semnan, Iran",35.58,53.39,"1130","Asia",NA,"2016","2016","plastic bags","14",NA,"7","chemical",NA,NA,"5",NA,"0","GA3","1500","3","N",NA,"N",NA,NA,NA,"per.germ","68","SE","4","3","25","90",NA,"Table 3",NA,68,"SE","cold stratification x hormone","1500",1,"zardari19exp3 1"
NA,NA,NA,NA,NA,"5","5",90,"constant",5,NA,"0/24",0,24,NA,NA,"GA3","airtight","plastic","7","14","percent.germ","dark",NA,"zardari19exp3","Ferula_gummosa","35.58 53.39","35.58 53.39 1130","zardari19","exp3","MN","Ferula","gummosa",NA,"N","N","Semnan, Iran",35.58,53.39,"1130","Asia",NA,"2016","2016","plastic bags","14",NA,"7","chemical",NA,NA,"5",NA,"0","GA3","2000","3","N",NA,"N",NA,NA,NA,"per.germ","67.5","SE","5.8","3","25","90",NA,"Table 3",NA,67.5,"SE","cold stratification x hormone","2000",1,"zardari19exp3 1"
NA,NA,NA,NA,NA,"5","5",90,"constant",5,NA,"0/24",0,24,NA,NA,"GA3","airtight","plastic","7","14","percent.germ","dark",NA,"zardari19exp3","Ferula_gummosa","35.58 53.39","35.58 53.39 1130","zardari19","exp3","MN","Ferula","gummosa",NA,"N","N","Semnan, Iran",35.58,53.39,"1130","Asia",NA,"2016","2016","plastic bags","14",NA,"7","chemical",NA,NA,"5",NA,"0","GA3","2500","3","N",NA,"N",NA,NA,NA,"per.germ","74.6","SE","2.6","3","25","90",NA,"Table 3",NA,74.6,"SE","cold stratification x hormone","2500",1,"zardari19exp3 1"
NA,NA,NA,NA,NA,"5","5",90,"constant",5,NA,"0/24",0,24,NA,NA,"GA3","airtight","plastic","7","14","percent.germ","dark",NA,"zardari19exp3","Ferula_gummosa","35.58 53.39","35.58 53.39 1130","zardari19","exp3","MN","Ferula","gummosa",NA,"N","N","Semnan, Iran",35.58,53.39,"1130","Asia",NA,"2016","2016","plastic bags","14",NA,"7","chemical",NA,NA,"5",NA,"0","GA3","1000","3","N",NA,"N",NA,NA,NA,"per.germ","64","SE","4","3","25","90",NA,"Table 3",NA,64,"SE","cold stratification x hormone","1000",1,"zardari19exp3 1"
"5","30",NA,NA,NA,"5","5",90,"constant",5,NA,"0/24",0,24,NA,NA,"GA3","airtight","plastic","7","14","percent.germ","dark",NA,"zardari19exp3","Ferula_gummosa","35.58 53.39","35.58 53.39 1130","zardari19","exp3","MN","Ferula","gummosa",NA,"N","N","Semnan, Iran",35.58,53.39,"1130","Asia",NA,"2016","2016","plastic bags","14",NA,"7","cold stratification","5","30","5",NA,"0","GA3","2500","3","N",NA,"N",NA,NA,NA,"per.germ","80.977",NA,NA,"3","25","90",NA,"Figure 5",NA,80.977,NA,"cold stratification x hormone","2500",2,"zardari19exp3 2"
"5","30",NA,NA,NA,"5","5",90,"constant",5,NA,"0/24",0,24,NA,NA,"GA3","airtight","plastic","7","14","percent.germ","dark",NA,"zardari19exp3","Ferula_gummosa","35.58 53.39","35.58 53.39 1130","zardari19","exp3","MN","Ferula","gummosa",NA,"N","N","Semnan, Iran",35.58,53.39,"1130","Asia",NA,"2016","2016","plastic bags","14",NA,"7","cold stratification","5","30","5",NA,"0","GA3","500","3","N",NA,"N",NA,NA,NA,"per.germ","72","SE","0","3","25","90",NA,"Table 3",NA,72,"SE","cold stratification x hormone","500",2,"zardari19exp3 2"
"5","30",NA,NA,NA,"5","5",90,"constant",5,NA,"0/24",0,24,NA,NA,"GA3","airtight","plastic","7","14","percent.germ","dark",NA,"zardari19exp3","Ferula_gummosa","35.58 53.39","35.58 53.39 1130","zardari19","exp3","MN","Ferula","gummosa",NA,"N","N","Semnan, Iran",35.58,53.39,"1130","Asia",NA,"2016","2016","plastic bags","14",NA,"7","cold stratification","5","30","5",NA,"0","GA3","2000","3","N",NA,"N",NA,NA,NA,"per.germ","76","SE","4.6","3","25","90",NA,"Table 3",NA,76,"SE","cold stratification x hormone","2000",2,"zardari19exp3 2"
"5","30",NA,NA,NA,"5","5",90,"constant",5,NA,"0/24",0,24,NA,NA,"GA3","airtight","plastic","7","14","percent.germ","dark",NA,"zardari19exp3","Ferula_gummosa","35.58 53.39","35.58 53.39 1130","zardari19","exp3","MN","Ferula","gummosa",NA,"N","N","Semnan, Iran",35.58,53.39,"1130","Asia",NA,"2016","2016","plastic bags","14",NA,"7","cold stratification","5","30","5",NA,"0","GA3","1000","3","N",NA,"N",NA,NA,NA,"per.germ","78.6","SE","7","3","25","90",NA,"Table 3",NA,78.6,"SE","cold stratification x hormone","1000",2,"zardari19exp3 2"
"5","30",NA,NA,NA,"5","5",90,"constant",5,NA,"0/24",0,24,NA,NA,"GA3","airtight","plastic","7","14","percent.germ","dark",NA,"zardari19exp3","Ferula_gummosa","35.58 53.39","35.58 53.39 1130","zardari19","exp3","MN","Ferula","gummosa",NA,"N","N","Semnan, Iran",35.58,53.39,"1130","Asia",NA,"2016","2016","plastic bags","14",NA,"7","cold stratification","5","30","5",NA,"0","GA3",NA,NA,"N",NA,"N",NA,NA,NA,"per.germ","66.494",NA,NA,"3","25","90",NA,"Figure 5",NA,66.494,NA,"cold stratification x hormone",NA,2,"zardari19exp3 2"
"5","30",NA,NA,NA,"5","5",90,"constant",5,NA,"0/24",0,24,NA,NA,"GA3","airtight","plastic","7","14","percent.germ","dark",NA,"zardari19exp3","Ferula_gummosa","35.58 53.39","35.58 53.39 1130","zardari19","exp3","MN","Ferula","gummosa",NA,"N","N","Semnan, Iran",35.58,53.39,"1130","Asia",NA,"2016","2016","plastic bags","14",NA,"7","cold stratification","5","30","5",NA,"0","GA3","500","3","N",NA,"N",NA,NA,NA,"per.germ","72.22",NA,NA,"3","25","90",NA,"Figure 5",NA,72.22,NA,"cold stratification x hormone","500",2,"zardari19exp3 2"
"5","30",NA,NA,NA,"5","5",90,"constant",5,NA,"0/24",0,24,NA,NA,"GA3","airtight","plastic","7","14","percent.germ","dark",NA,"zardari19exp3","Ferula_gummosa","35.58 53.39","35.58 53.39 1130","zardari19","exp3","MN","Ferula","gummosa",NA,"N","N","Semnan, Iran",35.58,53.39,"1130","Asia",NA,"2016","2016","plastic bags","14",NA,"7","cold stratification","5","30","5",NA,"0","GA3","1000","3","N",NA,"N",NA,NA,NA,"per.germ","0",NA,NA,"3","25","90",NA,"Figure 5",NA,0,NA,"cold stratification x hormone","1000",2,"zardari19exp3 2"
"5","30",NA,NA,NA,"5","5",90,"constant",5,NA,"0/24",0,24,NA,NA,"GA3","airtight","plastic","7","14","percent.germ","dark",NA,"zardari19exp3","Ferula_gummosa","35.58 53.39","35.58 53.39 1130","zardari19","exp3","MN","Ferula","gummosa",NA,"N","N","Semnan, Iran",35.58,53.39,"1130","Asia",NA,"2016","2016","plastic bags","14",NA,"7","cold stratification","5","30","5",NA,"0","GA3","1500","3","N",NA,"N",NA,NA,NA,"per.germ","84.176",NA,NA,"3","25","90",NA,"Figure 5",NA,84.176,NA,"cold stratification x hormone","1500",2,"zardari19exp3 2"
"5","30",NA,NA,NA,"5","5",90,"constant",5,NA,"0/24",0,24,NA,NA,"GA3","airtight","plastic","7","14","percent.germ","dark",NA,"zardari19exp3","Ferula_gummosa","35.58 53.39","35.58 53.39 1130","zardari19","exp3","MN","Ferula","gummosa",NA,"N","N","Semnan, Iran",35.58,53.39,"1130","Asia",NA,"2016","2016","plastic bags","14",NA,"7","cold stratification","5","30","5",NA,"0","GA3","1500","3","N",NA,"N",NA,NA,NA,"per.germ","84.8","SE","5.5","3","25","90",NA,"Table 3",NA,84.8,"SE","cold stratification x hormone","1500",2,"zardari19exp3 2"
"5","30",NA,NA,NA,"5","5",90,"constant",5,NA,"0/24",0,24,NA,NA,"GA3","airtight","plastic","7","14","percent.germ","dark",NA,"zardari19exp3","Ferula_gummosa","35.58 53.39","35.58 53.39 1130","zardari19","exp3","MN","Ferula","gummosa",NA,"N","N","Semnan, Iran",35.58,53.39,"1130","Asia",NA,"2016","2016","plastic bags","14",NA,"7","cold stratification","5","30","5",NA,"0","GA3","2000","3","N",NA,"N",NA,NA,NA,"per.germ","76.093",NA,NA,"3","25","90",NA,"Figure 5",NA,76.093,NA,"cold stratification x hormone","2000",2,"zardari19exp3 2"
"5","30",NA,NA,NA,"5","5",90,"constant",5,NA,"0/24",0,24,NA,NA,"GA3","airtight","plastic","7","14","percent.germ","dark",NA,"zardari19exp3","Ferula_gummosa","35.58 53.39","35.58 53.39 1130","zardari19","exp3","MN","Ferula","gummosa",NA,"N","N","Semnan, Iran",35.58,53.39,"1130","Asia",NA,"2016","2016","plastic bags","14",NA,"7","cold stratification","5","30","5",NA,"0","GA3","2500","3","N",NA,"N",NA,NA,NA,"per.germ","81.3","SE","1.3","3","25","90",NA,"Table 3",NA,81.3,"SE","cold stratification x hormone","2500",2,"zardari19exp3 2"
"5","30",NA,NA,NA,"5","5",90,"constant",5,NA,"0/24",0,24,NA,NA,"GA3","airtight","plastic","7","14","percent.germ","dark",NA,"zardari19exp3","Ferula_gummosa","35.58 53.39","35.58 53.39 1130","zardari19","exp3","MN","Ferula","gummosa",NA,"N","N","Semnan, Iran",35.58,53.39,"1130","Asia",NA,"2016","2016","plastic bags","14",NA,"7","cold stratification","5","30","5",NA,"0","GA3","0","3","N",NA,"N",NA,NA,NA,"per.germ","66.6","SE","2.6","3","25","90",NA,"Table 3",NA,66.6,"SE","cold stratification x hormone","0",2,"zardari19exp3 2"
"5","60",NA,NA,NA,"5","5",90,"constant",5,NA,"0/24",0,24,NA,NA,"GA3","airtight","plastic","7","14","percent.germ","dark",NA,"zardari19exp3","Ferula_gummosa","35.58 53.39","35.58 53.39 1130","zardari19","exp3","MN","Ferula","gummosa",NA,"N","N","Semnan, Iran",35.58,53.39,"1130","Asia",NA,"2016","2016","plastic bags","14",NA,"7","cold stratification","5","60","5",NA,"0","GA3","0","3","N",NA,"N",NA,NA,NA,"per.germ","82.7","SE","1.3","3","25","90",NA,"Table 3",NA,82.7,"SE","cold stratification x hormone","0",3,"zardari19exp3 3"
"5","60",NA,NA,NA,"5","5",90,"constant",5,NA,"0/24",0,24,NA,NA,"GA3","airtight","plastic","7","14","percent.germ","dark",NA,"zardari19exp3","Ferula_gummosa","35.58 53.39","35.58 53.39 1130","zardari19","exp3","MN","Ferula","gummosa",NA,"N","N","Semnan, Iran",35.58,53.39,"1130","Asia",NA,"2016","2016","plastic bags","14",NA,"7","cold stratification","5","60","5",NA,"0","GA3","1500","3","N",NA,"N",NA,NA,NA,"per.germ","92","SE","0","3","25","90",NA,"Table 3",NA,92,"SE","cold stratification x hormone","1500",3,"zardari19exp3 3"
"5","60",NA,NA,NA,"5","5",90,"constant",5,NA,"0/24",0,24,NA,NA,"GA3","airtight","plastic","7","14","percent.germ","dark",NA,"zardari19exp3","Ferula_gummosa","35.58 53.39","35.58 53.39 1130","zardari19","exp3","MN","Ferula","gummosa",NA,"N","N","Semnan, Iran",35.58,53.39,"1130","Asia",NA,"2016","2016","plastic bags","14",NA,"7","cold stratification","5","60","5",NA,"0","GA3","2000","3","N",NA,"N",NA,NA,NA,"per.germ","84","SE","2.3","3","25","90",NA,"Table 3",NA,84,"SE","cold stratification x hormone","2000",3,"zardari19exp3 3"
"5","60",NA,NA,NA,"5","5",90,"constant",5,NA,"0/24",0,24,NA,NA,"GA3","airtight","plastic","7","14","percent.germ","dark",NA,"zardari19exp3","Ferula_gummosa","35.58 53.39","35.58 53.39 1130","zardari19","exp3","MN","Ferula","gummosa",NA,"N","N","Semnan, Iran",35.58,53.39,"1130","Asia",NA,"2016","2016","plastic bags","14",NA,"7","cold stratification","5","60","5",NA,"0","GA3","500","3","N",NA,"N",NA,NA,NA,"per.germ","84.994",NA,NA,"3","25","90",NA,"Figure 5",NA,84.994,NA,"cold stratification x hormone","500",3,"zardari19exp3 3"
"5","60",NA,NA,NA,"5","5",90,"constant",5,NA,"0/24",0,24,NA,NA,"GA3","airtight","plastic","7","14","percent.germ","dark",NA,"zardari19exp3","Ferula_gummosa","35.58 53.39","35.58 53.39 1130","zardari19","exp3","MN","Ferula","gummosa",NA,"N","N","Semnan, Iran",35.58,53.39,"1130","Asia",NA,"2016","2016","plastic bags","14",NA,"7","cold stratification","5","60","5",NA,"0","GA3","500","3","N",NA,"N",NA,NA,NA,"per.germ","84","SE","0","3","25","90",NA,"Table 3",NA,84,"SE","cold stratification x hormone","500",3,"zardari19exp3 3"
"5","60",NA,NA,NA,"5","5",90,"constant",5,NA,"0/24",0,24,NA,NA,"GA3","airtight","plastic","7","14","percent.germ","dark",NA,"zardari19exp3","Ferula_gummosa","35.58 53.39","35.58 53.39 1130","zardari19","exp3","MN","Ferula","gummosa",NA,"N","N","Semnan, Iran",35.58,53.39,"1130","Asia",NA,"2016","2016","plastic bags","14",NA,"7","cold stratification","5","60","5",NA,"0","GA3","1000","3","N",NA,"N",NA,NA,NA,"per.germ","78.6","SE","8.1","3","25","90",NA,"Table 3",NA,78.6,"SE","cold stratification x hormone","1000",3,"zardari19exp3 3"
"5","60",NA,NA,NA,"5","5",90,"constant",5,NA,"0/24",0,24,NA,NA,"GA3","airtight","plastic","7","14","percent.germ","dark",NA,"zardari19exp3","Ferula_gummosa","35.58 53.39","35.58 53.39 1130","zardari19","exp3","MN","Ferula","gummosa",NA,"N","N","Semnan, Iran",35.58,53.39,"1130","Asia",NA,"2016","2016","plastic bags","14",NA,"7","cold stratification","5","60","5",NA,"0","GA3","2000","3","N",NA,"N",NA,NA,NA,"per.germ","84.83",NA,NA,"3","25","90",NA,"Figure 5",NA,84.83,NA,"cold stratification x hormone","2000",3,"zardari19exp3 3"
"5","60",NA,NA,NA,"5","5",90,"constant",5,NA,"0/24",0,24,NA,NA,"GA3","airtight","plastic","7","14","percent.germ","dark",NA,"zardari19exp3","Ferula_gummosa","35.58 53.39","35.58 53.39 1130","zardari19","exp3","MN","Ferula","gummosa",NA,"N","N","Semnan, Iran",35.58,53.39,"1130","Asia",NA,"2016","2016","plastic bags","14",NA,"7","cold stratification","5","60","5",NA,"0","GA3","1000","3","N",NA,"N",NA,NA,NA,"per.germ","79.429",NA,NA,"3","25","90",NA,"Figure 5",NA,79.429,NA,"cold stratification x hormone","1000",3,"zardari19exp3 3"
"5","60",NA,NA,NA,"5","5",90,"constant",5,NA,"0/24",0,24,NA,NA,"GA3","airtight","plastic","7","14","percent.germ","dark",NA,"zardari19exp3","Ferula_gummosa","35.58 53.39","35.58 53.39 1130","zardari19","exp3","MN","Ferula","gummosa",NA,"N","N","Semnan, Iran",35.58,53.39,"1130","Asia",NA,"2016","2016","plastic bags","14",NA,"7","cold stratification","5","60","5",NA,"0","GA3","2500","3","N",NA,"N",NA,NA,NA,"per.germ","81.3","SE","4.8","3","25","90",NA,"Table 3",NA,81.3,"SE","cold stratification x hormone","2500",3,"zardari19exp3 3"
"5","60",NA,NA,NA,"5","5",90,"constant",5,NA,"0/24",0,24,NA,NA,"GA3","airtight","plastic","7","14","percent.germ","dark",NA,"zardari19exp3","Ferula_gummosa","35.58 53.39","35.58 53.39 1130","zardari19","exp3","MN","Ferula","gummosa",NA,"N","N","Semnan, Iran",35.58,53.39,"1130","Asia",NA,"2016","2016","plastic bags","14",NA,"7","cold stratification","5","60","5",NA,"0","GA3","1500","3","N",NA,"N",NA,NA,NA,"per.germ","92.686",NA,NA,"3","25","90",NA,"Figure 5",NA,92.686,NA,"cold stratification x hormone","1500",3,"zardari19exp3 3"
"5","60",NA,NA,NA,"5","5",90,"constant",5,NA,"0/24",0,24,NA,NA,"GA3","airtight","plastic","7","14","percent.germ","dark",NA,"zardari19exp3","Ferula_gummosa","35.58 53.39","35.58 53.39 1130","zardari19","exp3","MN","Ferula","gummosa",NA,"N","N","Semnan, Iran",35.58,53.39,"1130","Asia",NA,"2016","2016","plastic bags","14",NA,"7","cold stratification","5","60","5",NA,"0","GA3",NA,NA,"N",NA,"N",NA,NA,NA,"per.germ","84.667",NA,NA,"3","25","90",NA,"Figure 5",NA,84.667,NA,"cold stratification x hormone",NA,3,"zardari19exp3 3"
"5","60",NA,NA,NA,"5","5",90,"constant",5,NA,"0/24",0,24,NA,NA,"GA3","airtight","plastic","7","14","percent.germ","dark",NA,"zardari19exp3","Ferula_gummosa","35.58 53.39","35.58 53.39 1130","zardari19","exp3","MN","Ferula","gummosa",NA,"N","N","Semnan, Iran",35.58,53.39,"1130","Asia",NA,"2016","2016","plastic bags","14",NA,"7","cold stratification","5","60","5",NA,"0","GA3","2500","3","N",NA,"N",NA,NA,NA,"per.germ","81.884",NA,NA,"3","25","90",NA,"Figure 5",NA,81.884,NA,"cold stratification x hormone","2500",3,"zardari19exp3 3"
"5","90",NA,NA,NA,"5","5",90,"constant",5,NA,"0/24",0,24,NA,NA,"GA3","airtight","plastic","7","14","percent.germ","dark",NA,"zardari19exp3","Ferula_gummosa","35.58 53.39","35.58 53.39 1130","zardari19","exp3","MN","Ferula","gummosa",NA,"N","N","Semnan, Iran",35.58,53.39,"1130","Asia",NA,"2016","2016","plastic bags","14",NA,"7","cold stratification","5","90","5",NA,"0","GA3","2000","3","N",NA,"N",NA,NA,NA,"per.germ","89.3","SE","3.5","3","25","90",NA,"Table 3",NA,89.3,"SE","cold stratification x hormone","2000",4,"zardari19exp3 4"
"5","90",NA,NA,NA,"5","5",90,"constant",5,NA,"0/24",0,24,NA,NA,"GA3","airtight","plastic","7","14","percent.germ","dark",NA,"zardari19exp3","Ferula_gummosa","35.58 53.39","35.58 53.39 1130","zardari19","exp3","MN","Ferula","gummosa",NA,"N","N","Semnan, Iran",35.58,53.39,"1130","Asia",NA,"2016","2016","plastic bags","14",NA,"7","cold stratification","5","90","5",NA,"0","GA3","2500","3","N",NA,"N",NA,NA,NA,"per.germ","88","SE","0","3","25","90",NA,"Table 3",NA,88,"SE","cold stratification x hormone","2500",4,"zardari19exp3 4"
"5","90",NA,NA,NA,"5","5",90,"constant",5,NA,"0/24",0,24,NA,NA,"GA3","airtight","plastic","7","14","percent.germ","dark",NA,"zardari19exp3","Ferula_gummosa","35.58 53.39","35.58 53.39 1130","zardari19","exp3","MN","Ferula","gummosa",NA,"N","N","Semnan, Iran",35.58,53.39,"1130","Asia",NA,"2016","2016","plastic bags","14",NA,"7","cold stratification","5","90","5",NA,"0","GA3",NA,NA,"N",NA,"N",NA,NA,NA,"per.germ","87.789",NA,NA,"3","25","90",NA,"Figure 5",NA,87.789,NA,"cold stratification x hormone",NA,4,"zardari19exp3 4"
"5","90",NA,NA,NA,"5","5",90,"constant",5,NA,"0/24",0,24,NA,NA,"GA3","airtight","plastic","7","14","percent.germ","dark",NA,"zardari19exp3","Ferula_gummosa","35.58 53.39","35.58 53.39 1130","zardari19","exp3","MN","Ferula","gummosa",NA,"N","N","Semnan, Iran",35.58,53.39,"1130","Asia",NA,"2016","2016","plastic bags","14",NA,"7","cold stratification","5","90","5",NA,"0","GA3","1500","3","N",NA,"N",NA,NA,NA,"per.germ","84","SE","2.3","3","25","90",NA,"Table 3",NA,84,"SE","cold stratification x hormone","1500",4,"zardari19exp3 4"
"5","90",NA,NA,NA,"5","5",90,"constant",5,NA,"0/24",0,24,NA,NA,"GA3","airtight","plastic","7","14","percent.germ","dark",NA,"zardari19exp3","Ferula_gummosa","35.58 53.39","35.58 53.39 1130","zardari19","exp3","MN","Ferula","gummosa",NA,"N","N","Semnan, Iran",35.58,53.39,"1130","Asia",NA,"2016","2016","plastic bags","14",NA,"7","cold stratification","5","90","5",NA,"0","GA3","500","3","N",NA,"N",NA,NA,NA,"per.germ","91.869",NA,NA,"3","25","90",NA,"Figure 5",NA,91.869,NA,"cold stratification x hormone","500",4,"zardari19exp3 4"
"5","90",NA,NA,NA,"5","5",90,"constant",5,NA,"0/24",0,24,NA,NA,"GA3","airtight","plastic","7","14","percent.germ","dark",NA,"zardari19exp3","Ferula_gummosa","35.58 53.39","35.58 53.39 1130","zardari19","exp3","MN","Ferula","gummosa",NA,"N","N","Semnan, Iran",35.58,53.39,"1130","Asia",NA,"2016","2016","plastic bags","14",NA,"7","cold stratification","5","90","5",NA,"0","GA3","2000","3","N",NA,"N",NA,NA,NA,"per.germ","90.563",NA,NA,"3","25","90",NA,"Figure 5",NA,90.563,NA,"cold stratification x hormone","2000",4,"zardari19exp3 4"
"5","90",NA,NA,NA,"5","5",90,"constant",5,NA,"0/24",0,24,NA,NA,"GA3","airtight","plastic","7","14","percent.germ","dark",NA,"zardari19exp3","Ferula_gummosa","35.58 53.39","35.58 53.39 1130","zardari19","exp3","MN","Ferula","gummosa",NA,"N","N","Semnan, Iran",35.58,53.39,"1130","Asia",NA,"2016","2016","plastic bags","14",NA,"7","cold stratification","5","90","5",NA,"0","GA3","1000","3","N",NA,"N",NA,NA,NA,"per.germ","88","SE","4","3","25","90",NA,"Table 3",NA,88,"SE","cold stratification x hormone","1000",4,"zardari19exp3 4"
"5","90",NA,NA,NA,"5","5",90,"constant",5,NA,"0/24",0,24,NA,NA,"GA3","airtight","plastic","7","14","percent.germ","dark",NA,"zardari19exp3","Ferula_gummosa","35.58 53.39","35.58 53.39 1130","zardari19","exp3","MN","Ferula","gummosa",NA,"N","N","Semnan, Iran",35.58,53.39,"1130","Asia",NA,"2016","2016","plastic bags","14",NA,"7","cold stratification","5","90","5",NA,"0","GA3","1500","3","N",NA,"N",NA,NA,NA,"per.germ","84.687",NA,NA,"3","25","90",NA,"Figure 5",NA,84.687,NA,"cold stratification x hormone","1500",4,"zardari19exp3 4"
"5","90",NA,NA,NA,"5","5",90,"constant",5,NA,"0/24",0,24,NA,NA,"GA3","airtight","plastic","7","14","percent.germ","dark",NA,"zardari19exp3","Ferula_gummosa","35.58 53.39","35.58 53.39 1130","zardari19","exp3","MN","Ferula","gummosa",NA,"N","N","Semnan, Iran",35.58,53.39,"1130","Asia",NA,"2016","2016","plastic bags","14",NA,"7","cold stratification","5","90","5",NA,"0","GA3","500","3","N",NA,"N",NA,NA,NA,"per.germ","90.6","SE","1.3","3","25","90",NA,"Table 3",NA,90.6,"SE","cold stratification x hormone","500",4,"zardari19exp3 4"
"5","90",NA,NA,NA,"5","5",90,"constant",5,NA,"0/24",0,24,NA,NA,"GA3","airtight","plastic","7","14","percent.germ","dark",NA,"zardari19exp3","Ferula_gummosa","35.58 53.39","35.58 53.39 1130","zardari19","exp3","MN","Ferula","gummosa",NA,"N","N","Semnan, Iran",35.58,53.39,"1130","Asia",NA,"2016","2016","plastic bags","14",NA,"7","cold stratification","5","90","5",NA,"0","GA3","0","3","N",NA,"N",NA,NA,NA,"per.germ","88","SE","4","3","25","90",NA,"Table 3",NA,88,"SE","cold stratification x hormone","0",4,"zardari19exp3 4"
"5","90",NA,NA,NA,"5","5",90,"constant",5,NA,"0/24",0,24,NA,NA,"GA3","airtight","plastic","7","14","percent.germ","dark",NA,"zardari19exp3","Ferula_gummosa","35.58 53.39","35.58 53.39 1130","zardari19","exp3","MN","Ferula","gummosa",NA,"N","N","Semnan, Iran",35.58,53.39,"1130","Asia",NA,"2016","2016","plastic bags","14",NA,"7","cold stratification","5","90","5",NA,"0","GA3","1000","3","N",NA,"N",NA,NA,NA,"per.germ","87.789",NA,NA,"3","25","90",NA,"Figure 5",NA,87.789,NA,"cold stratification x hormone","1000",4,"zardari19exp3 4"
"5","90",NA,NA,NA,"5","5",90,"constant",5,NA,"0/24",0,24,NA,NA,"GA3","airtight","plastic","7","14","percent.germ","dark",NA,"zardari19exp3","Ferula_gummosa","35.58 53.39","35.58 53.39 1130","zardari19","exp3","MN","Ferula","gummosa",NA,"N","N","Semnan, Iran",35.58,53.39,"1130","Asia",NA,"2016","2016","plastic bags","14",NA,"7","cold stratification","5","90","5",NA,"0","GA3","2500","3","N",NA,"N",NA,NA,NA,"per.germ","88.768",NA,NA,"3","25","90",NA,"Figure 5",NA,88.768,NA,"cold stratification x hormone","2500",4,"zardari19exp3 4"
NA,NA,NA,NA,NA,"23","23",60,"constant",23,NA,"16/8",16,8,NA,NA,"GA3",NA,NA,NA,NA,"percent.germ","light",NA,"zare11exp1","Ferula_assa-foetida","31.47 53.52","31.47 53.52 NA","zare11","exp1","MN","Ferula","assa-foetida",NA,"N","N","Nasr Abad, Yazd, Iran",31.47,53.52,NA,"Asia",NA,"2007",NA,NA,NA,NA,NA,"chemical",NA,NA,"23",NA,"16/8","GA3","2000",NA,"N",NA,"Y","70 % alcohol, 2.5% NaOCl","71 % alcohol (1 min), 2.5% NaOCl (15 min)",NA,"per.germ","34",NA,NA,"4","25","60",NA,"Table 1",NA,34,NA,"hormone","2000",6,"zare11exp1 6"
NA,NA,NA,NA,NA,"23","23",60,"constant",23,NA,"16/8",16,8,NA,NA,"GA3",NA,NA,NA,NA,"percent.germ","light",NA,"zare11exp1","Ferula_assa-foetida","31.47 53.52","31.47 53.52 NA","zare11","exp1","MN","Ferula","assa-foetida",NA,"N","N","Nasr Abad, Yazd, Iran",31.47,53.52,NA,"Asia",NA,"2007",NA,NA,NA,NA,NA,"chemical",NA,NA,"23",NA,"16/8","GA3","500",NA,"N",NA,"Y","70 % alcohol, 2.5% NaOCl","71 % alcohol (1 min), 2.5% NaOCl (15 min)",NA,"per.germ","9.75",NA,NA,"4","25","60",NA,"Table 1",NA,9.75,NA,"hormone","500",6,"zare11exp1 6"
NA,NA,NA,NA,NA,"23","23",60,"constant",23,NA,"16/8",16,8,NA,NA,"GA3",NA,NA,NA,NA,"percent.germ","light",NA,"zare11exp1","Ferula_assa-foetida","31.47 53.52","31.47 53.52 NA","zare11","exp1","MN","Ferula","assa-foetida",NA,"N","N","Nasr Abad, Yazd, Iran",31.47,53.52,NA,"Asia",NA,"2007",NA,NA,NA,NA,NA,"chemical",NA,NA,"23",NA,"16/8","GA3","1000",NA,"N",NA,"Y","70 % alcohol, 2.5% NaOCl","71 % alcohol (1 min), 2.5% NaOCl (15 min)",NA,"per.germ","23.5",NA,NA,"4","25","60",NA,"Table 1",NA,23.5,NA,"hormone","1000",6,"zare11exp1 6"
NA,NA,NA,NA,NA,"23","23",60,"constant",23,NA,"16/8",16,8,NA,NA,"GA3",NA,NA,NA,NA,"percent.germ","light",NA,"zare11exp1","Ferula_assa-foetida","31.47 53.52","31.47 53.52 NA","zare11","exp1","MN","Ferula","assa-foetida",NA,"N","N","Nasr Abad, Yazd, Iran",31.47,53.52,NA,"Asia",NA,"2007",NA,NA,NA,NA,NA,"chemical",NA,NA,"23",NA,"16/8","GA3","1500",NA,"N",NA,"Y","70 % alcohol, 2.5% NaOCl","71 % alcohol (1 min), 2.5% NaOCl (15 min)",NA,"per.germ","39",NA,NA,"4","25","60",NA,"Table 1",NA,39,NA,"hormone","1500",6,"zare11exp1 6"
"4","30",NA,NA,NA,"23","23",60,"constant",23,NA,"16/8",16,8,NA,NA,"GA3",NA,NA,NA,NA,"percent.germ","light",NA,"zare11exp1","Ferula_assa-foetida","31.47 53.52","31.47 53.52 NA","zare11","exp1","MN","Ferula","assa-foetida",NA,"N","N","Nasr Abad, Yazd, Iran",31.47,53.52,NA,"Asia",NA,"2007",NA,NA,NA,NA,NA,"cold stratification","4","30","23","GA3","16/8","GA3","1500",NA,"N",NA,"Y","70 % alcohol, 2.5% NaOCl","71 % alcohol (1 min), 2.5% NaOCl (15 min)",NA,"per.germ","69.66",NA,NA,"4","25","60",NA,"Table 1",NA,69.66,NA,"chilling + hormone","1500",8,"zare11exp1 8"
"4","30",NA,NA,NA,"23","23",60,"constant",23,NA,"16/8",16,8,NA,NA,"GA3",NA,NA,NA,NA,"percent.germ","light",NA,"zare11exp1","Ferula_assa-foetida","31.47 53.52","31.47 53.52 NA","zare11","exp1","MN","Ferula","assa-foetida",NA,"N","N","Nasr Abad, Yazd, Iran",31.47,53.52,NA,"Asia",NA,"2007",NA,NA,NA,NA,NA,"cold stratification","4","30","23","GA3","16/8","GA3","2000",NA,"N",NA,"Y","70 % alcohol, 2.5% NaOCl","71 % alcohol (1 min), 2.5% NaOCl (15 min)",NA,"per.germ","76.33",NA,NA,"4","25","60",NA,"Table 1",NA,76.33,NA,"chilling + hormone","2000",8,"zare11exp1 8"
"4","30",NA,NA,NA,"23","23",60,"constant",23,NA,"16/8",16,8,NA,NA,"GA3",NA,NA,NA,NA,"percent.germ","light",NA,"zare11exp1","Ferula_assa-foetida","31.47 53.52","31.47 53.52 NA","zare11","exp1","MN","Ferula","assa-foetida",NA,"N","N","Nasr Abad, Yazd, Iran",31.47,53.52,NA,"Asia",NA,"2007",NA,NA,NA,NA,NA,"cold stratification","4","30","23","GA3","16/8","GA3","1000",NA,"N",NA,"Y","70 % alcohol, 2.5% NaOCl","71 % alcohol (1 min), 2.5% NaOCl (15 min)",NA,"per.germ","66.33",NA,NA,"4","25","60",NA,"Table 1",NA,66.33,NA,"chilling + hormone","1000",8,"zare11exp1 8"
"4","30",NA,NA,NA,"23","23",60,"constant",23,NA,"16/8",16,8,NA,NA,"GA3",NA,NA,NA,NA,"percent.germ","light",NA,"zare11exp1","Ferula_assa-foetida","31.47 53.52","31.47 53.52 NA","zare11","exp1","MN","Ferula","assa-foetida",NA,"N","N","Nasr Abad, Yazd, Iran",31.47,53.52,NA,"Asia",NA,"2007",NA,NA,NA,NA,NA,"cold stratification","4","30","23","GA3","16/8","GA3","500",NA,"N",NA,"Y","70 % alcohol, 2.5% NaOCl","71 % alcohol (1 min), 2.5% NaOCl (15 min)",NA,"per.germ","53.66",NA,NA,"4","25","60",NA,"Table 1",NA,53.66,NA,"chilling + hormone","500",8,"zare11exp1 8"
"4","60",NA,NA,NA,"23","23",60,"constant",23,NA,"16/8",16,8,NA,NA,"GA3",NA,NA,NA,NA,"percent.germ","light",NA,"zare11exp1","Ferula_assa-foetida","31.47 53.52","31.47 53.52 NA","zare11","exp1","MN","Ferula","assa-foetida",NA,"N","N","Nasr Abad, Yazd, Iran",31.47,53.52,NA,"Asia",NA,"2007",NA,NA,NA,NA,NA,"cold stratification","4","60","23","GA3","16/8","GA3","2000",NA,"N",NA,"Y","70 % alcohol, 2.5% NaOCl","71 % alcohol (1 min), 2.5% NaOCl (15 min)",NA,"per.germ","91.66",NA,NA,"4","25","60",NA,"Table 1",NA,91.66,NA,"chilling + hormone","2000",9,"zare11exp1 9"
"4","60",NA,NA,NA,"23","23",60,"constant",23,NA,"16/8",16,8,NA,NA,"GA3",NA,NA,NA,NA,"percent.germ","light",NA,"zare11exp1","Ferula_assa-foetida","31.47 53.52","31.47 53.52 NA","zare11","exp1","MN","Ferula","assa-foetida",NA,"N","N","Nasr Abad, Yazd, Iran",31.47,53.52,NA,"Asia",NA,"2007",NA,NA,NA,NA,NA,"cold stratification","4","60","23","GA3","16/8","GA3","500",NA,"N",NA,"Y","70 % alcohol, 2.5% NaOCl","71 % alcohol (1 min), 2.5% NaOCl (15 min)",NA,"per.germ","85",NA,NA,"4","25","60",NA,"Table 1",NA,85,NA,"chilling + hormone","500",9,"zare11exp1 9"
"4","60",NA,NA,NA,"23","23",60,"constant",23,NA,"16/8",16,8,NA,NA,"GA3",NA,NA,NA,NA,"percent.germ","light",NA,"zare11exp1","Ferula_assa-foetida","31.47 53.52","31.47 53.52 NA","zare11","exp1","MN","Ferula","assa-foetida",NA,"N","N","Nasr Abad, Yazd, Iran",31.47,53.52,NA,"Asia",NA,"2007",NA,NA,NA,NA,NA,"cold stratification","4","60","23","GA3","16/8","GA3","1000",NA,"N",NA,"Y","70 % alcohol, 2.5% NaOCl","71 % alcohol (1 min), 2.5% NaOCl (15 min)",NA,"per.germ","88.33",NA,NA,"4","25","60",NA,"Table 1",NA,88.33,NA,"chilling + hormone","1000",9,"zare11exp1 9"
"4","60",NA,NA,NA,"23","23",60,"constant",23,NA,"16/8",16,8,NA,NA,"GA3",NA,NA,NA,NA,"percent.germ","light",NA,"zare11exp1","Ferula_assa-foetida","31.47 53.52","31.47 53.52 NA","zare11","exp1","MN","Ferula","assa-foetida",NA,"N","N","Nasr Abad, Yazd, Iran",31.47,53.52,NA,"Asia",NA,"2007",NA,NA,NA,NA,NA,"cold stratification","4","60","23","GA3","16/8","GA3","1500",NA,"N",NA,"Y","70 % alcohol, 2.5% NaOCl","71 % alcohol (1 min), 2.5% NaOCl (15 min)",NA,"per.germ","90.66",NA,NA,"4","25","60",NA,"Table 1",NA,90.66,NA,"chilling + hormone","1500",9,"zare11exp1 9"
NA,NA,NA,NA,NA,"23","23",60,"constant",23,NA,"16/8",16,8,NA,NA,"GA3",NA,NA,NA,NA,"germ.rate","light",NA,"zare11exp1","Ferula_assa-foetida","31.47 53.52","31.47 53.52 NA","zare11","exp1","MN","Ferula","assa-foetida",NA,"N","N","Nasr Abad, Yazd, Iran",31.47,53.52,NA,"Asia",NA,"2007",NA,NA,NA,NA,NA,"chemical",NA,NA,"23",NA,"16/8","GA3","1000",NA,"N",NA,"Y","70 % alcohol, 2.5% NaOCl","71 % alcohol (1 min), 2.5% NaOCl (15 min)",NA,"germ rate","0.337",NA,NA,"4","25","60",NA,"Table 1",NA,0.337,NA,"hormone","1000",15,"zare11exp1 15"
NA,NA,NA,NA,NA,"23","23",60,"constant",23,NA,"16/8",16,8,NA,NA,"GA3",NA,NA,NA,NA,"germ.rate","light",NA,"zare11exp1","Ferula_assa-foetida","31.47 53.52","31.47 53.52 NA","zare11","exp1","MN","Ferula","assa-foetida",NA,"N","N","Nasr Abad, Yazd, Iran",31.47,53.52,NA,"Asia",NA,"2007",NA,NA,NA,NA,NA,"chemical",NA,NA,"23",NA,"16/8","GA3","1500",NA,"N",NA,"Y","70 % alcohol, 2.5% NaOCl","71 % alcohol (1 min), 2.5% NaOCl (15 min)",NA,"germ rate","0.43",NA,NA,"4","25","60",NA,"Table 1",NA,0.43,NA,"hormone","1500",15,"zare11exp1 15"
NA,NA,NA,NA,NA,"23","23",60,"constant",23,NA,"16/8",16,8,NA,NA,"GA3",NA,NA,NA,NA,"germ.rate","light",NA,"zare11exp1","Ferula_assa-foetida","31.47 53.52","31.47 53.52 NA","zare11","exp1","MN","Ferula","assa-foetida",NA,"N","N","Nasr Abad, Yazd, Iran",31.47,53.52,NA,"Asia",NA,"2007",NA,NA,NA,NA,NA,"chemical",NA,NA,"23",NA,"16/8","GA3","2000",NA,"N",NA,"Y","70 % alcohol, 2.5% NaOCl","71 % alcohol (1 min), 2.5% NaOCl (15 min)",NA,"germ rate","0.575",NA,NA,"4","25","60",NA,"Table 1",NA,0.575,NA,"hormone","2000",15,"zare11exp1 15"
NA,NA,NA,NA,NA,"23","23",60,"constant",23,NA,"16/8",16,8,NA,NA,"GA3",NA,NA,NA,NA,"germ.rate","light",NA,"zare11exp1","Ferula_assa-foetida","31.47 53.52","31.47 53.52 NA","zare11","exp1","MN","Ferula","assa-foetida",NA,"N","N","Nasr Abad, Yazd, Iran",31.47,53.52,NA,"Asia",NA,"2007",NA,NA,NA,NA,NA,"chemical",NA,NA,"23",NA,"16/8","GA3","500",NA,"N",NA,"Y","70 % alcohol, 2.5% NaOCl","71 % alcohol (1 min), 2.5% NaOCl (15 min)",NA,"germ rate","0.15",NA,NA,"4","25","60",NA,"Table 1",NA,0.15,NA,"hormone","500",15,"zare11exp1 15"
"4","30",NA,NA,NA,"23","23",60,"constant",23,NA,"16/8",16,8,NA,NA,"GA3",NA,NA,NA,NA,"germ.rate","light",NA,"zare11exp1","Ferula_assa-foetida","31.47 53.52","31.47 53.52 NA","zare11","exp1","MN","Ferula","assa-foetida",NA,"N","N","Nasr Abad, Yazd, Iran",31.47,53.52,NA,"Asia",NA,"2007",NA,NA,NA,NA,NA,"cold stratification","4","30","23","GA3","16/8","GA3","500",NA,"N",NA,"Y","70 % alcohol, 2.5% NaOCl","71 % alcohol (1 min), 2.5% NaOCl (15 min)",NA,"germ rate","1.1",NA,NA,"4","25","60",NA,"Table 1",NA,1.1,NA,"chilling + hormone","500",17,"zare11exp1 17"
"4","30",NA,NA,NA,"23","23",60,"constant",23,NA,"16/8",16,8,NA,NA,"GA3",NA,NA,NA,NA,"germ.rate","light",NA,"zare11exp1","Ferula_assa-foetida","31.47 53.52","31.47 53.52 NA","zare11","exp1","MN","Ferula","assa-foetida",NA,"N","N","Nasr Abad, Yazd, Iran",31.47,53.52,NA,"Asia",NA,"2007",NA,NA,NA,NA,NA,"cold stratification","4","30","23","GA3","16/8","GA3","1000",NA,"N",NA,"Y","70 % alcohol, 2.5% NaOCl","71 % alcohol (1 min), 2.5% NaOCl (15 min)",NA,"germ rate","1.365",NA,NA,"4","25","60",NA,"Table 1",NA,1.365,NA,"chilling + hormone","1000",17,"zare11exp1 17"
"4","30",NA,NA,NA,"23","23",60,"constant",23,NA,"16/8",16,8,NA,NA,"GA3",NA,NA,NA,NA,"germ.rate","light",NA,"zare11exp1","Ferula_assa-foetida","31.47 53.52","31.47 53.52 NA","zare11","exp1","MN","Ferula","assa-foetida",NA,"N","N","Nasr Abad, Yazd, Iran",31.47,53.52,NA,"Asia",NA,"2007",NA,NA,NA,NA,NA,"cold stratification","4","30","23","GA3","16/8","GA3","1500",NA,"N",NA,"Y","70 % alcohol, 2.5% NaOCl","71 % alcohol (1 min), 2.5% NaOCl (15 min)",NA,"germ rate","1.3",NA,NA,"4","25","60",NA,"Table 1",NA,1.3,NA,"chilling + hormone","1500",17,"zare11exp1 17"
"4","30",NA,NA,NA,"23","23",60,"constant",23,NA,"16/8",16,8,NA,NA,"GA3",NA,NA,NA,NA,"germ.rate","light",NA,"zare11exp1","Ferula_assa-foetida","31.47 53.52","31.47 53.52 NA","zare11","exp1","MN","Ferula","assa-foetida",NA,"N","N","Nasr Abad, Yazd, Iran",31.47,53.52,NA,"Asia",NA,"2007",NA,NA,NA,NA,NA,"cold stratification","4","30","23","GA3","16/8","GA3","2000",NA,"N",NA,"Y","70 % alcohol, 2.5% NaOCl","71 % alcohol (1 min), 2.5% NaOCl (15 min)",NA,"germ rate","1.265",NA,NA,"4","25","60",NA,"Table 1",NA,1.265,NA,"chilling + hormone","2000",17,"zare11exp1 17"
"4","60",NA,NA,NA,"23","23",60,"constant",23,NA,"16/8",16,8,NA,NA,"GA3",NA,NA,NA,NA,"germ.rate","light",NA,"zare11exp1","Ferula_assa-foetida","31.47 53.52","31.47 53.52 NA","zare11","exp1","MN","Ferula","assa-foetida",NA,"N","N","Nasr Abad, Yazd, Iran",31.47,53.52,NA,"Asia",NA,"2007",NA,NA,NA,NA,NA,"cold stratification","4","60","23","GA3","16/8","GA3","500",NA,"N",NA,"Y","70 % alcohol, 2.5% NaOCl","71 % alcohol (1 min), 2.5% NaOCl (15 min)",NA,"germ rate","1.3",NA,NA,"4","25","60",NA,"Table 1",NA,1.3,NA,"chilling + hormone","500",18,"zare11exp1 18"
"4","60",NA,NA,NA,"23","23",60,"constant",23,NA,"16/8",16,8,NA,NA,"GA3",NA,NA,NA,NA,"germ.rate","light",NA,"zare11exp1","Ferula_assa-foetida","31.47 53.52","31.47 53.52 NA","zare11","exp1","MN","Ferula","assa-foetida",NA,"N","N","Nasr Abad, Yazd, Iran",31.47,53.52,NA,"Asia",NA,"2007",NA,NA,NA,NA,NA,"cold stratification","4","60","23","GA3","16/8","GA3","1000",NA,"N",NA,"Y","70 % alcohol, 2.5% NaOCl","71 % alcohol (1 min), 2.5% NaOCl (15 min)",NA,"germ rate","1.732",NA,NA,"4","25","60",NA,"Table 1",NA,1.732,NA,"chilling + hormone","1000",18,"zare11exp1 18"
"4","60",NA,NA,NA,"23","23",60,"constant",23,NA,"16/8",16,8,NA,NA,"GA3",NA,NA,NA,NA,"germ.rate","light",NA,"zare11exp1","Ferula_assa-foetida","31.47 53.52","31.47 53.52 NA","zare11","exp1","MN","Ferula","assa-foetida",NA,"N","N","Nasr Abad, Yazd, Iran",31.47,53.52,NA,"Asia",NA,"2007",NA,NA,NA,NA,NA,"cold stratification","4","60","23","GA3","16/8","GA3","1500",NA,"N",NA,"Y","70 % alcohol, 2.5% NaOCl","71 % alcohol (1 min), 2.5% NaOCl (15 min)",NA,"germ rate","1.6",NA,NA,"4","25","60",NA,"Table 1",NA,1.6,NA,"chilling + hormone","1500",18,"zare11exp1 18"
"4","60",NA,NA,NA,"23","23",60,"constant",23,NA,"16/8",16,8,NA,NA,"GA3",NA,NA,NA,NA,"germ.rate","light",NA,"zare11exp1","Ferula_assa-foetida","31.47 53.52","31.47 53.52 NA","zare11","exp1","MN","Ferula","assa-foetida",NA,"N","N","Nasr Abad, Yazd, Iran",31.47,53.52,NA,"Asia",NA,"2007",NA,NA,NA,NA,NA,"cold stratification","4","60","23","GA3","16/8","GA3","2000",NA,"N",NA,"Y","70 % alcohol, 2.5% NaOCl","71 % alcohol (1 min), 2.5% NaOCl (15 min)",NA,"germ rate","1.9",NA,NA,"4","25","60",NA,"Table 1",NA,1.9,NA,"chilling + hormone","2000",18,"zare11exp1 18"
NA,"0",NA,NA,NA,"20","20",8,"constant",20,NA,"0/24",0,24,NA,NA,"GA3","dry","dry","19","30","percent.germ","dark",NA,"arslan11exp1","Androsace_villosa","40.07 29.22","40.07 29.22 2200 - 2300","arslan11","exp1","HHN","Androsace","villosa",NA,"N","N","Uludag Mt., Bursa, Turkey",40.07,29.22,"2200 - 2300","Europe",NA,"2009","2009","dry","30",NA,"18 - 20","dark",NA,"0","20",NA,"0","GA3","100","1","N",NA,"N",NA,NA,"Y","per.germ","6",NA,NA,"3","25","8","other, end of chemical treatment","figure 1",NA,6,NA,"moist chilling x hormone x photoperiod x germination temperature","100",23,"arslan11exp1 23"
NA,"0",NA,NA,NA,"20","20",8,"constant",20,NA,"0/24",0,24,NA,NA,"GA3","dry","dry","19","30","percent.germ","dark",NA,"arslan11exp1","Androsace_villosa","40.07 29.22","40.07 29.22 2200 - 2300","arslan11","exp1","HHN","Androsace","villosa",NA,"N","N","Uludag Mt., Bursa, Turkey",40.07,29.22,"2200 - 2300","Europe",NA,"2009","2009","dry","30",NA,"18 - 20","dark",NA,"0","20",NA,"0","GA3","150","1","N",NA,"N",NA,NA,"Y","per.germ","6",NA,NA,"3","25","8","other, end of chemical treatment","figure 1",NA,6,NA,"moist chilling x hormone x photoperiod x germination temperature","150",23,"arslan11exp1 23"
NA,"0",NA,NA,NA,"20","20",8,"constant",20,NA,"0/24",0,24,NA,NA,"GA3","dry","dry","19","30","percent.germ","dark",NA,"arslan11exp1","Androsace_villosa","40.07 29.22","40.07 29.22 2200 - 2300","arslan11","exp1","HHN","Androsace","villosa",NA,"N","N","Uludag Mt., Bursa, Turkey",40.07,29.22,"2200 - 2300","Europe",NA,"2009","2009","dry","30",NA,"18 - 20","dark",NA,"0","20",NA,"0","GA3","250","1","N",NA,"N",NA,NA,"Y","per.germ","12",NA,NA,"3","25","8","other, end of chemical treatment","figure 1",NA,12,NA,"moist chilling x hormone x photoperiod x germination temperature","250",23,"arslan11exp1 23"
NA,"0",NA,NA,NA,"20","20",9,"constant",20,NA,"0/24",0,24,NA,NA,"GA3","dry","dry","19","30","percent.germ","dark",NA,"arslan11exp1","Androsace_villosa","40.07 29.22","40.07 29.22 2200 - 2300","arslan11","exp1","HHN","Androsace","villosa",NA,"N","N","Uludag Mt., Bursa, Turkey",40.07,29.22,"2200 - 2300","Europe",NA,"2009","2009","dry","30",NA,"18 - 20","dark",NA,"0","20",NA,"0","GA3","100","1","N",NA,"N",NA,NA,"Y","per.germ","7",NA,NA,"3","25","9","other, end of chemical treatment","figure 1",NA,7,NA,"moist chilling x hormone x photoperiod x germination temperature","100",24,"arslan11exp1 24"
NA,"0",NA,NA,NA,"20","20",9,"constant",20,NA,"0/24",0,24,NA,NA,"GA3","dry","dry","19","30","percent.germ","dark",NA,"arslan11exp1","Androsace_villosa","40.07 29.22","40.07 29.22 2200 - 2300","arslan11","exp1","HHN","Androsace","villosa",NA,"N","N","Uludag Mt., Bursa, Turkey",40.07,29.22,"2200 - 2300","Europe",NA,"2009","2009","dry","30",NA,"18 - 20","dark",NA,"0","20",NA,"0","GA3","150","1","N",NA,"N",NA,NA,"Y","per.germ","11",NA,NA,"3","25","9","other, end of chemical treatment","figure 1",NA,11,NA,"moist chilling x hormone x photoperiod x germination temperature","150",24,"arslan11exp1 24"
NA,"0",NA,NA,NA,"20","20",9,"constant",20,NA,"0/24",0,24,NA,NA,"GA3","dry","dry","19","30","percent.germ","dark",NA,"arslan11exp1","Androsace_villosa","40.07 29.22","40.07 29.22 2200 - 2300","arslan11","exp1","HHN","Androsace","villosa",NA,"N","N","Uludag Mt., Bursa, Turkey",40.07,29.22,"2200 - 2300","Europe",NA,"2009","2009","dry","30",NA,"18 - 20","dark",NA,"0","20",NA,"0","GA3","250","1","N",NA,"N",NA,NA,"Y","per.germ","15",NA,NA,"3","25","9","other, end of chemical treatment","figure 1",NA,15,NA,"moist chilling x hormone x photoperiod x germination temperature","250",24,"arslan11exp1 24"
NA,"0",NA,NA,NA,"20","20",10,"constant",20,NA,"0/24",0,24,NA,NA,"GA3","dry","dry","19","30","percent.germ","dark",NA,"arslan11exp1","Androsace_villosa","40.07 29.22","40.07 29.22 2200 - 2300","arslan11","exp1","HHN","Androsace","villosa",NA,"N","N","Uludag Mt., Bursa, Turkey",40.07,29.22,"2200 - 2300","Europe",NA,"2009","2009","dry","30",NA,"18 - 20","dark",NA,"0","20",NA,"0","GA3","100","1","N",NA,"N",NA,NA,"Y","per.germ","16",NA,NA,"3","25","10","other, end of chemical treatment","figure 1",NA,16,NA,"moist chilling x hormone x photoperiod x germination temperature","100",25,"arslan11exp1 25"
NA,"0",NA,NA,NA,"20","20",10,"constant",20,NA,"0/24",0,24,NA,NA,"GA3","dry","dry","19","30","percent.germ","dark",NA,"arslan11exp1","Androsace_villosa","40.07 29.22","40.07 29.22 2200 - 2300","arslan11","exp1","HHN","Androsace","villosa",NA,"N","N","Uludag Mt., Bursa, Turkey",40.07,29.22,"2200 - 2300","Europe",NA,"2009","2009","dry","30",NA,"18 - 20","dark",NA,"0","20",NA,"0","GA3","150","1","N",NA,"N",NA,NA,"Y","per.germ","12",NA,NA,"3","25","10","other, end of chemical treatment","figure 1",NA,12,NA,"moist chilling x hormone x photoperiod x germination temperature","150",25,"arslan11exp1 25"
NA,"0",NA,NA,NA,"20","20",10,"constant",20,NA,"0/24",0,24,NA,NA,"GA3","dry","dry","19","30","percent.germ","dark",NA,"arslan11exp1","Androsace_villosa","40.07 29.22","40.07 29.22 2200 - 2300","arslan11","exp1","HHN","Androsace","villosa",NA,"N","N","Uludag Mt., Bursa, Turkey",40.07,29.22,"2200 - 2300","Europe",NA,"2009","2009","dry","30",NA,"18 - 20","dark",NA,"0","20",NA,"0","GA3","250","1","N",NA,"N",NA,NA,"Y","per.germ","18",NA,NA,"3","25","10","other, end of chemical treatment","figure 1",NA,18,NA,"moist chilling x hormone x photoperiod x germination temperature","250",25,"arslan11exp1 25"
NA,"0",NA,NA,NA,"20","20",11,"constant",20,NA,"0/24",0,24,NA,NA,"GA3","dry","dry","19","30","percent.germ","dark",NA,"arslan11exp1","Androsace_villosa","40.07 29.22","40.07 29.22 2200 - 2300","arslan11","exp1","HHN","Androsace","villosa",NA,"N","N","Uludag Mt., Bursa, Turkey",40.07,29.22,"2200 - 2300","Europe",NA,"2009","2009","dry","30",NA,"18 - 20","dark",NA,"0","20",NA,"0","GA3","100","1","N",NA,"N",NA,NA,"Y","per.germ","20",NA,NA,"3","25","11","other, end of chemical treatment","figure 1",NA,20,NA,"moist chilling x hormone x photoperiod x germination temperature","100",26,"arslan11exp1 26"
NA,"0",NA,NA,NA,"20","20",11,"constant",20,NA,"0/24",0,24,NA,NA,"GA3","dry","dry","19","30","percent.germ","dark",NA,"arslan11exp1","Androsace_villosa","40.07 29.22","40.07 29.22 2200 - 2300","arslan11","exp1","HHN","Androsace","villosa",NA,"N","N","Uludag Mt., Bursa, Turkey",40.07,29.22,"2200 - 2300","Europe",NA,"2009","2009","dry","30",NA,"18 - 20","dark",NA,"0","20",NA,"0","GA3","250","1","N",NA,"N",NA,NA,"Y","per.germ","25",NA,NA,"3","25","11","other, end of chemical treatment","figure 1",NA,25,NA,"moist chilling x hormone x photoperiod x germination temperature","250",26,"arslan11exp1 26"
NA,"0",NA,NA,NA,"20","20",11,"constant",20,NA,"0/24",0,24,NA,NA,"GA3","dry","dry","19","30","percent.germ","dark",NA,"arslan11exp1","Androsace_villosa","40.07 29.22","40.07 29.22 2200 - 2300","arslan11","exp1","HHN","Androsace","villosa",NA,"N","N","Uludag Mt., Bursa, Turkey",40.07,29.22,"2200 - 2300","Europe",NA,"2009","2009","dry","30",NA,"18 - 20","dark",NA,"0","20",NA,"0","GA3","150","1","N",NA,"N",NA,NA,"Y","per.germ","20",NA,NA,"3","25","11","other, end of chemical treatment","figure 1",NA,20,NA,"moist chilling x hormone x photoperiod x germination temperature","150",26,"arslan11exp1 26"
NA,"0",NA,NA,NA,"20","20",12,"constant",20,NA,"0/24",0,24,NA,NA,"GA3","dry","dry","19","30","percent.germ","dark",NA,"arslan11exp1","Androsace_villosa","40.07 29.22","40.07 29.22 2200 - 2300","arslan11","exp1","HHN","Androsace","villosa",NA,"N","N","Uludag Mt., Bursa, Turkey",40.07,29.22,"2200 - 2300","Europe",NA,"2009","2009","dry","30",NA,"18 - 20","dark",NA,"0","20",NA,"0","GA3","100","1","N",NA,"N",NA,NA,"Y","per.germ","22",NA,NA,"3","25","12","other, end of chemical treatment","figure 1",NA,22,NA,"moist chilling x hormone x photoperiod x germination temperature","100",27,"arslan11exp1 27"
NA,"0",NA,NA,NA,"20","20",12,"constant",20,NA,"0/24",0,24,NA,NA,"GA3","dry","dry","19","30","percent.germ","dark",NA,"arslan11exp1","Androsace_villosa","40.07 29.22","40.07 29.22 2200 - 2300","arslan11","exp1","HHN","Androsace","villosa",NA,"N","N","Uludag Mt., Bursa, Turkey",40.07,29.22,"2200 - 2300","Europe",NA,"2009","2009","dry","30",NA,"18 - 20","dark",NA,"0","20",NA,"0","GA3","250","1","N",NA,"N",NA,NA,"Y","per.germ","30",NA,NA,"3","25","12","other, end of chemical treatment","figure 1",NA,30,NA,"moist chilling x hormone x photoperiod x germination temperature","250",27,"arslan11exp1 27"
NA,"0",NA,NA,NA,"20","20",12,"constant",20,NA,"0/24",0,24,NA,NA,"GA3","dry","dry","19","30","percent.germ","dark",NA,"arslan11exp1","Androsace_villosa","40.07 29.22","40.07 29.22 2200 - 2300","arslan11","exp1","HHN","Androsace","villosa",NA,"N","N","Uludag Mt., Bursa, Turkey",40.07,29.22,"2200 - 2300","Europe",NA,"2009","2009","dry","30",NA,"18 - 20","dark",NA,"0","20",NA,"0","GA3","150","1","N",NA,"N",NA,NA,"Y","per.germ","27",NA,NA,"3","25","12","other, end of chemical treatment","figure 1",NA,27,NA,"moist chilling x hormone x photoperiod x germination temperature","150",27,"arslan11exp1 27"
NA,"0",NA,NA,NA,"20","20",13,"constant",20,NA,"0/24",0,24,NA,NA,"GA3","dry","dry","19","30","percent.germ","dark",NA,"arslan11exp1","Androsace_villosa","40.07 29.22","40.07 29.22 2200 - 2300","arslan11","exp1","HHN","Androsace","villosa",NA,"N","N","Uludag Mt., Bursa, Turkey",40.07,29.22,"2200 - 2300","Europe",NA,"2009","2009","dry","30",NA,"18 - 20","dark",NA,"0","20",NA,"0","GA3","150","1","N",NA,"N",NA,NA,"Y","per.germ","34",NA,NA,"3","25","13","other, end of chemical treatment","figure 1",NA,34,NA,"moist chilling x hormone x photoperiod x germination temperature","150",28,"arslan11exp1 28"
NA,"0",NA,NA,NA,"20","20",13,"constant",20,NA,"0/24",0,24,NA,NA,"GA3","dry","dry","19","30","percent.germ","dark",NA,"arslan11exp1","Androsace_villosa","40.07 29.22","40.07 29.22 2200 - 2300","arslan11","exp1","HHN","Androsace","villosa",NA,"N","N","Uludag Mt., Bursa, Turkey",40.07,29.22,"2200 - 2300","Europe",NA,"2009","2009","dry","30",NA,"18 - 20","dark",NA,"0","20",NA,"0","GA3","100","1","N",NA,"N",NA,NA,"Y","per.germ","30",NA,NA,"3","25","13","other, end of chemical treatment","figure 1",NA,30,NA,"moist chilling x hormone x photoperiod x germination temperature","100",28,"arslan11exp1 28"
NA,"0",NA,NA,NA,"20","20",13,"constant",20,NA,"0/24",0,24,NA,NA,"GA3","dry","dry","19","30","percent.germ","dark",NA,"arslan11exp1","Androsace_villosa","40.07 29.22","40.07 29.22 2200 - 2300","arslan11","exp1","HHN","Androsace","villosa",NA,"N","N","Uludag Mt., Bursa, Turkey",40.07,29.22,"2200 - 2300","Europe",NA,"2009","2009","dry","30",NA,"18 - 20","dark",NA,"0","20",NA,"0","GA3","250","1","N",NA,"N",NA,NA,"Y","per.germ","37",NA,NA,"3","25","13","other, end of chemical treatment","figure 1",NA,37,NA,"moist chilling x hormone x photoperiod x germination temperature","250",28,"arslan11exp1 28"
NA,NA,NA,NA,NA,"27","24/30 (varying)",20,"alternating",24,30,"12/12",12,12,NA,NA,"GA3","dry/cold","dry/cold","10","517","percent.germ","light",NA,"scocco98exp1","Amsonia_tabernaemontana","44.80 9.83","44.80 9.83 NA","scocco98","exp1","HHN","Amsonia","tabernaemontana",NA,"N","N","Vernasca, Piacenza, Emilia-Romagna, Italy",44.8,9.83,NA,"Europe",NA,"1995","1997","cold/dry","517",NA,"10","chemical",NA,NA,"alternating 24/30 (varying)",NA,"alternating 12/12","GA3","350","1","N",NA,"N",NA,NA,"N","per.germ","98.7",NA,NA,"3","50","20","other, after chemical treatment","table 1",NA,98.7,NA,"soaking (hormone)","350",3,"scocco98exp1 3"
NA,NA,NA,NA,NA,"27","24/30 (varying)",20,"alternating",24,30,"12/12",12,12,NA,NA,"GA3","dry/cold","dry/cold","10","517","percent.germ","light",NA,"scocco98exp1","Amsonia_tabernaemontana","44.80 9.83","44.80 9.83 NA","scocco98","exp1","HHN","Amsonia","tabernaemontana",NA,"N","N","Vernasca, Piacenza, Emilia-Romagna, Italy",44.8,9.83,NA,"Europe",NA,"1995","1997","cold/dry","517",NA,"10","chemical",NA,NA,"alternating 24/30 (varying)",NA,"alternating 12/12","GA3","3500","1","N",NA,"N",NA,NA,"N","per.germ","96",NA,NA,"3","50","20","other, after chemical treatment","table 1",NA,96,NA,"control","3500",3,"scocco98exp1 3"
NA,NA,NA,NA,NA,"27","24/30 (varying)",20,"alternating",24,30,"12/12",12,12,NA,NA,"GA3","dry/cold","dry/cold","10","517","mgt","light",NA,"scocco98exp1","Amsonia_tabernaemontana","44.80 9.83","44.80 9.83 NA","scocco98","exp1","HHN","Amsonia","tabernaemontana",NA,"N","N","Vernasca, Piacenza, Emilia-Romagna, Italy",44.8,9.83,NA,"Europe",NA,"1995","1997","cold/dry","517",NA,"10","chemical",NA,NA,"alternating 24/30 (varying)",NA,"alternating 12/12","GA3","350","1","N",NA,"N",NA,NA,"N","mgt","1.1",NA,NA,"3","50","20","other, after chemical treatment","table 1",NA,1.1,NA,"control","350",6,"scocco98exp1 6"
NA,NA,NA,NA,NA,"27","24/30 (varying)",20,"alternating",24,30,"12/12",12,12,NA,NA,"GA3","dry/cold","dry/cold","10","517","mgt","light",NA,"scocco98exp1","Amsonia_tabernaemontana","44.80 9.83","44.80 9.83 NA","scocco98","exp1","HHN","Amsonia","tabernaemontana",NA,"N","N","Vernasca, Piacenza, Emilia-Romagna, Italy",44.8,9.83,NA,"Europe",NA,"1995","1997","cold/dry","517",NA,"10","chemical",NA,NA,"alternating 24/30 (varying)",NA,"alternating 12/12","GA3","3500","1","N",NA,"N",NA,NA,"N","mgt","0.5",NA,NA,"3","50","20","other, after chemical treatment","table 1",NA,0.5,NA,"soaking + chilling","3500",6,"scocco98exp1 6"
NA,NA,NA,NA,NA,"27","24/30 (varying)",20,"alternating",24,30,"12/12",12,12,NA,NA,"GA3","dry/cold","dry/cold","10","151","percent.germ","light",NA,"scocco98exp1","Amsonia_tabernaemontana","44.80 9.83","44.80 9.83 NA","scocco98","exp1","HHN","Amsonia","tabernaemontana",NA,"N","N","Vernasca, Piacenza, Emilia-Romagna, Italy",44.8,9.83,NA,"Europe",NA,"1996","1997","cold/dry","151",NA,"10","chemical",NA,NA,"alternating 24/30 (varying)",NA,"alternating 12/12","GA3","350","1","N",NA,"N",NA,NA,"N","per.germ","98",NA,NA,"3","50","20","other, after chemical treatment","table 1",NA,98,NA,"soaking + chilling","350",9,"scocco98exp1 9"
NA,NA,NA,NA,NA,"27","24/30 (varying)",20,"alternating",24,30,"12/12",12,12,NA,NA,"GA3","dry/cold","dry/cold","10","151","percent.germ","light",NA,"scocco98exp1","Amsonia_tabernaemontana","44.80 9.83","44.80 9.83 NA","scocco98","exp1","HHN","Amsonia","tabernaemontana",NA,"N","N","Vernasca, Piacenza, Emilia-Romagna, Italy",44.8,9.83,NA,"Europe",NA,"1996","1997","cold/dry","151",NA,"10","chemical",NA,NA,"alternating 24/30 (varying)",NA,"alternating 12/12","GA3","3500","1","N",NA,"N",NA,NA,"N","per.germ","96",NA,NA,"3","50","20","other, after chemical treatment","table 1",NA,96,NA,"soaking (hormone)","3500",9,"scocco98exp1 9"
NA,NA,NA,NA,NA,"27","24/30 (varying)",20,"alternating",24,30,"12/12",12,12,NA,NA,"GA3","dry/cold","dry/cold","10","151","mgt","light",NA,"scocco98exp1","Amsonia_tabernaemontana","44.80 9.83","44.80 9.83 NA","scocco98","exp1","HHN","Amsonia","tabernaemontana",NA,"N","N","Vernasca, Piacenza, Emilia-Romagna, Italy",44.8,9.83,NA,"Europe",NA,"1996","1997","cold/dry","151",NA,"10","chemical",NA,NA,"alternating 24/30 (varying)",NA,"alternating 12/12","GA3","350","1","N",NA,"N",NA,NA,"N","mgt","0.7",NA,NA,"3","50","20","other, after chemical treatment","table 1",NA,0.7,NA,"soaking (hormone)","350",12,"scocco98exp1 12"
NA,NA,NA,NA,NA,"27","24/30 (varying)",20,"alternating",24,30,"12/12",12,12,NA,NA,"GA3","dry/cold","dry/cold","10","151","mgt","light",NA,"scocco98exp1","Amsonia_tabernaemontana","44.80 9.83","44.80 9.83 NA","scocco98","exp1","HHN","Amsonia","tabernaemontana",NA,"N","N","Vernasca, Piacenza, Emilia-Romagna, Italy",44.8,9.83,NA,"Europe",NA,"1996","1997","cold/dry","151",NA,"10","chemical",NA,NA,"alternating 24/30 (varying)",NA,"alternating 12/12","GA3","3500","1","N",NA,"N",NA,NA,"N","mgt","0.2",NA,NA,"3","50","20","other, after chemical treatment","table 1",NA,0.2,NA,"control","3500",12,"scocco98exp1 12"
NA,NA,NA,NA,NA,"27","24/30 (varying)",20,"alternating",24,30,"12/12",12,12,NA,NA,"GA3","dry/cold","dry/cold","10","151","percent.germ","light",NA,"scocco98exp1","Amsonia_tabernaemontana","45 9.62","45 9.62 NA","scocco98","exp1","HHN","Amsonia","tabernaemontana",NA,"N","N"," Gossolengo, Piacenza, Emilia-Romagna, Italy",45,9.62,NA,"Europe",NA,"1996","1997","cold/dry","151",NA,"10","chemical",NA,NA,"alternating 24/30 (varying)",NA,"alternating 12/12","GA3","3500","1","N",NA,"N",NA,NA,"N","per.germ","98.7",NA,NA,"3","50","20","other, after chemical treatment","table 1",NA,98.7,NA,"soaking + chilling","3500",15,"scocco98exp1 15"
NA,NA,NA,NA,NA,"27","24/30 (varying)",20,"alternating",24,30,"12/12",12,12,NA,NA,"GA3","dry/cold","dry/cold","10","151","percent.germ","light",NA,"scocco98exp1","Amsonia_tabernaemontana","45 9.62","45 9.62 NA","scocco98","exp1","HHN","Amsonia","tabernaemontana",NA,"N","N"," Gossolengo, Piacenza, Emilia-Romagna, Italy",45,9.62,NA,"Europe",NA,"1996","1997","cold/dry","151",NA,"10","chemical",NA,NA,"alternating 24/30 (varying)",NA,"alternating 12/12","GA3","350","1","N",NA,"N",NA,NA,"N","per.germ","94.7",NA,NA,"3","50","20","other, after chemical treatment","table 1",NA,94.7,NA,"control","350",15,"scocco98exp1 15"
NA,NA,NA,NA,NA,"27","24/30 (varying)",20,"alternating",24,30,"12/12",12,12,NA,NA,"GA3","dry/cold","dry/cold","10","151","mgt","light",NA,"scocco98exp1","Amsonia_tabernaemontana","45 9.62","45 9.62 NA","scocco98","exp1","HHN","Amsonia","tabernaemontana",NA,"N","N"," Gossolengo, Piacenza, Emilia-Romagna, Italy",45,9.62,NA,"Europe",NA,"1996","1997","cold/dry","151",NA,"10","chemical",NA,NA,"alternating 24/30 (varying)",NA,"alternating 12/12","GA3","3500","1","N",NA,"N",NA,NA,"N","mgt","0.2",NA,NA,"3","50","20","other, after chemical treatment","table 1",NA,0.2,NA,"soaking (hormone)","3500",18,"scocco98exp1 18"
NA,NA,NA,NA,NA,"27","24/30 (varying)",20,"alternating",24,30,"12/12",12,12,NA,NA,"GA3","dry/cold","dry/cold","10","151","mgt","light",NA,"scocco98exp1","Amsonia_tabernaemontana","45 9.62","45 9.62 NA","scocco98","exp1","HHN","Amsonia","tabernaemontana",NA,"N","N"," Gossolengo, Piacenza, Emilia-Romagna, Italy",45,9.62,NA,"Europe",NA,"1996","1997","cold/dry","151",NA,"10","chemical",NA,NA,"alternating 24/30 (varying)",NA,"alternating 12/12","GA3","350","1","N",NA,"N",NA,NA,"N","mgt","0.5",NA,NA,"3","50","20","other, after chemical treatment","table 1",NA,0.5,NA,"soaking + chilling","350",18,"scocco98exp1 18"
"4 and 22","112",NA,"168 and 168",NA,"22","22",49,"constant",22,NA,NA,NA,NA,NA,NA,"GA3","dry","dry",NA,NA,"percent.germ",NA,NA,"zhou03exp2","Paris_polyphylla","24.88 102.83","24.88 102.83 NA","zhou03","exp2","DK","Paris","polyphylla","yunnanensis","N","N","Kunming, Yunnan Province, China",24.88,102.83,NA,"Asia","100","2000",NA,"dry",NA,NA,NA,"growth regulator","4,22,4,22,4,22,4,22,4,22,4,22,4,22,4,22","7,7,7,7,7,7,7,7,7,7,7,7,7,7,7,7","22",NA,NA,"GA3","0","112","Y",NA,"Y","water","48","Y","per.germ","42.994","unknown","3.85","5","100","49",NA,"figure 2","error taken from largest error bars from overlapping error bars",42.994,"not specified","hormone","0",1,"zhou03exp2 1"
"4 and 22","112",NA,"168 and 168",NA,"22","22",49,"constant",22,NA,NA,NA,NA,NA,NA,"GA3","dry","dry",NA,NA,"percent.germ",NA,NA,"zhou03exp2","Paris_polyphylla","24.88 102.83","24.88 102.83 NA","zhou03","exp2","DK","Paris","polyphylla","yunnanensis","N","N","Kunming, Yunnan Province, China",24.88,102.83,NA,"Asia","100","2000",NA,"dry",NA,NA,NA,"growth regulator","4,22,4,22,4,22,4,22,4,22,4,22,4,22,4,22","7,7,7,7,7,7,7,7,7,7,7,7,7,7,7,7","22",NA,NA,"GA3","400","112","Y",NA,"Y","water","48","Y","per.germ","94.652","unknown","9.84","5","100","49",NA,"figure 2",NA,94.652,"not specified","hormone","400",1,"zhou03exp2 1"
"4 and 22","112",NA,"168 and 168",NA,"22","22",49,"constant",22,NA,NA,NA,NA,NA,NA,"GA3","dry","dry",NA,NA,"percent.germ",NA,NA,"zhou03exp2","Paris_polyphylla","24.88 102.83","24.88 102.83 NA","zhou03","exp2","DK","Paris","polyphylla","yunnanensis","N","N","Kunming, Yunnan Province, China",24.88,102.83,NA,"Asia","100","2000",NA,"dry",NA,NA,NA,"growth regulator","4,22,4,22,4,22,4,22,4,22,4,22,4,22,4,22","7,7,7,7,7,7,7,7,7,7,7,7,7,7,7,7","22",NA,NA,"GA3","600","112","Y",NA,"Y","water","48","Y","per.germ","95.57","unknown","4.065","5","100","49",NA,"figure 2",NA,95.57,"not specified","hormone","600",1,"zhou03exp2 1"
"4 and 22","112",NA,"168 and 168",NA,"22","22",49,"constant",22,NA,NA,NA,NA,NA,NA,"GA3","dry","dry",NA,NA,"percent.germ",NA,NA,"zhou03exp2","Paris_polyphylla","24.88 102.83","24.88 102.83 NA","zhou03","exp2","DK","Paris","polyphylla","yunnanensis","N","N","Kunming, Yunnan Province, China",24.88,102.83,NA,"Asia","100","2000",NA,"dry",NA,NA,NA,"growth regulator","4,22,4,22,4,22,4,22,4,22,4,22,4,22,4,22","7,7,7,7,7,7,7,7,7,7,7,7,7,7,7,7","22",NA,NA,"GA3","100","112","Y",NA,"Y","water","48","Y","per.germ","76.145","unknown","8.342","5","100","49",NA,"figure 2",NA,76.145,"not specified","hormone","100",1,"zhou03exp2 1"
"4 and 22","112",NA,"168 and 168",NA,"22","22",49,"constant",22,NA,NA,NA,NA,NA,NA,"GA3","dry","dry",NA,NA,"percent.germ",NA,NA,"zhou03exp2","Paris_polyphylla","24.88 102.83","24.88 102.83 NA","zhou03","exp2","DK","Paris","polyphylla","yunnanensis","N","N","Kunming, Yunnan Province, China",24.88,102.83,NA,"Asia","100","2000",NA,"dry",NA,NA,NA,"growth regulator","4,22,4,22,4,22,4,22,4,22,4,22,4,22,4,22","7,7,7,7,7,7,7,7,7,7,7,7,7,7,7,7","22",NA,NA,"GA3","200","112","Y",NA,"Y","water","48","Y","per.germ","88.534","unknown","4.064","5","100","49",NA,"figure 2",NA,88.534,"not specified","hormone","200",1,"zhou03exp2 1"
NA,NA,NA,NA,NA,"25","25",NA,"constant",25,NA,NA,NA,NA,NA,NA,"GA3","room","room","25","90","percent.germ",NA,NA,"joshi03exp1","Heracleum_candicans","32.3333 70.1333","32.3333 70.1333 2742","joshi03","exp1","DK","Heracleum","candicans",NA,"N","N","Himachal Pradesh, India",32.3333,70.1333,"2742","Asia",NA,"2000",NA,"room temperature","90",NA,"25","chemical",NA,NA,"25",NA,NA,"GA3","1000","1",NA,NA,NA,NA,NA,"Y","per.germ","15.55",NA,NA,"3","15",NA,NA,"Table 2",NA,15.55,NA,"chemical","1000",6,"joshi03exp1 6"
NA,NA,NA,NA,NA,"25","25",NA,"constant",25,NA,NA,NA,NA,NA,NA,"GA3","room","room","25","90","percent.germ",NA,NA,"joshi03exp1","Heracleum_candicans","32.3333 70.1333","32.3333 70.1333 2742","joshi03","exp1","DK","Heracleum","candicans",NA,"N","N","Himachal Pradesh, India",32.3333,70.1333,"2742","Asia",NA,"2000",NA,"room temperature","90",NA,"25","chemical",NA,NA,"25",NA,NA,"GA3","100","1",NA,NA,NA,NA,NA,"Y","per.germ","24.44",NA,NA,"3","15",NA,NA,"Table 2",NA,24.44,NA,"chemical","100",6,"joshi03exp1 6"
NA,NA,NA,NA,NA,"25","25",NA,"constant",25,NA,NA,NA,NA,NA,NA,"GA3","room","room","25","90","percent.germ",NA,NA,"joshi03exp1","Heracleum_candicans","32.3333 70.1333","32.3333 70.1333 2742","joshi03","exp1","DK","Heracleum","candicans",NA,"N","N","Himachal Pradesh, India",32.3333,70.1333,"2742","Asia",NA,"2000",NA,"room temperature","90",NA,"25","chemical",NA,NA,"25",NA,NA,"GA3","500","1",NA,NA,NA,NA,NA,"Y","per.germ","40",NA,NA,"3","15",NA,NA,"Table 2",NA,40,NA,"chemical","500",6,"joshi03exp1 6"
NA,NA,NA,NA,NA,"25","25",NA,"constant",25,NA,NA,NA,NA,NA,NA,"GA3","room","room","25","90","percent.germ",NA,NA,"joshi03exp1","Heracleum_candicans","32.3167 77.2","32.3167 77.2 2798","joshi03","exp1","DK","Heracleum","candicans",NA,"N","N","Himachal Pradesh, India",32.3167,77.2,"2798","Asia",NA,"2000",NA,"room temperature","90",NA,"25","chemical",NA,NA,"25",NA,NA,"GA3","1000","1",NA,NA,NA,NA,NA,"Y","per.germ","37.78",NA,NA,"3","15",NA,NA,"Table 2",NA,37.78,NA,"chemical","1000",13,"joshi03exp1 13"
NA,NA,NA,NA,NA,"25","25",NA,"constant",25,NA,NA,NA,NA,NA,NA,"GA3","room","room","25","90","percent.germ",NA,NA,"joshi03exp1","Heracleum_candicans","32.3167 77.2","32.3167 77.2 2798","joshi03","exp1","DK","Heracleum","candicans",NA,"N","N","Himachal Pradesh, India",32.3167,77.2,"2798","Asia",NA,"2000",NA,"room temperature","90",NA,"25","chemical",NA,NA,"25",NA,NA,"GA3","100","1",NA,NA,NA,NA,NA,"Y","per.germ","31.11",NA,NA,"3","15",NA,NA,"Table 2",NA,31.11,NA,"chemical","100",13,"joshi03exp1 13"
NA,NA,NA,NA,NA,"25","25",NA,"constant",25,NA,NA,NA,NA,NA,NA,"GA3","room","room","25","90","percent.germ",NA,NA,"joshi03exp1","Heracleum_candicans","32.3167 77.2","32.3167 77.2 2798","joshi03","exp1","DK","Heracleum","candicans",NA,"N","N","Himachal Pradesh, India",32.3167,77.2,"2798","Asia",NA,"2000",NA,"room temperature","90",NA,"25","chemical",NA,NA,"25",NA,NA,"GA3","500","1",NA,NA,NA,NA,NA,"Y","per.germ","48.89",NA,NA,"3","15",NA,NA,"Table 2",NA,48.89,NA,"chemical","500",13,"joshi03exp1 13"
NA,NA,NA,NA,NA,"25","25",NA,"constant",25,NA,NA,NA,NA,NA,NA,"GA3","room","room","25","90","percent.germ",NA,NA,"joshi03exp1","Heracleum_candicans","32.3167 77.2","32.3167 77.2 2806","joshi03","exp1","DK","Heracleum","candicans",NA,"N","N","Himachal Pradesh, India",32.3167,77.2,"2806","Asia",NA,"2000",NA,"room temperature","90",NA,"25","chemical",NA,NA,"25",NA,NA,"GA3","100","1",NA,NA,NA,NA,NA,"Y","per.germ","17.78",NA,NA,"3","15",NA,NA,"Table 2",NA,17.78,NA,"chemical","100",20,"joshi03exp1 20"
NA,NA,NA,NA,NA,"25","25",NA,"constant",25,NA,NA,NA,NA,NA,NA,"GA3","room","room","25","90","percent.germ",NA,NA,"joshi03exp1","Heracleum_candicans","32.3167 77.2","32.3167 77.2 2806","joshi03","exp1","DK","Heracleum","candicans",NA,"N","N","Himachal Pradesh, India",32.3167,77.2,"2806","Asia",NA,"2000",NA,"room temperature","90",NA,"25","chemical",NA,NA,"25",NA,NA,"GA3","500","1",NA,NA,NA,NA,NA,"Y","per.germ","15.55",NA,NA,"3","15",NA,NA,"Table 2",NA,15.55,NA,"chemical","500",20,"joshi03exp1 20"
NA,NA,NA,NA,NA,"25","25",NA,"constant",25,NA,NA,NA,NA,NA,NA,"GA3","room","room","25","90","percent.germ",NA,NA,"joshi03exp1","Heracleum_candicans","32.3167 77.2","32.3167 77.2 2806","joshi03","exp1","DK","Heracleum","candicans",NA,"N","N","Himachal Pradesh, India",32.3167,77.2,"2806","Asia",NA,"2000",NA,"room temperature","90",NA,"25","chemical",NA,NA,"25",NA,NA,"GA3","1000","1",NA,NA,NA,NA,NA,"Y","per.germ","6.67",NA,NA,"3","15",NA,NA,"Table 2",NA,6.67,NA,"chemical","1000",20,"joshi03exp1 20"
NA,NA,NA,NA,NA,"25","25",NA,"constant",25,NA,NA,NA,NA,NA,NA,"GA3","room","room","25","90","percent.germ",NA,NA,"joshi03exp1","Heracleum_candicans","32.0167 77.3833","32.0167 77.3833 2820","joshi03","exp1","DK","Heracleum","candicans",NA,"N","N","Himachal Pradesh, India",32.0167,77.3833,"2820","Asia",NA,"2000",NA,"room temperature","90",NA,"25","chemical",NA,NA,"25",NA,NA,"GA3","100","1",NA,NA,NA,NA,NA,"Y","per.germ","35.56",NA,NA,"3","15",NA,NA,"Table 2",NA,35.56,NA,"chemical","100",27,"joshi03exp1 27"
NA,NA,NA,NA,NA,"25","25",NA,"constant",25,NA,NA,NA,NA,NA,NA,"GA3","room","room","25","90","percent.germ",NA,NA,"joshi03exp1","Heracleum_candicans","32.0167 77.3833","32.0167 77.3833 2820","joshi03","exp1","DK","Heracleum","candicans",NA,"N","N","Himachal Pradesh, India",32.0167,77.3833,"2820","Asia",NA,"2000",NA,"room temperature","90",NA,"25","chemical",NA,NA,"25",NA,NA,"GA3","500","1",NA,NA,NA,NA,NA,"Y","per.germ","33.33",NA,NA,"3","15",NA,NA,"Table 2",NA,33.33,NA,"chemical","500",27,"joshi03exp1 27"
NA,NA,NA,NA,NA,"25","25",NA,"constant",25,NA,NA,NA,NA,NA,NA,"GA3","room","room","25","90","percent.germ",NA,NA,"joshi03exp1","Heracleum_candicans","32.0167 77.3833","32.0167 77.3833 2820","joshi03","exp1","DK","Heracleum","candicans",NA,"N","N","Himachal Pradesh, India",32.0167,77.3833,"2820","Asia",NA,"2000",NA,"room temperature","90",NA,"25","chemical",NA,NA,"25",NA,NA,"GA3","1000","1",NA,NA,NA,NA,NA,"Y","per.germ","17.78",NA,NA,"3","15",NA,NA,"Table 2",NA,17.78,NA,"chemical","1000",27,"joshi03exp1 27"
NA,NA,NA,NA,NA,"25","25",14,"constant",25,NA,"0/24",0,24,NA,NA,"GA3","dry","dry","4","13","T50","dark",NA,"zlesak07exp7","Heliopsis_helianthoides","45.00 -93.16667","45.00 -93.16667 NA","zlesak07","exp7","JS","Heliopsis","helianthoides","Prairie Sunset","N","N","University of Minnesota, St. Paul campus, USA",45,-93.16667,NA,"North America",NA,"2004","2004","dry","13",NA,"4","dark",NA,NA,"25",NA,"0","GA4","1211","14","N",NA,"N",NA,NA,"N","T50","7.5",NA,NA,"4","100","14","end of cold strat","Table 6",NA,7.5,NA,"soaking (chemical) x light","1211",4,"zlesak07exp7 4"
NA,NA,NA,NA,NA,"25","25",14,"constant",25,NA,"0/24",0,24,NA,NA,"GA3","dry","dry","4","13","T50","dark",NA,"zlesak07exp7","Heliopsis_helianthoides","45.00 -93.16667","45.00 -93.16667 NA","zlesak07","exp7","JS","Heliopsis","helianthoides","Prairie Sunset","N","N","University of Minnesota, St. Paul campus, USA",45,-93.16667,NA,"North America",NA,"2004","2004","dry","13",NA,"4","1.5h red light",NA,NA,"25",NA,"0","GA4","500","14","N",NA,"N",NA,NA,"N","T50","4.62",NA,NA,"4","100","14","end of cold strat","Table 6",NA,4.62,NA,"soaking (chemical) x light","500",4,"zlesak07exp7 4"
NA,NA,NA,NA,NA,"25","25",14,"constant",25,NA,"0/24",0,24,NA,NA,"GA3","dry","dry","4","13","area.under.germination.progress.curve","dark",NA,"zlesak07exp7","Heliopsis_helianthoides","45.00 -93.16667","45.00 -93.16667 NA","zlesak07","exp7","JS","Heliopsis","helianthoides","Prairie Sunset","N","N","University of Minnesota, St. Paul campus, USA",45,-93.16667,NA,"North America",NA,"2004","2004","dry","13",NA,"4","1.5h red light",NA,NA,"25",NA,"0","GA5","500","14","N",NA,"N",NA,NA,"N","AUGPC","14.4",NA,NA,"4","100","14","end of cold strat","Table 6",NA,14.4,NA,"soaking (chemical) x light","500",7,"zlesak07exp7 7"
NA,NA,NA,NA,NA,"25","25",14,"constant",25,NA,"0/24",0,24,NA,NA,"GA3","dry","dry","4","13","area.under.germination.progress.curve","dark",NA,"zlesak07exp7","Heliopsis_helianthoides","45.00 -93.16667","45.00 -93.16667 NA","zlesak07","exp7","JS","Heliopsis","helianthoides","Prairie Sunset","N","N","University of Minnesota, St. Paul campus, USA",45,-93.16667,NA,"North America",NA,"2004","2004","dry","13",NA,"4","dark",NA,NA,"25",NA,"0","GA5","1922","14","N",NA,"N",NA,NA,"N","AUGPC","4.9",NA,NA,"4","100","14","end of cold strat","Table 6",NA,4.9,NA,"soaking (chemical) x light","1922",7,"zlesak07exp7 7"
"4","15",NA,NA,NA,"22","22",30,"constant",22,NA,"0/24",0,24,"mechanical","mechanical - needle","GA3",NA,NA,NA,NA,"germination (arcsin)","dark",NA,"rehman00exp2","Koelreuteria_paniculata","35.83 128.57","35.83 128.57 NA","rehman00","exp2","DM","Koelreuteria","paniculata",NA,"Y","N","Taegu, South Korea",35.83,128.57,NA,"Asia",NA,NA,NA,NA,NA,NA,NA,"moist chilling","4","15","22",NA,"0","GA3","100.1142303","15","Y","manual with needle at the cotyledon end.","Y","GA3","300",NA,"germination (arcsin)","32","LSD","12","4","20","30",NA,"Table 2",NA,32,"LSD","moist chilling","100.1142303",5,"rehman00exp2 5"
"4","15",NA,NA,NA,"22","22",30,"constant",22,NA,"0/24",0,24,"mechanical","mechanical - needle","GA3",NA,NA,NA,NA,"germination (arcsin)","dark",NA,"rehman00exp2","Koelreuteria_paniculata","35.83 128.57","35.83 128.57 NA","rehman00","exp2","DM","Koelreuteria","paniculata",NA,"Y","N","Taegu, South Korea",35.83,128.57,NA,"Asia",NA,NA,NA,NA,NA,NA,NA,"moist chilling","4","15","22",NA,"0","GA3","300.3426909","15","Y","manual with needle at the cotyledon end.","Y","GA3","300",NA,"germination (arcsin)","25","LSD","12","4","20","30",NA,"Table 2",NA,25,"LSD","moist chilling","300.3426909",5,"rehman00exp2 5"
"4","30",NA,NA,NA,"22","22",30,"constant",22,NA,"0/24",0,24,"mechanical","mechanical - needle","GA3",NA,NA,NA,NA,"germination (arcsin)","dark",NA,"rehman00exp2","Koelreuteria_paniculata","35.83 128.57","35.83 128.57 NA","rehman00","exp2","DM","Koelreuteria","paniculata",NA,"Y","N","Taegu, South Korea",35.83,128.57,NA,"Asia",NA,NA,NA,NA,NA,NA,NA,"moist chilling","4","30","22",NA,"0","GA3","100.1142303","30","Y","manual with needle at the cotyledon end.","Y","GA3","300",NA,"germination (arcsin)","44","LSD","12","4","20","30",NA,"Table 2",NA,44,"LSD","moist chilling","100.1142303",6,"rehman00exp2 6"
"4","30",NA,NA,NA,"22","22",30,"constant",22,NA,"0/24",0,24,"mechanical","mechanical - needle","GA3",NA,NA,NA,NA,"germination (arcsin)","dark",NA,"rehman00exp2","Koelreuteria_paniculata","35.83 128.57","35.83 128.57 NA","rehman00","exp2","DM","Koelreuteria","paniculata",NA,"Y","N","Taegu, South Korea",35.83,128.57,NA,"Asia",NA,NA,NA,NA,NA,NA,NA,"moist chilling","4","30","22",NA,"0","GA3","300.3426909","30","Y","manual with needle at the cotyledon end.","Y","GA3","300",NA,"germination (arcsin)","29","LSD","12","4","20","30",NA,"Table 2",NA,29,"LSD","moist chilling","300.3426909",6,"rehman00exp2 6"
"4","60",NA,NA,NA,"22","22",30,"constant",22,NA,"0/24",0,24,"mechanical","mechanical - needle","GA3",NA,NA,NA,NA,"germination (arcsin)","dark",NA,"rehman00exp2","Koelreuteria_paniculata","35.83 128.57","35.83 128.57 NA","rehman00","exp2","DM","Koelreuteria","paniculata",NA,"Y","N","Taegu, South Korea",35.83,128.57,NA,"Asia",NA,NA,NA,NA,NA,NA,NA,"moist chilling","4","60","22",NA,"0","GA3","100.1142303","60","Y","manual with needle at the cotyledon end.","Y","GA3","300",NA,"germination (arcsin)","56","LSD","12","4","20","30",NA,"Table 2",NA,56,"LSD","moist chilling","100.1142303",7,"rehman00exp2 7"
"4","60",NA,NA,NA,"22","22",30,"constant",22,NA,"0/24",0,24,"mechanical","mechanical - needle","GA3",NA,NA,NA,NA,"germination (arcsin)","dark",NA,"rehman00exp2","Koelreuteria_paniculata","35.83 128.57","35.83 128.57 NA","rehman00","exp2","DM","Koelreuteria","paniculata",NA,"Y","N","Taegu, South Korea",35.83,128.57,NA,"Asia",NA,NA,NA,NA,NA,NA,NA,"moist chilling","4","60","22",NA,"0","GA3","300.3426909","60","Y","manual with needle at the cotyledon end.","Y","GA3","300",NA,"germination (arcsin)","44","LSD","12","4","20","30",NA,"Table 2",NA,44,"LSD","moist chilling","300.3426909",7,"rehman00exp2 7"
"4","90",NA,NA,NA,"22","22",30,"constant",22,NA,"0/24",0,24,"mechanical","mechanical - needle","GA3",NA,NA,NA,NA,"germination (arcsin)","dark",NA,"rehman00exp2","Koelreuteria_paniculata","35.83 128.57","35.83 128.57 NA","rehman00","exp2","DM","Koelreuteria","paniculata",NA,"Y","N","Taegu, South Korea",35.83,128.57,NA,"Asia",NA,NA,NA,NA,NA,NA,NA,"moist chilling","4","90","22",NA,"0","GA3","300.3426909","90","Y","manual with needle at the cotyledon end.","Y","GA3","300",NA,"germination (arcsin)","36","LSD","12","4","20","30",NA,"Table 2",NA,36,"LSD","moist chilling","300.3426909",8,"rehman00exp2 8"
"4","90",NA,NA,NA,"22","22",30,"constant",22,NA,"0/24",0,24,"mechanical","mechanical - needle","GA3",NA,NA,NA,NA,"germination (arcsin)","dark",NA,"rehman00exp2","Koelreuteria_paniculata","35.83 128.57","35.83 128.57 NA","rehman00","exp2","DM","Koelreuteria","paniculata",NA,"Y","N","Taegu, South Korea",35.83,128.57,NA,"Asia",NA,NA,NA,NA,NA,NA,NA,"moist chilling","4","90","22",NA,"0","GA3","100.1142303","90","Y","manual with needle at the cotyledon end.","Y","GA3","300",NA,"germination (arcsin)","39","LSD","12","4","20","30",NA,"Table 2",NA,39,"LSD","moist chilling","100.1142303",8,"rehman00exp2 8"
"4","15",NA,NA,NA,"22","22",30,"constant",22,NA,"0/24",0,24,"mechanical","mechanical - needle","GA3",NA,NA,NA,NA,"50%.germ","dark",NA,"rehman00exp2","Koelreuteria_paniculata","35.83 128.57","35.83 128.57 NA","rehman00","exp2","DM","Koelreuteria","paniculata",NA,"Y","N","Taegu, South Korea",35.83,128.57,NA,"Asia",NA,NA,NA,NA,NA,NA,NA,"moist chilling","4","15","22",NA,"0","GA3","100.1142303","15","Y","manual with needle at the cotyledon end.","Y","GA3","300",NA,"germ.rate ((l/t50)","0.39","LSD","0.21","4","20","30",NA,"Table 2",NA,0.39,"LSD","moist chilling","100.1142303",13,"rehman00exp2 13"
"4","15",NA,NA,NA,"22","22",30,"constant",22,NA,"0/24",0,24,"mechanical","mechanical - needle","GA3",NA,NA,NA,NA,"50%.germ","dark",NA,"rehman00exp2","Koelreuteria_paniculata","35.83 128.57","35.83 128.57 NA","rehman00","exp2","DM","Koelreuteria","paniculata",NA,"Y","N","Taegu, South Korea",35.83,128.57,NA,"Asia",NA,NA,NA,NA,NA,NA,NA,"moist chilling","4","15","22",NA,"0","GA3","300.3426909","15","Y","manual with needle at the cotyledon end.","Y","GA3","300",NA,"germ.rate ((l/t50)","0.31","LSD","0.21","4","20","30",NA,"Table 2",NA,0.31,"LSD","moist chilling","300.3426909",13,"rehman00exp2 13"
"4","30",NA,NA,NA,"22","22",30,"constant",22,NA,"0/24",0,24,"mechanical","mechanical - needle","GA3",NA,NA,NA,NA,"50%.germ","dark",NA,"rehman00exp2","Koelreuteria_paniculata","35.83 128.57","35.83 128.57 NA","rehman00","exp2","DM","Koelreuteria","paniculata",NA,"Y","N","Taegu, South Korea",35.83,128.57,NA,"Asia",NA,NA,NA,NA,NA,NA,NA,"moist chilling","4","30","22",NA,"0","GA3","100.1142303","30","Y","manual with needle at the cotyledon end.","Y","GA3","300",NA,"germ.rate ((l/t50)","0.67","LSD","0.21","4","20","30",NA,"Table 2",NA,0.67,"LSD","moist chilling","100.1142303",14,"rehman00exp2 14"
"4","30",NA,NA,NA,"22","22",30,"constant",22,NA,"0/24",0,24,"mechanical","mechanical - needle","GA3",NA,NA,NA,NA,"50%.germ","dark",NA,"rehman00exp2","Koelreuteria_paniculata","35.83 128.57","35.83 128.57 NA","rehman00","exp2","DM","Koelreuteria","paniculata",NA,"Y","N","Taegu, South Korea",35.83,128.57,NA,"Asia",NA,NA,NA,NA,NA,NA,NA,"moist chilling","4","30","22",NA,"0","GA3","300.3426909","30","Y","manual with needle at the cotyledon end.","Y","GA3","300",NA,"germ.rate ((l/t50)","0.26","LSD","0.21","4","20","30",NA,"Table 2",NA,0.26,"LSD","moist chilling","300.3426909",14,"rehman00exp2 14"
"4","60",NA,NA,NA,"22","22",30,"constant",22,NA,"0/24",0,24,"mechanical","mechanical - needle","GA3",NA,NA,NA,NA,"50%.germ","dark",NA,"rehman00exp2","Koelreuteria_paniculata","35.83 128.57","35.83 128.57 NA","rehman00","exp2","DM","Koelreuteria","paniculata",NA,"Y","N","Taegu, South Korea",35.83,128.57,NA,"Asia",NA,NA,NA,NA,NA,NA,NA,"moist chilling","4","60","22",NA,"0","GA3","100.1142303","60","Y","manual with needle at the cotyledon end.","Y","GA3","300",NA,"germ.rate ((l/t50)","0.49","LSD","0.21","4","20","30",NA,"Table 2",NA,0.49,"LSD","moist chilling","100.1142303",15,"rehman00exp2 15"
"4","60",NA,NA,NA,"22","22",30,"constant",22,NA,"0/24",0,24,"mechanical","mechanical - needle","GA3",NA,NA,NA,NA,"50%.germ","dark",NA,"rehman00exp2","Koelreuteria_paniculata","35.83 128.57","35.83 128.57 NA","rehman00","exp2","DM","Koelreuteria","paniculata",NA,"Y","N","Taegu, South Korea",35.83,128.57,NA,"Asia",NA,NA,NA,NA,NA,NA,NA,"moist chilling","4","60","22",NA,"0","GA3","300.3426909","60","Y","manual with needle at the cotyledon end.","Y","GA3","300",NA,"germ.rate ((l/t50)","0.37","LSD","0.21","4","20","30",NA,"Table 2",NA,0.37,"LSD","moist chilling","300.3426909",15,"rehman00exp2 15"
"4","90",NA,NA,NA,"22","22",30,"constant",22,NA,"0/24",0,24,"mechanical","mechanical - needle","GA3",NA,NA,NA,NA,"50%.germ","dark",NA,"rehman00exp2","Koelreuteria_paniculata","35.83 128.57","35.83 128.57 NA","rehman00","exp2","DM","Koelreuteria","paniculata",NA,"Y","N","Taegu, South Korea",35.83,128.57,NA,"Asia",NA,NA,NA,NA,NA,NA,NA,"moist chilling","4","90","22",NA,"0","GA3","100.1142303","90","Y","manual with needle at the cotyledon end.","Y","GA3","300",NA,"germ.rate ((l/t50)","0.56","LSD","0.21","4","20","30",NA,"Table 2",NA,0.56,"LSD","moist chilling","100.1142303",16,"rehman00exp2 16"
"4","90",NA,NA,NA,"22","22",30,"constant",22,NA,"0/24",0,24,"mechanical","mechanical - needle","GA3",NA,NA,NA,NA,"50%.germ","dark",NA,"rehman00exp2","Koelreuteria_paniculata","35.83 128.57","35.83 128.57 NA","rehman00","exp2","DM","Koelreuteria","paniculata",NA,"Y","N","Taegu, South Korea",35.83,128.57,NA,"Asia",NA,NA,NA,NA,NA,NA,NA,"moist chilling","4","90","22",NA,"0","GA3","300.3426909","90","Y","manual with needle at the cotyledon end.","Y","GA3","300",NA,"germ.rate ((l/t50)","0.29","LSD","0.21","4","20","30",NA,"Table 2",NA,0.29,"LSD","moist chilling","300.3426909",16,"rehman00exp2 16"
"4","90",NA,NA,NA,"22","22",30,"constant",22,NA,"0/24",0,24,"mechanical","mechanical - needle","GA3","dry","dry","25",NA,"germination (arcsin)","dark",NA,"rehman00exp2","Koelreuteria_paniculata","35.83 128.57","35.83 128.57 NA","rehman00","exp2","DM","Koelreuteria","paniculata",NA,"Y","N","Taegu, South Korea",35.83,128.57,NA,"Asia",NA,NA,NA,"dry",NA,NA,"25","moist chilling","4","90","22","soaking-drying","0","GA3","100.1142303","30","Y","manual with needle at the cotyledon end.","Y","GA3","300",NA,"germination (arcsin)","53","LSD","12","4","20","30",NA,"Table 2",NA,53,"LSD","moist chilling","100.1142303",18,"rehman00exp2 18"
"4","90",NA,NA,NA,"22","22",30,"constant",22,NA,"0/24",0,24,"mechanical","mechanical - needle","GA3","dry","dry","25",NA,"germination (arcsin)","dark",NA,"rehman00exp2","Koelreuteria_paniculata","35.83 128.57","35.83 128.57 NA","rehman00","exp2","DM","Koelreuteria","paniculata",NA,"Y","N","Taegu, South Korea",35.83,128.57,NA,"Asia",NA,NA,NA,"dry",NA,NA,"25","moist chilling","4","90","22","soaking-drying","0","GA3","100.1142303","60","Y","manual with needle at the cotyledon end.","Y","GA3","300",NA,"germination (arcsin)","37","LSD","12","4","20","30",NA,"Table 2",NA,37,"LSD","moist chilling","100.1142303",18,"rehman00exp2 18"
"4","90",NA,NA,NA,"22","22",30,"constant",22,NA,"0/24",0,24,"mechanical","mechanical - needle","GA3","dry","dry","25",NA,"germination (arcsin)","dark",NA,"rehman00exp2","Koelreuteria_paniculata","35.83 128.57","35.83 128.57 NA","rehman00","exp2","DM","Koelreuteria","paniculata",NA,"Y","N","Taegu, South Korea",35.83,128.57,NA,"Asia",NA,NA,NA,"dry",NA,NA,"25","moist chilling","4","90","22","soaking-drying","0","GA3","100.1142303","90","Y","manual with needle at the cotyledon end.","Y","GA3","300",NA,"germination (arcsin)","29","LSD","12","4","20","30",NA,"Table 2",NA,29,"LSD","moist chilling","100.1142303",18,"rehman00exp2 18"
"4","90",NA,NA,NA,"22","22",30,"constant",22,NA,"0/24",0,24,"mechanical","mechanical - needle","GA3","dry","dry","25",NA,"germination (arcsin)","dark",NA,"rehman00exp2","Koelreuteria_paniculata","35.83 128.57","35.83 128.57 NA","rehman00","exp2","DM","Koelreuteria","paniculata",NA,"Y","N","Taegu, South Korea",35.83,128.57,NA,"Asia",NA,NA,NA,"dry",NA,NA,"25","moist chilling","4","90","22","soaking-drying","0","GA3","100.1142303","15","Y","manual with needle at the cotyledon end.","Y","GA3","300",NA,"germination (arcsin)","49","LSD","12","4","20","30",NA,"Table 2",NA,49,"LSD","moist chilling","100.1142303",18,"rehman00exp2 18"
"4","90",NA,NA,NA,"22","22",30,"constant",22,NA,"0/24",0,24,"mechanical","mechanical - needle","GA3","dry","dry","25",NA,"germination (arcsin)","dark",NA,"rehman00exp2","Koelreuteria_paniculata","35.83 128.57","35.83 128.57 NA","rehman00","exp2","DM","Koelreuteria","paniculata",NA,"Y","N","Taegu, South Korea",35.83,128.57,NA,"Asia",NA,NA,NA,"dry",NA,NA,"25","moist chilling","4","90","22","soaking-drying","0","GA3","300.3426909","30","Y","manual with needle at the cotyledon end.","Y","GA3","300",NA,"germination (arcsin)","48","LSD","12","4","20","30",NA,"Table 2",NA,48,"LSD","moist chilling","300.3426909",18,"rehman00exp2 18"
"4","90",NA,NA,NA,"22","22",30,"constant",22,NA,"0/24",0,24,"mechanical","mechanical - needle","GA3","dry","dry","25",NA,"germination (arcsin)","dark",NA,"rehman00exp2","Koelreuteria_paniculata","35.83 128.57","35.83 128.57 NA","rehman00","exp2","DM","Koelreuteria","paniculata",NA,"Y","N","Taegu, South Korea",35.83,128.57,NA,"Asia",NA,NA,NA,"dry",NA,NA,"25","moist chilling","4","90","22","soaking-drying","0","GA3","300.3426909","60","Y","manual with needle at the cotyledon end.","Y","GA3","300",NA,"germination (arcsin)","47","LSD","12","4","20","30",NA,"Table 2",NA,47,"LSD","moist chilling","300.3426909",18,"rehman00exp2 18"
"4","90",NA,NA,NA,"22","22",30,"constant",22,NA,"0/24",0,24,"mechanical","mechanical - needle","GA3","dry","dry","25",NA,"germination (arcsin)","dark",NA,"rehman00exp2","Koelreuteria_paniculata","35.83 128.57","35.83 128.57 NA","rehman00","exp2","DM","Koelreuteria","paniculata",NA,"Y","N","Taegu, South Korea",35.83,128.57,NA,"Asia",NA,NA,NA,"dry",NA,NA,"25","moist chilling","4","90","22","soaking-drying","0","GA3","300.3426909","90","Y","manual with needle at the cotyledon end.","Y","GA3","300",NA,"germination (arcsin)","30","LSD","12","4","20","30",NA,"Table 2",NA,30,"LSD","moist chilling","300.3426909",18,"rehman00exp2 18"
"4","90",NA,NA,NA,"22","22",30,"constant",22,NA,"0/24",0,24,"mechanical","mechanical - needle","GA3","dry","dry","25",NA,"germination (arcsin)","dark",NA,"rehman00exp2","Koelreuteria_paniculata","35.83 128.57","35.83 128.57 NA","rehman00","exp2","DM","Koelreuteria","paniculata",NA,"Y","N","Taegu, South Korea",35.83,128.57,NA,"Asia",NA,NA,NA,"dry",NA,NA,"25","moist chilling","4","90","22","soaking-drying","0","GA3","300.3426909","15","Y","manual with needle at the cotyledon end.","Y","GA3","300",NA,"germination (arcsin)","36","LSD","12","4","20","30",NA,"Table 2",NA,36,"LSD","moist chilling","300.3426909",18,"rehman00exp2 18"
"4","90",NA,NA,NA,"22","22",30,"constant",22,NA,"0/24",0,24,"mechanical","mechanical - needle","GA3","dry","dry","25",NA,"50%.germ","dark",NA,"rehman00exp2","Koelreuteria_paniculata","35.83 128.57","35.83 128.57 NA","rehman00","exp2","DM","Koelreuteria","paniculata",NA,"Y","N","Taegu, South Korea",35.83,128.57,NA,"Asia",NA,NA,NA,"dry",NA,NA,"25","moist chilling","4","90","22","soaking-drying","0","GA3","100.1142303","60","Y","manual with needle at the cotyledon end.","Y","GA3","300",NA,"germ.rate ((l/t50)","0.6","LSD","0.21","4","20","30",NA,"Table 2",NA,0.6,"LSD","moist chilling","100.1142303",20,"rehman00exp2 20"
"4","90",NA,NA,NA,"22","22",30,"constant",22,NA,"0/24",0,24,"mechanical","mechanical - needle","GA3","dry","dry","25",NA,"50%.germ","dark",NA,"rehman00exp2","Koelreuteria_paniculata","35.83 128.57","35.83 128.57 NA","rehman00","exp2","DM","Koelreuteria","paniculata",NA,"Y","N","Taegu, South Korea",35.83,128.57,NA,"Asia",NA,NA,NA,"dry",NA,NA,"25","moist chilling","4","90","22","soaking-drying","0","GA3","100.1142303","90","Y","manual with needle at the cotyledon end.","Y","GA3","300",NA,"germ.rate ((l/t50)","0.4","LSD","0.21","4","20","30",NA,"Table 2",NA,0.4,"LSD","moist chilling","100.1142303",20,"rehman00exp2 20"
"4","90",NA,NA,NA,"22","22",30,"constant",22,NA,"0/24",0,24,"mechanical","mechanical - needle","GA3","dry","dry","25",NA,"50%.germ","dark",NA,"rehman00exp2","Koelreuteria_paniculata","35.83 128.57","35.83 128.57 NA","rehman00","exp2","DM","Koelreuteria","paniculata",NA,"Y","N","Taegu, South Korea",35.83,128.57,NA,"Asia",NA,NA,NA,"dry",NA,NA,"25","moist chilling","4","90","22","soaking-drying","0","GA3","100.1142303","15","Y","manual with needle at the cotyledon end.","Y","GA3","300",NA,"germ.rate ((l/t50)","0.3","LSD","0.21","4","20","30",NA,"Table 2",NA,0.3,"LSD","moist chilling","100.1142303",20,"rehman00exp2 20"
"4","90",NA,NA,NA,"22","22",30,"constant",22,NA,"0/24",0,24,"mechanical","mechanical - needle","GA3","dry","dry","25",NA,"50%.germ","dark",NA,"rehman00exp2","Koelreuteria_paniculata","35.83 128.57","35.83 128.57 NA","rehman00","exp2","DM","Koelreuteria","paniculata",NA,"Y","N","Taegu, South Korea",35.83,128.57,NA,"Asia",NA,NA,NA,"dry",NA,NA,"25","moist chilling","4","90","22","soaking-drying","0","GA3","100.1142303","30","Y","manual with needle at the cotyledon end.","Y","GA3","300",NA,"germ.rate ((l/t50)","0.47","LSD","0.21","4","20","30",NA,"Table 2",NA,0.47,"LSD","moist chilling","100.1142303",20,"rehman00exp2 20"
"4","90",NA,NA,NA,"22","22",30,"constant",22,NA,"0/24",0,24,"mechanical","mechanical - needle","GA3","dry","dry","25",NA,"50%.germ","dark",NA,"rehman00exp2","Koelreuteria_paniculata","35.83 128.57","35.83 128.57 NA","rehman00","exp2","DM","Koelreuteria","paniculata",NA,"Y","N","Taegu, South Korea",35.83,128.57,NA,"Asia",NA,NA,NA,"dry",NA,NA,"25","moist chilling","4","90","22","soaking-drying","0","GA3","300.3426909","60","Y","manual with needle at the cotyledon end.","Y","GA3","300",NA,"germ.rate ((l/t50)","0.27","LSD","0.21","4","20","30",NA,"Table 2",NA,0.27,"LSD","moist chilling","300.3426909",20,"rehman00exp2 20"
"4","90",NA,NA,NA,"22","22",30,"constant",22,NA,"0/24",0,24,"mechanical","mechanical - needle","GA3","dry","dry","25",NA,"50%.germ","dark",NA,"rehman00exp2","Koelreuteria_paniculata","35.83 128.57","35.83 128.57 NA","rehman00","exp2","DM","Koelreuteria","paniculata",NA,"Y","N","Taegu, South Korea",35.83,128.57,NA,"Asia",NA,NA,NA,"dry",NA,NA,"25","moist chilling","4","90","22","soaking-drying","0","GA3","300.3426909","90","Y","manual with needle at the cotyledon end.","Y","GA3","300",NA,"germ.rate ((l/t50)","0.45","LSD","0.21","4","20","30",NA,"Table 2",NA,0.45,"LSD","moist chilling","300.3426909",20,"rehman00exp2 20"
"4","90",NA,NA,NA,"22","22",30,"constant",22,NA,"0/24",0,24,"mechanical","mechanical - needle","GA3","dry","dry","25",NA,"50%.germ","dark",NA,"rehman00exp2","Koelreuteria_paniculata","35.83 128.57","35.83 128.57 NA","rehman00","exp2","DM","Koelreuteria","paniculata",NA,"Y","N","Taegu, South Korea",35.83,128.57,NA,"Asia",NA,NA,NA,"dry",NA,NA,"25","moist chilling","4","90","22","soaking-drying","0","GA3","300.3426909","15","Y","manual with needle at the cotyledon end.","Y","GA3","300",NA,"germ.rate ((l/t50)","0.32","LSD","0.21","4","20","30",NA,"Table 2",NA,0.32,"LSD","moist chilling","300.3426909",20,"rehman00exp2 20"
"4","90",NA,NA,NA,"22","22",30,"constant",22,NA,"0/24",0,24,"mechanical","mechanical - needle","GA3","dry","dry","25",NA,"50%.germ","dark",NA,"rehman00exp2","Koelreuteria_paniculata","35.83 128.57","35.83 128.57 NA","rehman00","exp2","DM","Koelreuteria","paniculata",NA,"Y","N","Taegu, South Korea",35.83,128.57,NA,"Asia",NA,NA,NA,"dry",NA,NA,"25","moist chilling","4","90","22","soaking-drying","0","GA3","300.3426909","30","Y","manual with needle at the cotyledon end.","Y","GA3","300",NA,"germ.rate ((l/t50)","0.33","LSD","0.21","4","20","30",NA,"Table 2",NA,0.33,"LSD","moist chilling","300.3426909",20,"rehman00exp2 20"
"4","15",NA,NA,NA,"22","22",30,"constant",22,NA,"0/24",0,24,"mechanical","mechanical - needle","GA3",NA,NA,NA,NA,"germination (arcsin)","dark",NA,"rehman00exp3","Koelreuteria_paniculata","35.83 128.57","35.83 128.57 NA","rehman00","exp3","DM","Koelreuteria","paniculata",NA,"Y","N","Taegu, South Korea",35.83,128.57,NA,"Asia",NA,NA,NA,NA,NA,NA,NA,"moist chilling","4","15","22",NA,"0","GA3","100.1142303","15","Y","manual with needle at the cotyledon end.","Y","GA3","1440",NA,"germination (arcsin)","0","LSD","8","4","20","30",NA,"Table 3",NA,0,"LSD","moist chilling","100.1142303",5,"rehman00exp3 5"
"4","15",NA,NA,NA,"22","22",30,"constant",22,NA,"0/24",0,24,"mechanical","mechanical - needle","GA3",NA,NA,NA,NA,"germination (arcsin)","dark",NA,"rehman00exp3","Koelreuteria_paniculata","35.83 128.57","35.83 128.57 NA","rehman00","exp3","DM","Koelreuteria","paniculata",NA,"Y","N","Taegu, South Korea",35.83,128.57,NA,"Asia",NA,NA,NA,NA,NA,NA,NA,"moist chilling","4","15","22",NA,"0","GA3","300.3426909","15","Y","manual with needle at the cotyledon end.","Y","GA3","1440",NA,"germination (arcsin)","0","LSD","8","4","20","30",NA,"Table 3",NA,0,"LSD","moist chilling","300.3426909",5,"rehman00exp3 5"
"4","30",NA,NA,NA,"22","22",30,"constant",22,NA,"0/24",0,24,"mechanical","mechanical - needle","GA3",NA,NA,NA,NA,"germination (arcsin)","dark",NA,"rehman00exp3","Koelreuteria_paniculata","35.83 128.57","35.83 128.57 NA","rehman00","exp3","DM","Koelreuteria","paniculata",NA,"Y","N","Taegu, South Korea",35.83,128.57,NA,"Asia",NA,NA,NA,NA,NA,NA,NA,"moist chilling","4","30","22",NA,"0","GA3","100.1142303","30","Y","manual with needle at the cotyledon end.","Y","GA3","1440",NA,"germination (arcsin)","25","LSD","8","4","20","30",NA,"Table 3",NA,25,"LSD","moist chilling","100.1142303",6,"rehman00exp3 6"
"4","30",NA,NA,NA,"22","22",30,"constant",22,NA,"0/24",0,24,"mechanical","mechanical - needle","GA3",NA,NA,NA,NA,"germination (arcsin)","dark",NA,"rehman00exp3","Koelreuteria_paniculata","35.83 128.57","35.83 128.57 NA","rehman00","exp3","DM","Koelreuteria","paniculata",NA,"Y","N","Taegu, South Korea",35.83,128.57,NA,"Asia",NA,NA,NA,NA,NA,NA,NA,"moist chilling","4","30","22",NA,"0","GA3","300.3426909","30","Y","manual with needle at the cotyledon end.","Y","GA3","1440",NA,"germination (arcsin)","0","LSD","8","4","20","30",NA,"Table 3",NA,0,"LSD","moist chilling","300.3426909",6,"rehman00exp3 6"
"4","60",NA,NA,NA,"22","22",30,"constant",22,NA,"0/24",0,24,"mechanical","mechanical - needle","GA3",NA,NA,NA,NA,"germination (arcsin)","dark",NA,"rehman00exp3","Koelreuteria_paniculata","35.83 128.57","35.83 128.57 NA","rehman00","exp3","DM","Koelreuteria","paniculata",NA,"Y","N","Taegu, South Korea",35.83,128.57,NA,"Asia",NA,NA,NA,NA,NA,NA,NA,"moist chilling","4","60","22",NA,"0","GA3","100.1142303","60","Y","manual with needle at the cotyledon end.","Y","GA3","1440",NA,"germination (arcsin)","27","LSD","8","4","20","30",NA,"Table 3",NA,27,"LSD","moist chilling","100.1142303",7,"rehman00exp3 7"
"4","60",NA,NA,NA,"22","22",30,"constant",22,NA,"0/24",0,24,"mechanical","mechanical - needle","GA3",NA,NA,NA,NA,"germination (arcsin)","dark",NA,"rehman00exp3","Koelreuteria_paniculata","35.83 128.57","35.83 128.57 NA","rehman00","exp3","DM","Koelreuteria","paniculata",NA,"Y","N","Taegu, South Korea",35.83,128.57,NA,"Asia",NA,NA,NA,NA,NA,NA,NA,"moist chilling","4","60","22",NA,"0","GA3","300.3426909","60","Y","manual with needle at the cotyledon end.","Y","GA3","1440",NA,"germination (arcsin)","23","LSD","8","4","20","30",NA,"Table 3",NA,23,"LSD","moist chilling","300.3426909",7,"rehman00exp3 7"
"4","90",NA,NA,NA,"22","22",30,"constant",22,NA,"0/24",0,24,"mechanical","mechanical - needle","GA3",NA,NA,NA,NA,"germination (arcsin)","dark",NA,"rehman00exp3","Koelreuteria_paniculata","35.83 128.57","35.83 128.57 NA","rehman00","exp3","DM","Koelreuteria","paniculata",NA,"Y","N","Taegu, South Korea",35.83,128.57,NA,"Asia",NA,NA,NA,NA,NA,NA,NA,"moist chilling","4","90","22",NA,"0","GA3","100.1142303","90","Y","manual with needle at the cotyledon end.","Y","GA3","1440",NA,"germination (arcsin)","24","LSD","8","4","20","30",NA,"Table 3",NA,24,"LSD","moist chilling","100.1142303",8,"rehman00exp3 8"
"4","90",NA,NA,NA,"22","22",30,"constant",22,NA,"0/24",0,24,"mechanical","mechanical - needle","GA3",NA,NA,NA,NA,"germination (arcsin)","dark",NA,"rehman00exp3","Koelreuteria_paniculata","35.83 128.57","35.83 128.57 NA","rehman00","exp3","DM","Koelreuteria","paniculata",NA,"Y","N","Taegu, South Korea",35.83,128.57,NA,"Asia",NA,NA,NA,NA,NA,NA,NA,"moist chilling","4","90","22",NA,"0","GA3","300.3426909","90","Y","manual with needle at the cotyledon end.","Y","GA3","1440",NA,"germination (arcsin)","23","LSD","8","4","20","30",NA,"Table 3",NA,23,"LSD","moist chilling","300.3426909",8,"rehman00exp3 8"
"4","15",NA,NA,NA,"22","22",30,"constant",22,NA,"0/24",0,24,"mechanical","mechanical - needle","GA3",NA,NA,NA,NA,"50%.germ","dark",NA,"rehman00exp3","Koelreuteria_paniculata","35.83 128.57","35.83 128.57 NA","rehman00","exp3","DM","Koelreuteria","paniculata",NA,"Y","N","Taegu, South Korea",35.83,128.57,NA,"Asia",NA,NA,NA,NA,NA,NA,NA,"moist chilling","4","15","22",NA,"0","GA3","100.1142303","15","Y","manual with needle at the cotyledon end.","Y","GA3","1440",NA,"germ.rate ((l/t50)","0","LSD","0.19","4","20","30",NA,"Table 3",NA,0,"LSD","moist chilling","100.1142303",13,"rehman00exp3 13"
"4","15",NA,NA,NA,"22","22",30,"constant",22,NA,"0/24",0,24,"mechanical","mechanical - needle","GA3",NA,NA,NA,NA,"50%.germ","dark",NA,"rehman00exp3","Koelreuteria_paniculata","35.83 128.57","35.83 128.57 NA","rehman00","exp3","DM","Koelreuteria","paniculata",NA,"Y","N","Taegu, South Korea",35.83,128.57,NA,"Asia",NA,NA,NA,NA,NA,NA,NA,"moist chilling","4","15","22",NA,"0","GA3","300.3426909","15","Y","manual with needle at the cotyledon end.","Y","GA3","1440",NA,"germ.rate ((l/t50)","0","LSD","0.19","4","20","30",NA,"Table 3",NA,0,"LSD","moist chilling","300.3426909",13,"rehman00exp3 13"
"4","30",NA,NA,NA,"22","22",30,"constant",22,NA,"0/24",0,24,"mechanical","mechanical - needle","GA3",NA,NA,NA,NA,"50%.germ","dark",NA,"rehman00exp3","Koelreuteria_paniculata","35.83 128.57","35.83 128.57 NA","rehman00","exp3","DM","Koelreuteria","paniculata",NA,"Y","N","Taegu, South Korea",35.83,128.57,NA,"Asia",NA,NA,NA,NA,NA,NA,NA,"moist chilling","4","30","22",NA,"0","GA3","100.1142303","30","Y","manual with needle at the cotyledon end.","Y","GA3","1440",NA,"germ.rate ((l/t50)","0.42","LSD","0.19","4","20","30",NA,"Table 3",NA,0.42,"LSD","moist chilling","100.1142303",14,"rehman00exp3 14"
"4","30",NA,NA,NA,"22","22",30,"constant",22,NA,"0/24",0,24,"mechanical","mechanical - needle","GA3",NA,NA,NA,NA,"50%.germ","dark",NA,"rehman00exp3","Koelreuteria_paniculata","35.83 128.57","35.83 128.57 NA","rehman00","exp3","DM","Koelreuteria","paniculata",NA,"Y","N","Taegu, South Korea",35.83,128.57,NA,"Asia",NA,NA,NA,NA,NA,NA,NA,"moist chilling","4","30","22",NA,"0","GA3","300.3426909","30","Y","manual with needle at the cotyledon end.","Y","GA3","1440",NA,"germ.rate ((l/t50)","0","LSD","0.19","4","20","30",NA,"Table 3",NA,0,"LSD","moist chilling","300.3426909",14,"rehman00exp3 14"
"4","60",NA,NA,NA,"22","22",30,"constant",22,NA,"0/24",0,24,"mechanical","mechanical - needle","GA3",NA,NA,NA,NA,"50%.germ","dark",NA,"rehman00exp3","Koelreuteria_paniculata","35.83 128.57","35.83 128.57 NA","rehman00","exp3","DM","Koelreuteria","paniculata",NA,"Y","N","Taegu, South Korea",35.83,128.57,NA,"Asia",NA,NA,NA,NA,NA,NA,NA,"moist chilling","4","60","22",NA,"0","GA3","100.1142303","60","Y","manual with needle at the cotyledon end.","Y","GA3","1440",NA,"germ.rate ((l/t50)","0.43","LSD","0.19","4","20","30",NA,"Table 3",NA,0.43,"LSD","moist chilling","100.1142303",15,"rehman00exp3 15"
"4","60",NA,NA,NA,"22","22",30,"constant",22,NA,"0/24",0,24,"mechanical","mechanical - needle","GA3",NA,NA,NA,NA,"50%.germ","dark",NA,"rehman00exp3","Koelreuteria_paniculata","35.83 128.57","35.83 128.57 NA","rehman00","exp3","DM","Koelreuteria","paniculata",NA,"Y","N","Taegu, South Korea",35.83,128.57,NA,"Asia",NA,NA,NA,NA,NA,NA,NA,"moist chilling","4","60","22",NA,"0","GA3","300.3426909","60","Y","manual with needle at the cotyledon end.","Y","GA3","1440",NA,"germ.rate ((l/t50)","0.15","LSD","0.19","4","20","30",NA,"Table 3",NA,0.15,"LSD","moist chilling","300.3426909",15,"rehman00exp3 15"
"4","90",NA,NA,NA,"22","22",30,"constant",22,NA,"0/24",0,24,"mechanical","mechanical - needle","GA3",NA,NA,NA,NA,"50%.germ","dark",NA,"rehman00exp3","Koelreuteria_paniculata","35.83 128.57","35.83 128.57 NA","rehman00","exp3","DM","Koelreuteria","paniculata",NA,"Y","N","Taegu, South Korea",35.83,128.57,NA,"Asia",NA,NA,NA,NA,NA,NA,NA,"moist chilling","4","90","22",NA,"0","GA3","100.1142303","90","Y","manual with needle at the cotyledon end.","Y","GA3","1440",NA,"germ.rate ((l/t50)","0.41","LSD","0.19","4","20","30",NA,"Table 3",NA,0.41,"LSD","moist chilling","100.1142303",16,"rehman00exp3 16"
"4","90",NA,NA,NA,"22","22",30,"constant",22,NA,"0/24",0,24,"mechanical","mechanical - needle","GA3",NA,NA,NA,NA,"50%.germ","dark",NA,"rehman00exp3","Koelreuteria_paniculata","35.83 128.57","35.83 128.57 NA","rehman00","exp3","DM","Koelreuteria","paniculata",NA,"Y","N","Taegu, South Korea",35.83,128.57,NA,"Asia",NA,NA,NA,NA,NA,NA,NA,"moist chilling","4","90","22",NA,"0","GA3","300.3426909","90","Y","manual with needle at the cotyledon end.","Y","GA3","1440",NA,"germ.rate ((l/t50)","0.19","LSD","0.19","4","20","30",NA,"Table 3",NA,0.19,"LSD","moist chilling","300.3426909",16,"rehman00exp3 16"
"4","90",NA,NA,NA,"22","22",30,"constant",22,NA,"0/24",0,24,"mechanical","mechanical - needle","GA3","dry","dry","25",NA,"germination (arcsin)","dark",NA,"rehman00exp3","Koelreuteria_paniculata","35.83 128.57","35.83 128.57 NA","rehman00","exp3","DM","Koelreuteria","paniculata",NA,"Y","N","Taegu, South Korea",35.83,128.57,NA,"Asia",NA,NA,NA,"dry",NA,NA,"25","moist chilling","4","90","22","soaking-drying","0","GA3","100.1142303","30","Y","manual with needle at the cotyledon end.","Y","GA3","1440",NA,"germination (arcsin)","49","LSD","8","4","20","30",NA,"Table 3",NA,49,"LSD","moist chilling","100.1142303",18,"rehman00exp3 18"
"4","90",NA,NA,NA,"22","22",30,"constant",22,NA,"0/24",0,24,"mechanical","mechanical - needle","GA3","dry","dry","25",NA,"germination (arcsin)","dark",NA,"rehman00exp3","Koelreuteria_paniculata","35.83 128.57","35.83 128.57 NA","rehman00","exp3","DM","Koelreuteria","paniculata",NA,"Y","N","Taegu, South Korea",35.83,128.57,NA,"Asia",NA,NA,NA,"dry",NA,NA,"25","moist chilling","4","90","22","soaking-drying","0","GA3","100.1142303","60","Y","manual with needle at the cotyledon end.","Y","GA3","1440",NA,"germination (arcsin)","41","LSD","8","4","20","30",NA,"Table 3",NA,41,"LSD","moist chilling","100.1142303",18,"rehman00exp3 18"
"4","90",NA,NA,NA,"22","22",30,"constant",22,NA,"0/24",0,24,"mechanical","mechanical - needle","GA3","dry","dry","25",NA,"germination (arcsin)","dark",NA,"rehman00exp3","Koelreuteria_paniculata","35.83 128.57","35.83 128.57 NA","rehman00","exp3","DM","Koelreuteria","paniculata",NA,"Y","N","Taegu, South Korea",35.83,128.57,NA,"Asia",NA,NA,NA,"dry",NA,NA,"25","moist chilling","4","90","22","soaking-drying","0","GA3","100.1142303","90","Y","manual with needle at the cotyledon end.","Y","GA3","1440",NA,"germination (arcsin)","35","LSD","8","4","20","30",NA,"Table 3",NA,35,"LSD","moist chilling","100.1142303",18,"rehman00exp3 18"
"4","90",NA,NA,NA,"22","22",30,"constant",22,NA,"0/24",0,24,"mechanical","mechanical - needle","GA3","dry","dry","25",NA,"germination (arcsin)","dark",NA,"rehman00exp3","Koelreuteria_paniculata","35.83 128.57","35.83 128.57 NA","rehman00","exp3","DM","Koelreuteria","paniculata",NA,"Y","N","Taegu, South Korea",35.83,128.57,NA,"Asia",NA,NA,NA,"dry",NA,NA,"25","moist chilling","4","90","22","soaking-drying","0","GA3","300.3426909","30","Y","manual with needle at the cotyledon end.","Y","GA3","1440",NA,"germination (arcsin)","52","LSD","8","4","20","30",NA,"Table 3",NA,52,"LSD","moist chilling","300.3426909",18,"rehman00exp3 18"
"4","90",NA,NA,NA,"22","22",30,"constant",22,NA,"0/24",0,24,"mechanical","mechanical - needle","GA3","dry","dry","25",NA,"germination (arcsin)","dark",NA,"rehman00exp3","Koelreuteria_paniculata","35.83 128.57","35.83 128.57 NA","rehman00","exp3","DM","Koelreuteria","paniculata",NA,"Y","N","Taegu, South Korea",35.83,128.57,NA,"Asia",NA,NA,NA,"dry",NA,NA,"25","moist chilling","4","90","22","soaking-drying","0","GA3","300.3426909","60","Y","manual with needle at the cotyledon end.","Y","GA3","1440",NA,"germination (arcsin)","40","LSD","8","4","20","30",NA,"Table 3",NA,40,"LSD","moist chilling","300.3426909",18,"rehman00exp3 18"
"4","90",NA,NA,NA,"22","22",30,"constant",22,NA,"0/24",0,24,"mechanical","mechanical - needle","GA3","dry","dry","25",NA,"germination (arcsin)","dark",NA,"rehman00exp3","Koelreuteria_paniculata","35.83 128.57","35.83 128.57 NA","rehman00","exp3","DM","Koelreuteria","paniculata",NA,"Y","N","Taegu, South Korea",35.83,128.57,NA,"Asia",NA,NA,NA,"dry",NA,NA,"25","moist chilling","4","90","22","soaking-drying","0","GA3","300.3426909","90","Y","manual with needle at the cotyledon end.","Y","GA3","1440",NA,"germination (arcsin)","29","LSD","8","4","20","30",NA,"Table 3",NA,29,"LSD","moist chilling","300.3426909",18,"rehman00exp3 18"
"4","90",NA,NA,NA,"22","22",30,"constant",22,NA,"0/24",0,24,"mechanical","mechanical - needle","GA3","dry","dry","25",NA,"germination (arcsin)","dark",NA,"rehman00exp3","Koelreuteria_paniculata","35.83 128.57","35.83 128.57 NA","rehman00","exp3","DM","Koelreuteria","paniculata",NA,"Y","N","Taegu, South Korea",35.83,128.57,NA,"Asia",NA,NA,NA,"dry",NA,NA,"25","moist chilling","4","90","22","soaking-drying","0","GA3","300.3426909","15","Y","manual with needle at the cotyledon end.","Y","GA3","1440",NA,"germination (arcsin)","32","LSD","8","4","20","30",NA,"Table 3",NA,32,"LSD","moist chilling","300.3426909",18,"rehman00exp3 18"
"4","90",NA,NA,NA,"22","22",30,"constant",22,NA,"0/24",0,24,"mechanical","mechanical - needle","GA3","dry","dry","25",NA,"germination (arcsin)","dark",NA,"rehman00exp3","Koelreuteria_paniculata","35.83 128.57","35.83 128.57 NA","rehman00","exp3","DM","Koelreuteria","paniculata",NA,"Y","N","Taegu, South Korea",35.83,128.57,NA,"Asia",NA,NA,NA,"dry",NA,NA,"25","moist chilling","4","90","22","soaking-drying","0","GA3","100.1142303","15","Y","manual with needle at the cotyledon end.","Y","GA3","1440",NA,"germination (arcsin)","44","LSD","8","4","20","30",NA,"Table 3",NA,44,"LSD","moist chilling","100.1142303",18,"rehman00exp3 18"
"4","90",NA,NA,NA,"22","22",30,"constant",22,NA,"0/24",0,24,"mechanical","mechanical - needle","GA3","dry","dry","25",NA,"50%.germ","dark",NA,"rehman00exp3","Koelreuteria_paniculata","35.83 128.57","35.83 128.57 NA","rehman00","exp3","DM","Koelreuteria","paniculata",NA,"Y","N","Taegu, South Korea",35.83,128.57,NA,"Asia",NA,NA,NA,"dry",NA,NA,"25","moist chilling","4","90","22","soaking-drying","0","GA3","100.1142303","60","Y","manual with needle at the cotyledon end.","Y","GA3","1440",NA,"germ.rate ((l/t50)","0.56","LSD","0.19","4","20","30",NA,"Table 3",NA,0.56,"LSD","moist chilling","100.1142303",20,"rehman00exp3 20"
"4","90",NA,NA,NA,"22","22",30,"constant",22,NA,"0/24",0,24,"mechanical","mechanical - needle","GA3","dry","dry","25",NA,"50%.germ","dark",NA,"rehman00exp3","Koelreuteria_paniculata","35.83 128.57","35.83 128.57 NA","rehman00","exp3","DM","Koelreuteria","paniculata",NA,"Y","N","Taegu, South Korea",35.83,128.57,NA,"Asia",NA,NA,NA,"dry",NA,NA,"25","moist chilling","4","90","22","soaking-drying","0","GA3","100.1142303","90","Y","manual with needle at the cotyledon end.","Y","GA3","1440",NA,"germ.rate ((l/t50)","0.4","LSD","0.19","4","20","30",NA,"Table 3",NA,0.4,"LSD","moist chilling","100.1142303",20,"rehman00exp3 20"
"4","90",NA,NA,NA,"22","22",30,"constant",22,NA,"0/24",0,24,"mechanical","mechanical - needle","GA3","dry","dry","25",NA,"50%.germ","dark",NA,"rehman00exp3","Koelreuteria_paniculata","35.83 128.57","35.83 128.57 NA","rehman00","exp3","DM","Koelreuteria","paniculata",NA,"Y","N","Taegu, South Korea",35.83,128.57,NA,"Asia",NA,NA,NA,"dry",NA,NA,"25","moist chilling","4","90","22","soaking-drying","0","GA3","300.3426909","60","Y","manual with needle at the cotyledon end.","Y","GA3","1440",NA,"germ.rate ((l/t50)","0.6","LSD","0.19","4","20","30",NA,"Table 3",NA,0.6,"LSD","moist chilling","300.3426909",20,"rehman00exp3 20"
"4","90",NA,NA,NA,"22","22",30,"constant",22,NA,"0/24",0,24,"mechanical","mechanical - needle","GA3","dry","dry","25",NA,"50%.germ","dark",NA,"rehman00exp3","Koelreuteria_paniculata","35.83 128.57","35.83 128.57 NA","rehman00","exp3","DM","Koelreuteria","paniculata",NA,"Y","N","Taegu, South Korea",35.83,128.57,NA,"Asia",NA,NA,NA,"dry",NA,NA,"25","moist chilling","4","90","22","soaking-drying","0","GA3","300.3426909","90","Y","manual with needle at the cotyledon end.","Y","GA3","1440",NA,"germ.rate ((l/t50)","0.67","LSD","0.19","4","20","30",NA,"Table 3",NA,0.67,"LSD","moist chilling","300.3426909",20,"rehman00exp3 20"
"4","90",NA,NA,NA,"22","22",30,"constant",22,NA,"0/24",0,24,"mechanical","mechanical - needle","GA3","dry","dry","25",NA,"50%.germ","dark",NA,"rehman00exp3","Koelreuteria_paniculata","35.83 128.57","35.83 128.57 NA","rehman00","exp3","DM","Koelreuteria","paniculata",NA,"Y","N","Taegu, South Korea",35.83,128.57,NA,"Asia",NA,NA,NA,"dry",NA,NA,"25","moist chilling","4","90","22","soaking-drying","0","GA3","300.3426909","15","Y","manual with needle at the cotyledon end.","Y","GA3","1440",NA,"germ.rate ((l/t50)","0.41","LSD","0.19","4","20","30",NA,"Table 3",NA,0.41,"LSD","moist chilling","300.3426909",20,"rehman00exp3 20"
"4","90",NA,NA,NA,"22","22",30,"constant",22,NA,"0/24",0,24,"mechanical","mechanical - needle","GA3","dry","dry","25",NA,"50%.germ","dark",NA,"rehman00exp3","Koelreuteria_paniculata","35.83 128.57","35.83 128.57 NA","rehman00","exp3","DM","Koelreuteria","paniculata",NA,"Y","N","Taegu, South Korea",35.83,128.57,NA,"Asia",NA,NA,NA,"dry",NA,NA,"25","moist chilling","4","90","22","soaking-drying","0","GA3","300.3426909","30","Y","manual with needle at the cotyledon end.","Y","GA3","1440",NA,"germ.rate ((l/t50)","0.53","LSD","0.19","4","20","30",NA,"Table 3",NA,0.53,"LSD","moist chilling","300.3426909",20,"rehman00exp3 20"
"4","90",NA,NA,NA,"22","22",30,"constant",22,NA,"0/24",0,24,"mechanical","mechanical - needle","GA3","dry","dry","25",NA,"50%.germ","dark",NA,"rehman00exp3","Koelreuteria_paniculata","35.83 128.57","35.83 128.57 NA","rehman00","exp3","DM","Koelreuteria","paniculata",NA,"Y","N","Taegu, South Korea",35.83,128.57,NA,"Asia",NA,NA,NA,"dry",NA,NA,"25","moist chilling","4","90","22","soaking-drying","0","GA3","100.1142303","15","Y","manual with needle at the cotyledon end.","Y","GA3","1440",NA,"germ.rate ((l/t50)","0.4","LSD","0.19","4","20","30",NA,"Table 3",NA,0.4,"LSD","moist chilling","100.1142303",20,"rehman00exp3 20"
"4","90",NA,NA,NA,"22","22",30,"constant",22,NA,"0/24",0,24,"mechanical","mechanical - needle","GA3","dry","dry","25",NA,"50%.germ","dark",NA,"rehman00exp3","Koelreuteria_paniculata","35.83 128.57","35.83 128.57 NA","rehman00","exp3","DM","Koelreuteria","paniculata",NA,"Y","N","Taegu, South Korea",35.83,128.57,NA,"Asia",NA,NA,NA,"dry",NA,NA,"25","moist chilling","4","90","22","soaking-drying","0","GA3","100.1142303","30","Y","manual with needle at the cotyledon end.","Y","GA3","1440",NA,"germ.rate ((l/t50)","0.6","LSD","0.19","4","20","30",NA,"Table 3",NA,0.6,"LSD","moist chilling","100.1142303",20,"rehman00exp3 20"
"4","15",NA,NA,NA,"22","22",30,"constant",22,NA,"0/24",0,24,"mechanical","mechanical - needle","GA3",NA,NA,NA,NA,"germination (arcsin)","dark",NA,"rehman00exp4","Koelreuteria_paniculata","35.83 128.57","35.83 128.57 NA","rehman00","exp4","DM","Koelreuteria","paniculata",NA,"Y","N","Taegu, South Korea",35.83,128.57,NA,"Asia",NA,NA,NA,NA,NA,NA,NA,"dry chilling","4","15","22",NA,"0","GA3","100.1142303","15","Y","manual with needle at the cotyledon end.","Y","GA3","1440",NA,"germination (arcsin)","57","LSD","8","4","20","30",NA,"Table 4",NA,57,"LSD","dry chilling","100.1142303",5,"rehman00exp4 5"
"4","15",NA,NA,NA,"22","22",30,"constant",22,NA,"0/24",0,24,"mechanical","mechanical - needle","GA3",NA,NA,NA,NA,"germination (arcsin)","dark",NA,"rehman00exp4","Koelreuteria_paniculata","35.83 128.57","35.83 128.57 NA","rehman00","exp4","DM","Koelreuteria","paniculata",NA,"Y","N","Taegu, South Korea",35.83,128.57,NA,"Asia",NA,NA,NA,NA,NA,NA,NA,"dry chilling","4","15","22",NA,"0","GA3","300.3426909","15","Y","manual with needle at the cotyledon end.","Y","GA3","1440",NA,"germination (arcsin)","56","LSD","8","4","20","30",NA,"Table 4",NA,56,"LSD","dry chilling","300.3426909",5,"rehman00exp4 5"
"4","30",NA,NA,NA,"22","22",30,"constant",22,NA,"0/24",0,24,"mechanical","mechanical - needle","GA3",NA,NA,NA,NA,"germination (arcsin)","dark",NA,"rehman00exp4","Koelreuteria_paniculata","35.83 128.57","35.83 128.57 NA","rehman00","exp4","DM","Koelreuteria","paniculata",NA,"Y","N","Taegu, South Korea",35.83,128.57,NA,"Asia",NA,NA,NA,NA,NA,NA,NA,"dry chilling","4","30","22",NA,"0","GA3","300.3426909","30","Y","manual with needle at the cotyledon end.","Y","GA3","1440",NA,"germination (arcsin)","46","LSD","8","4","20","30",NA,"Table 4",NA,46,"LSD","dry chilling","300.3426909",6,"rehman00exp4 6"
"4","30",NA,NA,NA,"22","22",30,"constant",22,NA,"0/24",0,24,"mechanical","mechanical - needle","GA3",NA,NA,NA,NA,"germination (arcsin)","dark",NA,"rehman00exp4","Koelreuteria_paniculata","35.83 128.57","35.83 128.57 NA","rehman00","exp4","DM","Koelreuteria","paniculata",NA,"Y","N","Taegu, South Korea",35.83,128.57,NA,"Asia",NA,NA,NA,NA,NA,NA,NA,"dry chilling","4","30","22",NA,"0","GA3","100.1142303","30","Y","manual with needle at the cotyledon end.","Y","GA3","1440",NA,"germination (arcsin)","53","LSD","8","4","20","30",NA,"Table 4",NA,53,"LSD","dry chilling","100.1142303",6,"rehman00exp4 6"
"4","60",NA,NA,NA,"22","22",30,"constant",22,NA,"0/24",0,24,"mechanical","mechanical - needle","GA3",NA,NA,NA,NA,"germination (arcsin)","dark",NA,"rehman00exp4","Koelreuteria_paniculata","35.83 128.57","35.83 128.57 NA","rehman00","exp4","DM","Koelreuteria","paniculata",NA,"Y","N","Taegu, South Korea",35.83,128.57,NA,"Asia",NA,NA,NA,NA,NA,NA,NA,"dry chilling","4","60","22",NA,"0","GA3","300.3426909","60","Y","manual with needle at the cotyledon end.","Y","GA3","1440",NA,"germination (arcsin)","46","LSD","8","4","20","30",NA,"Table 4",NA,46,"LSD","dry chilling","300.3426909",7,"rehman00exp4 7"
"4","60",NA,NA,NA,"22","22",30,"constant",22,NA,"0/24",0,24,"mechanical","mechanical - needle","GA3",NA,NA,NA,NA,"germination (arcsin)","dark",NA,"rehman00exp4","Koelreuteria_paniculata","35.83 128.57","35.83 128.57 NA","rehman00","exp4","DM","Koelreuteria","paniculata",NA,"Y","N","Taegu, South Korea",35.83,128.57,NA,"Asia",NA,NA,NA,NA,NA,NA,NA,"dry chilling","4","60","22",NA,"0","GA3","100.1142303","60","Y","manual with needle at the cotyledon end.","Y","GA3","1440",NA,"germination (arcsin)","51","LSD","8","4","20","30",NA,"Table 4",NA,51,"LSD","dry chilling","100.1142303",7,"rehman00exp4 7"
"4","90",NA,NA,NA,"22","22",30,"constant",22,NA,"0/24",0,24,"mechanical","mechanical - needle","GA3",NA,NA,NA,NA,"germination (arcsin)","dark",NA,"rehman00exp4","Koelreuteria_paniculata","35.83 128.57","35.83 128.57 NA","rehman00","exp4","DM","Koelreuteria","paniculata",NA,"Y","N","Taegu, South Korea",35.83,128.57,NA,"Asia",NA,NA,NA,NA,NA,NA,NA,"dry chilling","4","90","22",NA,"0","GA3","300.3426909","90","Y","manual with needle at the cotyledon end.","Y","GA3","1440",NA,"germination (arcsin)","45","LSD","8","4","20","30",NA,"Table 4",NA,45,"LSD","dry chilling","300.3426909",8,"rehman00exp4 8"
"4","90",NA,NA,NA,"22","22",30,"constant",22,NA,"0/24",0,24,"mechanical","mechanical - needle","GA3",NA,NA,NA,NA,"germination (arcsin)","dark",NA,"rehman00exp4","Koelreuteria_paniculata","35.83 128.57","35.83 128.57 NA","rehman00","exp4","DM","Koelreuteria","paniculata",NA,"Y","N","Taegu, South Korea",35.83,128.57,NA,"Asia",NA,NA,NA,NA,NA,NA,NA,"dry chilling","4","90","22",NA,"0","GA3","100.1142303","90","Y","manual with needle at the cotyledon end.","Y","GA3","1440",NA,"germination (arcsin)","44","LSD","8","4","20","30",NA,"Table 4",NA,44,"LSD","dry chilling","100.1142303",8,"rehman00exp4 8"
"4","15",NA,NA,NA,"22","22",30,"constant",22,NA,"0/24",0,24,"mechanical","mechanical - needle","GA3",NA,NA,NA,NA,"50%.germ","dark",NA,"rehman00exp4","Koelreuteria_paniculata","35.83 128.57","35.83 128.57 NA","rehman00","exp4","DM","Koelreuteria","paniculata",NA,"Y","N","Taegu, South Korea",35.83,128.57,NA,"Asia",NA,NA,NA,NA,NA,NA,NA,"dry chilling","4","15","22",NA,"0","GA3","100.1142303","15","Y","manual with needle at the cotyledon end.","Y","GA3","1440",NA,"germ.rate ((l/t50)","0.34","LSD","0.14","4","20","30",NA,"Table 4",NA,0.34,"LSD","dry chilling","100.1142303",13,"rehman00exp4 13"
"4","15",NA,NA,NA,"22","22",30,"constant",22,NA,"0/24",0,24,"mechanical","mechanical - needle","GA3",NA,NA,NA,NA,"50%.germ","dark",NA,"rehman00exp4","Koelreuteria_paniculata","35.83 128.57","35.83 128.57 NA","rehman00","exp4","DM","Koelreuteria","paniculata",NA,"Y","N","Taegu, South Korea",35.83,128.57,NA,"Asia",NA,NA,NA,NA,NA,NA,NA,"dry chilling","4","15","22",NA,"0","GA3","300.3426909","15","Y","manual with needle at the cotyledon end.","Y","GA3","1440",NA,"germ.rate ((l/t50)","0.33","LSD","0.14","4","20","30",NA,"Table 4",NA,0.33,"LSD","dry chilling","300.3426909",13,"rehman00exp4 13"
"4","30",NA,NA,NA,"22","22",30,"constant",22,NA,"0/24",0,24,"mechanical","mechanical - needle","GA3",NA,NA,NA,NA,"50%.germ","dark",NA,"rehman00exp4","Koelreuteria_paniculata","35.83 128.57","35.83 128.57 NA","rehman00","exp4","DM","Koelreuteria","paniculata",NA,"Y","N","Taegu, South Korea",35.83,128.57,NA,"Asia",NA,NA,NA,NA,NA,NA,NA,"dry chilling","4","30","22",NA,"0","GA3","100.1142303","30","Y","manual with needle at the cotyledon end.","Y","GA3","1440",NA,"germ.rate ((l/t50)","0.4","LSD","0.14","4","20","30",NA,"Table 4",NA,0.4,"LSD","dry chilling","100.1142303",14,"rehman00exp4 14"
"4","30",NA,NA,NA,"22","22",30,"constant",22,NA,"0/24",0,24,"mechanical","mechanical - needle","GA3",NA,NA,NA,NA,"50%.germ","dark",NA,"rehman00exp4","Koelreuteria_paniculata","35.83 128.57","35.83 128.57 NA","rehman00","exp4","DM","Koelreuteria","paniculata",NA,"Y","N","Taegu, South Korea",35.83,128.57,NA,"Asia",NA,NA,NA,NA,NA,NA,NA,"dry chilling","4","30","22",NA,"0","GA3","300.3426909","30","Y","manual with needle at the cotyledon end.","Y","GA3","1440",NA,"germ.rate ((l/t50)","0.52","LSD","0.14","4","20","30",NA,"Table 4",NA,0.52,"LSD","dry chilling","300.3426909",14,"rehman00exp4 14"
"4","60",NA,NA,NA,"22","22",30,"constant",22,NA,"0/24",0,24,"mechanical","mechanical - needle","GA3",NA,NA,NA,NA,"50%.germ","dark",NA,"rehman00exp4","Koelreuteria_paniculata","35.83 128.57","35.83 128.57 NA","rehman00","exp4","DM","Koelreuteria","paniculata",NA,"Y","N","Taegu, South Korea",35.83,128.57,NA,"Asia",NA,NA,NA,NA,NA,NA,NA,"dry chilling","4","60","22",NA,"0","GA3","300.3426909","60","Y","manual with needle at the cotyledon end.","Y","GA3","1440",NA,"germ.rate ((l/t50)","0.67","LSD","0.14","4","20","30",NA,"Table 4",NA,0.67,"LSD","dry chilling","300.3426909",15,"rehman00exp4 15"
"4","60",NA,NA,NA,"22","22",30,"constant",22,NA,"0/24",0,24,"mechanical","mechanical - needle","GA3",NA,NA,NA,NA,"50%.germ","dark",NA,"rehman00exp4","Koelreuteria_paniculata","35.83 128.57","35.83 128.57 NA","rehman00","exp4","DM","Koelreuteria","paniculata",NA,"Y","N","Taegu, South Korea",35.83,128.57,NA,"Asia",NA,NA,NA,NA,NA,NA,NA,"dry chilling","4","60","22",NA,"0","GA3","100.1142303","60","Y","manual with needle at the cotyledon end.","Y","GA3","1440",NA,"germ.rate ((l/t50)","0.49","LSD","0.14","4","20","30",NA,"Table 4",NA,0.49,"LSD","dry chilling","100.1142303",15,"rehman00exp4 15"
"4","90",NA,NA,NA,"22","22",30,"constant",22,NA,"0/24",0,24,"mechanical","mechanical - needle","GA3",NA,NA,NA,NA,"50%.germ","dark",NA,"rehman00exp4","Koelreuteria_paniculata","35.83 128.57","35.83 128.57 NA","rehman00","exp4","DM","Koelreuteria","paniculata",NA,"Y","N","Taegu, South Korea",35.83,128.57,NA,"Asia",NA,NA,NA,NA,NA,NA,NA,"dry chilling","4","90","22",NA,"0","GA3","300.3426909","90","Y","manual with needle at the cotyledon end.","Y","GA3","1440",NA,"germ.rate ((l/t50)","0.4","LSD","0.14","4","20","30",NA,"Table 4",NA,0.4,"LSD","dry chilling","300.3426909",16,"rehman00exp4 16"
"4","90",NA,NA,NA,"22","22",30,"constant",22,NA,"0/24",0,24,"mechanical","mechanical - needle","GA3",NA,NA,NA,NA,"50%.germ","dark",NA,"rehman00exp4","Koelreuteria_paniculata","35.83 128.57","35.83 128.57 NA","rehman00","exp4","DM","Koelreuteria","paniculata",NA,"Y","N","Taegu, South Korea",35.83,128.57,NA,"Asia",NA,NA,NA,NA,NA,NA,NA,"dry chilling","4","90","22",NA,"0","GA3","100.1142303","90","Y","manual with needle at the cotyledon end.","Y","GA3","1440",NA,"germ.rate ((l/t50)","0.38","LSD","0.14","4","20","30",NA,"Table 4",NA,0.38,"LSD","dry chilling","100.1142303",16,"rehman00exp4 16"
"4","90",NA,NA,NA,"22","22",30,"constant",22,NA,"0/24",0,24,"mechanical","mechanical - needle","GA3","dry","dry","25",NA,"germination (arcsin)","dark",NA,"rehman00exp4","Koelreuteria_paniculata","35.83 128.57","35.83 128.57 NA","rehman00","exp4","DM","Koelreuteria","paniculata",NA,"Y","N","Taegu, South Korea",35.83,128.57,NA,"Asia",NA,NA,NA,"dry",NA,NA,"25","dry chilling","4","90","22","soaking-drying","0","GA3","300.3426909","90","Y","manual with needle at the cotyledon end.","Y","GA3","1440",NA,"germination (arcsin)","33","LSD","8","4","20","30",NA,"Table 4",NA,33,"LSD","dry chilling","300.3426909",18,"rehman00exp4 18"
"4","90",NA,NA,NA,"22","22",30,"constant",22,NA,"0/24",0,24,"mechanical","mechanical - needle","GA3","dry","dry","25",NA,"germination (arcsin)","dark",NA,"rehman00exp4","Koelreuteria_paniculata","35.83 128.57","35.83 128.57 NA","rehman00","exp4","DM","Koelreuteria","paniculata",NA,"Y","N","Taegu, South Korea",35.83,128.57,NA,"Asia",NA,NA,NA,"dry",NA,NA,"25","dry chilling","4","90","22","soaking-drying","0","GA3","300.3426909","60","Y","manual with needle at the cotyledon end.","Y","GA3","1440",NA,"germination (arcsin)","38","LSD","8","4","20","30",NA,"Table 4",NA,38,"LSD","dry chilling","300.3426909",18,"rehman00exp4 18"
"4","90",NA,NA,NA,"22","22",30,"constant",22,NA,"0/24",0,24,"mechanical","mechanical - needle","GA3","dry","dry","25",NA,"germination (arcsin)","dark",NA,"rehman00exp4","Koelreuteria_paniculata","35.83 128.57","35.83 128.57 NA","rehman00","exp4","DM","Koelreuteria","paniculata",NA,"Y","N","Taegu, South Korea",35.83,128.57,NA,"Asia",NA,NA,NA,"dry",NA,NA,"25","dry chilling","4","90","22","soaking-drying","0","GA3","100.1142303","15","Y","manual with needle at the cotyledon end.","Y","GA3","1440",NA,"germination (arcsin)","52","LSD","8","4","20","30",NA,"Table 4",NA,52,"LSD","dry chilling","100.1142303",18,"rehman00exp4 18"
"4","90",NA,NA,NA,"22","22",30,"constant",22,NA,"0/24",0,24,"mechanical","mechanical - needle","GA3","dry","dry","25",NA,"germination (arcsin)","dark",NA,"rehman00exp4","Koelreuteria_paniculata","35.83 128.57","35.83 128.57 NA","rehman00","exp4","DM","Koelreuteria","paniculata",NA,"Y","N","Taegu, South Korea",35.83,128.57,NA,"Asia",NA,NA,NA,"dry",NA,NA,"25","dry chilling","4","90","22","soaking-drying","0","GA3","100.1142303","30","Y","manual with needle at the cotyledon end.","Y","GA3","1440",NA,"germination (arcsin)","51","LSD","8","4","20","30",NA,"Table 4",NA,51,"LSD","dry chilling","100.1142303",18,"rehman00exp4 18"
"4","90",NA,NA,NA,"22","22",30,"constant",22,NA,"0/24",0,24,"mechanical","mechanical - needle","GA3","dry","dry","25",NA,"germination (arcsin)","dark",NA,"rehman00exp4","Koelreuteria_paniculata","35.83 128.57","35.83 128.57 NA","rehman00","exp4","DM","Koelreuteria","paniculata",NA,"Y","N","Taegu, South Korea",35.83,128.57,NA,"Asia",NA,NA,NA,"dry",NA,NA,"25","dry chilling","4","90","22","soaking-drying","0","GA3","100.1142303","60","Y","manual with needle at the cotyledon end.","Y","GA3","1440",NA,"germination (arcsin)","32","LSD","8","4","20","30",NA,"Table 4",NA,32,"LSD","dry chilling","100.1142303",18,"rehman00exp4 18"
"4","90",NA,NA,NA,"22","22",30,"constant",22,NA,"0/24",0,24,"mechanical","mechanical - needle","GA3","dry","dry","25",NA,"germination (arcsin)","dark",NA,"rehman00exp4","Koelreuteria_paniculata","35.83 128.57","35.83 128.57 NA","rehman00","exp4","DM","Koelreuteria","paniculata",NA,"Y","N","Taegu, South Korea",35.83,128.57,NA,"Asia",NA,NA,NA,"dry",NA,NA,"25","dry chilling","4","90","22","soaking-drying","0","GA3","100.1142303","90","Y","manual with needle at the cotyledon end.","Y","GA3","1440",NA,"germination (arcsin)","42","LSD","8","4","20","30",NA,"Table 4",NA,42,"LSD","dry chilling","100.1142303",18,"rehman00exp4 18"
"4","90",NA,NA,NA,"22","22",30,"constant",22,NA,"0/24",0,24,"mechanical","mechanical - needle","GA3","dry","dry","25",NA,"germination (arcsin)","dark",NA,"rehman00exp4","Koelreuteria_paniculata","35.83 128.57","35.83 128.57 NA","rehman00","exp4","DM","Koelreuteria","paniculata",NA,"Y","N","Taegu, South Korea",35.83,128.57,NA,"Asia",NA,NA,NA,"dry",NA,NA,"25","dry chilling","4","90","22","soaking-drying","0","GA3","300.3426909","15","Y","manual with needle at the cotyledon end.","Y","GA3","1440",NA,"germination (arcsin)","47","LSD","8","4","20","30",NA,"Table 4",NA,47,"LSD","dry chilling","300.3426909",18,"rehman00exp4 18"
"4","90",NA,NA,NA,"22","22",30,"constant",22,NA,"0/24",0,24,"mechanical","mechanical - needle","GA3","dry","dry","25",NA,"germination (arcsin)","dark",NA,"rehman00exp4","Koelreuteria_paniculata","35.83 128.57","35.83 128.57 NA","rehman00","exp4","DM","Koelreuteria","paniculata",NA,"Y","N","Taegu, South Korea",35.83,128.57,NA,"Asia",NA,NA,NA,"dry",NA,NA,"25","dry chilling","4","90","22","soaking-drying","0","GA3","300.3426909","30","Y","manual with needle at the cotyledon end.","Y","GA3","1440",NA,"germination (arcsin)","46","LSD","8","4","20","30",NA,"Table 4",NA,46,"LSD","dry chilling","300.3426909",18,"rehman00exp4 18"
"4","90",NA,NA,NA,"22","22",30,"constant",22,NA,"0/24",0,24,"mechanical","mechanical - needle","GA3","dry","dry","25",NA,"50%.germ","dark",NA,"rehman00exp4","Koelreuteria_paniculata","35.83 128.57","35.83 128.57 NA","rehman00","exp4","DM","Koelreuteria","paniculata",NA,"Y","N","Taegu, South Korea",35.83,128.57,NA,"Asia",NA,NA,NA,"dry",NA,NA,"25","dry chilling","4","90","22","soaking-drying","0","GA3","100.1142303","30","Y","manual with needle at the cotyledon end.","Y","GA3","1440",NA,"germ.rate ((l/t50)","0.19","LSD","0.14","4","20","30",NA,"Table 4",NA,0.19,"LSD","dry chilling","100.1142303",20,"rehman00exp4 20"
"4","90",NA,NA,NA,"22","22",30,"constant",22,NA,"0/24",0,24,"mechanical","mechanical - needle","GA3","dry","dry","25",NA,"50%.germ","dark",NA,"rehman00exp4","Koelreuteria_paniculata","35.83 128.57","35.83 128.57 NA","rehman00","exp4","DM","Koelreuteria","paniculata",NA,"Y","N","Taegu, South Korea",35.83,128.57,NA,"Asia",NA,NA,NA,"dry",NA,NA,"25","dry chilling","4","90","22","soaking-drying","0","GA3","100.1142303","60","Y","manual with needle at the cotyledon end.","Y","GA3","1440",NA,"germ.rate ((l/t50)","0.14","LSD","0.14","4","20","30",NA,"Table 4",NA,0.14,"LSD","dry chilling","100.1142303",20,"rehman00exp4 20"
"4","90",NA,NA,NA,"22","22",30,"constant",22,NA,"0/24",0,24,"mechanical","mechanical - needle","GA3","dry","dry","25",NA,"50%.germ","dark",NA,"rehman00exp4","Koelreuteria_paniculata","35.83 128.57","35.83 128.57 NA","rehman00","exp4","DM","Koelreuteria","paniculata",NA,"Y","N","Taegu, South Korea",35.83,128.57,NA,"Asia",NA,NA,NA,"dry",NA,NA,"25","dry chilling","4","90","22","soaking-drying","0","GA3","100.1142303","90","Y","manual with needle at the cotyledon end.","Y","GA3","1440",NA,"germ.rate ((l/t50)","0.21","LSD","0.14","4","20","30",NA,"Table 4",NA,0.21,"LSD","dry chilling","100.1142303",20,"rehman00exp4 20"
"4","90",NA,NA,NA,"22","22",30,"constant",22,NA,"0/24",0,24,"mechanical","mechanical - needle","GA3","dry","dry","25",NA,"50%.germ","dark",NA,"rehman00exp4","Koelreuteria_paniculata","35.83 128.57","35.83 128.57 NA","rehman00","exp4","DM","Koelreuteria","paniculata",NA,"Y","N","Taegu, South Korea",35.83,128.57,NA,"Asia",NA,NA,NA,"dry",NA,NA,"25","dry chilling","4","90","22","soaking-drying","0","GA3","100.1142303","15","Y","manual with needle at the cotyledon end.","Y","GA3","1440",NA,"germ.rate ((l/t50)","0.1","LSD","0.14","4","20","30",NA,"Table 4",NA,0.1,"LSD","dry chilling","100.1142303",20,"rehman00exp4 20"
"4","90",NA,NA,NA,"22","22",30,"constant",22,NA,"0/24",0,24,"mechanical","mechanical - needle","GA3","dry","dry","25",NA,"50%.germ","dark",NA,"rehman00exp4","Koelreuteria_paniculata","35.83 128.57","35.83 128.57 NA","rehman00","exp4","DM","Koelreuteria","paniculata",NA,"Y","N","Taegu, South Korea",35.83,128.57,NA,"Asia",NA,NA,NA,"dry",NA,NA,"25","dry chilling","4","90","22","soaking-drying","0","GA3","300.3426909","30","Y","manual with needle at the cotyledon end.","Y","GA3","1440",NA,"germ.rate ((l/t50)","0.17","LSD","0.14","4","20","30",NA,"Table 4",NA,0.17,"LSD","dry chilling","300.3426909",20,"rehman00exp4 20"
"4","90",NA,NA,NA,"22","22",30,"constant",22,NA,"0/24",0,24,"mechanical","mechanical - needle","GA3","dry","dry","25",NA,"50%.germ","dark",NA,"rehman00exp4","Koelreuteria_paniculata","35.83 128.57","35.83 128.57 NA","rehman00","exp4","DM","Koelreuteria","paniculata",NA,"Y","N","Taegu, South Korea",35.83,128.57,NA,"Asia",NA,NA,NA,"dry",NA,NA,"25","dry chilling","4","90","22","soaking-drying","0","GA3","300.3426909","60","Y","manual with needle at the cotyledon end.","Y","GA3","1440",NA,"germ.rate ((l/t50)","0.2","LSD","0.14","4","20","30",NA,"Table 4",NA,0.2,"LSD","dry chilling","300.3426909",20,"rehman00exp4 20"
"4","90",NA,NA,NA,"22","22",30,"constant",22,NA,"0/24",0,24,"mechanical","mechanical - needle","GA3","dry","dry","25",NA,"50%.germ","dark",NA,"rehman00exp4","Koelreuteria_paniculata","35.83 128.57","35.83 128.57 NA","rehman00","exp4","DM","Koelreuteria","paniculata",NA,"Y","N","Taegu, South Korea",35.83,128.57,NA,"Asia",NA,NA,NA,"dry",NA,NA,"25","dry chilling","4","90","22","soaking-drying","0","GA3","300.3426909","90","Y","manual with needle at the cotyledon end.","Y","GA3","1440",NA,"germ.rate ((l/t50)","0.21","LSD","0.14","4","20","30",NA,"Table 4",NA,0.21,"LSD","dry chilling","300.3426909",20,"rehman00exp4 20"
"4","90",NA,NA,NA,"22","22",30,"constant",22,NA,"0/24",0,24,"mechanical","mechanical - needle","GA3","dry","dry","25",NA,"50%.germ","dark",NA,"rehman00exp4","Koelreuteria_paniculata","35.83 128.57","35.83 128.57 NA","rehman00","exp4","DM","Koelreuteria","paniculata",NA,"Y","N","Taegu, South Korea",35.83,128.57,NA,"Asia",NA,NA,NA,"dry",NA,NA,"25","dry chilling","4","90","22","soaking-drying","0","GA3","300.3426909","15","Y","manual with needle at the cotyledon end.","Y","GA3","1440",NA,"germ.rate ((l/t50)","0.1","LSD","0.14","4","20","30",NA,"Table 4",NA,0.1,"LSD","dry chilling","300.3426909",20,"rehman00exp4 20"
"25",NA,NA,NA,NA,"25","25",1,"constant",25,NA,NA,NA,NA,NA,NA,"GA3","dry","dry",NA,NA,"percent.germ",NA,NA,"kim16exp1","Spiraea_fritschiana","35.72219444 127.7833333","35.72219444 127.7833333 827","kim16","exp1","AZ","Spiraea","fritschiana",NA,"Y","N","Geumwonsan Ecological Arboretum, Guchang, Korea",35.72219444,127.7833333,"827","Asia",NA,"2013",NA,"dry","didn't mention",NA,NA,NA,"25",NA,"25",NA,NA,"GA3","500","24","N",NA,NA,NA,NA,"Yes","per.germ","91.3","SE","0",NA,NA,"1",NA,"table 1",NA,91.3,"SE","hormone","500",17,"kim16exp1 17"
"25",NA,NA,NA,NA,"25","25",1,"constant",25,NA,NA,NA,NA,NA,NA,"GA3","dry","dry",NA,NA,"percent.germ",NA,NA,"kim16exp1","Spiraea_fritschiana","35.72219444 127.7833333","35.72219444 127.7833333 827","kim16","exp1","AZ","Spiraea","fritschiana",NA,"Y","N","Geumwonsan Ecological Arboretum, Guchang, Korea",35.72219444,127.7833333,"827","Asia",NA,"2013",NA,"dry","didn't mention",NA,NA,NA,"25",NA,"25",NA,NA,"GA3","1000","24","N",NA,NA,NA,NA,"Yes","per.germ","90","SE","0",NA,NA,"1",NA,"table 1",NA,90,"SE","hormone","1000",17,"kim16exp1 17"
"25",NA,NA,NA,NA,"25","25",1,"constant",25,NA,NA,NA,NA,NA,NA,"GA3","dry","dry",NA,NA,"mgt",NA,NA,"kim16exp1","Spiraea_fritschiana","35.72219444 127.7833333","35.72219444 127.7833333 827","kim16","exp1","AZ","Spiraea","fritschiana",NA,"Y","N","Geumwonsan Ecological Arboretum, Guchang, Korea",35.72219444,127.7833333,"827","Asia",NA,"2013",NA,"dry","didn't mention",NA,NA,NA,"25",NA,"25",NA,NA,"GA3","1000","24","N",NA,NA,NA,NA,"Yes","mgt","5.9","SE","0",NA,NA,"1",NA,"table 1",NA,5.9,"SE","hormone","1000",18,"kim16exp1 18"
"25",NA,NA,NA,NA,"25","25",1,"constant",25,NA,NA,NA,NA,NA,NA,"GA3","dry","dry",NA,NA,"mgt",NA,NA,"kim16exp1","Spiraea_fritschiana","35.72219444 127.7833333","35.72219444 127.7833333 827","kim16","exp1","AZ","Spiraea","fritschiana",NA,"Y","N","Geumwonsan Ecological Arboretum, Guchang, Korea",35.72219444,127.7833333,"827","Asia",NA,"2013",NA,"dry","didn't mention",NA,NA,NA,"25",NA,"25",NA,NA,"GA3","500","24","N",NA,NA,NA,NA,"Yes","mgt","5.5","SE","0",NA,NA,"1",NA,"table 1",NA,5.5,"SE","hormone","500",18,"kim16exp1 18"
"25",NA,NA,NA,NA,"30","30",1,"constant",30,NA,NA,NA,NA,NA,NA,"GA3","dry","dry",NA,NA,"percent.germ",NA,NA,"kim16exp1","Spiraea_fritschiana","35.72219444 127.7833333","35.72219444 127.7833333 827","kim16","exp1","AZ","Spiraea","fritschiana",NA,"Y","N","Geumwonsan Ecological Arboretum, Guchang, Korea",35.72219444,127.7833333,"827","Asia",NA,"2013",NA,"dry","didn't mention",NA,NA,NA,"25",NA,"30",NA,NA,"GA3","1000","24","N",NA,NA,NA,NA,"Yes","per.germ","85.3","SE","0",NA,NA,"1",NA,"table 1",NA,85.3,"SE","hormone","1000",19,"kim16exp1 19"
"25",NA,NA,NA,NA,"30","30",1,"constant",30,NA,NA,NA,NA,NA,NA,"GA3","dry","dry",NA,NA,"percent.germ",NA,NA,"kim16exp1","Spiraea_fritschiana","35.72219444 127.7833333","35.72219444 127.7833333 827","kim16","exp1","AZ","Spiraea","fritschiana",NA,"Y","N","Geumwonsan Ecological Arboretum, Guchang, Korea",35.72219444,127.7833333,"827","Asia",NA,"2013",NA,"dry","didn't mention",NA,NA,NA,"25",NA,"30",NA,NA,"GA3","500","24","N",NA,NA,NA,NA,"Yes","per.germ","83.3","SE","0",NA,NA,"1",NA,"table 1",NA,83.3,"SE","hormone","500",19,"kim16exp1 19"
"25",NA,NA,NA,NA,"30","30",1,"constant",30,NA,NA,NA,NA,NA,NA,"GA3","dry","dry",NA,NA,"mgt",NA,NA,"kim16exp1","Spiraea_fritschiana","35.72219444 127.7833333","35.72219444 127.7833333 827","kim16","exp1","AZ","Spiraea","fritschiana",NA,"Y","N","Geumwonsan Ecological Arboretum, Guchang, Korea",35.72219444,127.7833333,"827","Asia",NA,"2013",NA,"dry","didn't mention",NA,NA,NA,"25",NA,"30",NA,NA,"GA3","1000","24","N",NA,NA,NA,NA,"Yes","mgt","5.5","SE","0",NA,NA,"1",NA,"table 1",NA,5.5,"SE","hormone","1000",20,"kim16exp1 20"
"25",NA,NA,NA,NA,"30","30",1,"constant",30,NA,NA,NA,NA,NA,NA,"GA3","dry","dry",NA,NA,"mgt",NA,NA,"kim16exp1","Spiraea_fritschiana","35.72219444 127.7833333","35.72219444 127.7833333 827","kim16","exp1","AZ","Spiraea","fritschiana",NA,"Y","N","Geumwonsan Ecological Arboretum, Guchang, Korea",35.72219444,127.7833333,"827","Asia",NA,"2013",NA,"dry","didn't mention",NA,NA,NA,"25",NA,"30",NA,NA,"GA3","500","24","N",NA,NA,NA,NA,"Yes","mgt","5.5","SE","0",NA,NA,"1",NA,"table 1",NA,5.5,"SE","hormone","500",20,"kim16exp1 20"
NA,NA,NA,NA,NA,"15","15",28,"constant",15,NA,"12/12",12,12,NA,NA,"GA3",NA,NA,NA,NA,"percent.germ","light",NA,"tang10bexp4","Chimonanthus_praecox","25.12333333 102.7436111","25.12333333 102.7436111 1982","tang10b","exp4","XW","Chimonanthus","praecox",NA,"Y","N","Kunming Institute of Botany of the Chinese Academy of Sciences, Yunnan, China",25.12333333,102.7436111,"1982","Asia",NA,"2008","2008",NA,NA,NA,NA,"GA3",NA,NA,"15",NA,"12:12","GA3","10","2","N",NA,NA,NA,NA,NA,"per.germ","7","SD","1.3","4","25","28",NA,"Table1",NA,7,"SD","GA3","10",4,"tang10bexp4 4"
NA,NA,NA,NA,NA,"15","15",28,"constant",15,NA,"12/12",12,12,NA,NA,"GA3",NA,NA,NA,NA,"percent.germ","light",NA,"tang10bexp4","Chimonanthus_praecox","25.12333333 102.7436111","25.12333333 102.7436111 1982","tang10b","exp4","XW","Chimonanthus","praecox",NA,"Y","N","Kunming Institute of Botany of the Chinese Academy of Sciences, Yunnan, China",25.12333333,102.7436111,"1982","Asia",NA,"2008","2008",NA,NA,NA,NA,"GA3",NA,NA,"15",NA,"12:12","GA3","400","2","N",NA,NA,NA,NA,NA,"per.germ","41","SD","3.5","4","25","28",NA,"Table1",NA,41,"SD","GA3","400",4,"tang10bexp4 4"
NA,NA,NA,NA,NA,"15","15",28,"constant",15,NA,"12/12",12,12,NA,NA,"GA3",NA,NA,NA,NA,"percent.germ","light",NA,"tang10bexp4","Chimonanthus_praecox","25.12333333 102.7436111","25.12333333 102.7436111 1982","tang10b","exp4","XW","Chimonanthus","praecox",NA,"Y","N","Kunming Institute of Botany of the Chinese Academy of Sciences, Yunnan, China",25.12333333,102.7436111,"1982","Asia",NA,"2008","2008",NA,NA,NA,NA,"GA3",NA,NA,"15",NA,"12:12","GA3","200","2","N",NA,NA,NA,NA,NA,"per.germ","28","SD","2.2","4","25","28",NA,"Table1",NA,28,"SD","GA3","200",4,"tang10bexp4 4"
NA,NA,NA,NA,NA,"15","15",28,"constant",15,NA,"12/12",12,12,NA,NA,"GA3",NA,NA,NA,NA,"percent.germ","light",NA,"tang10bexp4","Chimonanthus_praecox","25.12333333 102.7436111","25.12333333 102.7436111 1982","tang10b","exp4","XW","Chimonanthus","praecox",NA,"Y","N","Kunming Institute of Botany of the Chinese Academy of Sciences, Yunnan, China",25.12333333,102.7436111,"1982","Asia",NA,"2008","2008",NA,NA,NA,NA,"GA3",NA,NA,"15",NA,"12:12","GA3","100","2","N",NA,NA,NA,NA,NA,"per.germ","21","SD","3.3","4","25","28",NA,"Table1",NA,21,"SD","GA3","100",4,"tang10bexp4 4"
NA,NA,NA,NA,NA,"15","15",28,"constant",15,NA,"12/12",12,12,NA,NA,"GA3",NA,NA,NA,NA,"percent.germ","light",NA,"tang10bexp4","Chimonanthus_praecox","25.12333333 102.7436111","25.12333333 102.7436111 1982","tang10b","exp4","XW","Chimonanthus","praecox",NA,"Y","N","Kunming Institute of Botany of the Chinese Academy of Sciences, Yunnan, China",25.12333333,102.7436111,"1982","Asia",NA,"2008","2008",NA,NA,NA,NA,"GA3",NA,NA,"15",NA,"12:12","GA3","1000","2","N",NA,NA,NA,NA,NA,"per.germ","33","SD","2.5","4","25","28",NA,"Table1",NA,33,"SD","GA3","1000",4,"tang10bexp4 4"
NA,NA,NA,NA,NA,"23","23",28,"constant",23,NA,"12/12",12,12,NA,NA,"GA3",NA,NA,NA,NA,"percent.germ","light",NA,"tang10bexp4","Chimonanthus_praecox","25.12333333 102.7436111","25.12333333 102.7436111 1982","tang10b","exp4","XW","Chimonanthus","praecox",NA,"Y","N","Kunming Institute of Botany of the Chinese Academy of Sciences, Yunnan, China",25.12333333,102.7436111,"1982","Asia",NA,"2008","2008",NA,NA,NA,NA,"GA3",NA,NA,"23",NA,"12:12","GA3","100","2","N",NA,NA,NA,NA,NA,"per.germ","26","SD","1.7","4","25","28",NA,"Table1",NA,26,"SD","GA3","100",5,"tang10bexp4 5"
NA,NA,NA,NA,NA,"23","23",28,"constant",23,NA,"12/12",12,12,NA,NA,"GA3",NA,NA,NA,NA,"percent.germ","light",NA,"tang10bexp4","Chimonanthus_praecox","25.12333333 102.7436111","25.12333333 102.7436111 1982","tang10b","exp4","XW","Chimonanthus","praecox",NA,"Y","N","Kunming Institute of Botany of the Chinese Academy of Sciences, Yunnan, China",25.12333333,102.7436111,"1982","Asia",NA,"2008","2008",NA,NA,NA,NA,"GA3",NA,NA,"23",NA,"12:12","GA3","10","2","N",NA,NA,NA,NA,NA,"per.germ","12","SD","1.8","4","25","28",NA,"Table1",NA,12,"SD","GA3","10",5,"tang10bexp4 5"
NA,NA,NA,NA,NA,"23","23",28,"constant",23,NA,"12/12",12,12,NA,NA,"GA3",NA,NA,NA,NA,"percent.germ","light",NA,"tang10bexp4","Chimonanthus_praecox","25.12333333 102.7436111","25.12333333 102.7436111 1982","tang10b","exp4","XW","Chimonanthus","praecox",NA,"Y","N","Kunming Institute of Botany of the Chinese Academy of Sciences, Yunnan, China",25.12333333,102.7436111,"1982","Asia",NA,"2008","2008",NA,NA,NA,NA,"GA3",NA,NA,"23",NA,"12:12","GA3","400","2","N",NA,NA,NA,NA,NA,"per.germ","53","SD","2.8","4","25","28",NA,"Table1",NA,53,"SD","GA3","400",5,"tang10bexp4 5"
NA,NA,NA,NA,NA,"23","23",28,"constant",23,NA,"12/12",12,12,NA,NA,"GA3",NA,NA,NA,NA,"percent.germ","light",NA,"tang10bexp4","Chimonanthus_praecox","25.12333333 102.7436111","25.12333333 102.7436111 1982","tang10b","exp4","XW","Chimonanthus","praecox",NA,"Y","N","Kunming Institute of Botany of the Chinese Academy of Sciences, Yunnan, China",25.12333333,102.7436111,"1982","Asia",NA,"2008","2008",NA,NA,NA,NA,"GA3",NA,NA,"23",NA,"12:12","GA3","200","2","N",NA,NA,NA,NA,NA,"per.germ","39","SD","5.4","4","25","28",NA,"Table1",NA,39,"SD","GA3","200",5,"tang10bexp4 5"
NA,NA,NA,NA,NA,"23","23",28,"constant",23,NA,"12/12",12,12,NA,NA,"GA3",NA,NA,NA,NA,"percent.germ","light",NA,"tang10bexp4","Chimonanthus_praecox","25.12333333 102.7436111","25.12333333 102.7436111 1982","tang10b","exp4","XW","Chimonanthus","praecox",NA,"Y","N","Kunming Institute of Botany of the Chinese Academy of Sciences, Yunnan, China",25.12333333,102.7436111,"1982","Asia",NA,"2008","2008",NA,NA,NA,NA,"GA3",NA,NA,"23",NA,"12:12","GA3","1000","2","N",NA,NA,NA,NA,NA,"per.germ","38","SD","2.1","4","25","28",NA,"Table1",NA,38,"SD","GA3","1000",5,"tang10bexp4 5"
NA,NA,NA,NA,NA,"15","20/10",28,"alternating",20,10,"12/12",12,12,NA,NA,"GA3",NA,NA,NA,NA,"percent.germ","light",NA,"tang10bexp4","Chimonanthus_praecox","25.12333333 102.7436111","25.12333333 102.7436111 1982","tang10b","exp4","XW","Chimonanthus","praecox",NA,"Y","N","Kunming Institute of Botany of the Chinese Academy of Sciences, Yunnan, China",25.12333333,102.7436111,"1982","Asia",NA,"2008","2008",NA,NA,NA,NA,"GA3",NA,NA,"20/10",NA,"12:12","GA3","1000","2","N",NA,NA,NA,NA,NA,"per.germ","21","SD","1.7","4","25","28",NA,"Table1",NA,21,"SD","GA3","1000",6,"tang10bexp4 6"
NA,NA,NA,NA,NA,"15","20/10",28,"alternating",20,10,"12/12",12,12,NA,NA,"GA3",NA,NA,NA,NA,"percent.germ","light",NA,"tang10bexp4","Chimonanthus_praecox","25.12333333 102.7436111","25.12333333 102.7436111 1982","tang10b","exp4","XW","Chimonanthus","praecox",NA,"Y","N","Kunming Institute of Botany of the Chinese Academy of Sciences, Yunnan, China",25.12333333,102.7436111,"1982","Asia",NA,"2008","2008",NA,NA,NA,NA,"GA3",NA,NA,"20/10",NA,"12:12","GA3","100","2","N",NA,NA,NA,NA,NA,"per.germ","19","SD","3","4","25","28",NA,"Table1",NA,19,"SD","GA3","100",6,"tang10bexp4 6"
NA,NA,NA,NA,NA,"15","20/10",28,"alternating",20,10,"12/12",12,12,NA,NA,"GA3",NA,NA,NA,NA,"percent.germ","light",NA,"tang10bexp4","Chimonanthus_praecox","25.12333333 102.7436111","25.12333333 102.7436111 1982","tang10b","exp4","XW","Chimonanthus","praecox",NA,"Y","N","Kunming Institute of Botany of the Chinese Academy of Sciences, Yunnan, China",25.12333333,102.7436111,"1982","Asia",NA,"2008","2008",NA,NA,NA,NA,"GA3",NA,NA,"20/10",NA,"12:12","GA3","10","2","N",NA,NA,NA,NA,NA,"per.germ","5","SD","1.3","4","25","28",NA,"Table1",NA,5,"SD","GA3","10",6,"tang10bexp4 6"
NA,NA,NA,NA,NA,"15","20/10",28,"alternating",20,10,"12/12",12,12,NA,NA,"GA3",NA,NA,NA,NA,"percent.germ","light",NA,"tang10bexp4","Chimonanthus_praecox","25.12333333 102.7436111","25.12333333 102.7436111 1982","tang10b","exp4","XW","Chimonanthus","praecox",NA,"Y","N","Kunming Institute of Botany of the Chinese Academy of Sciences, Yunnan, China",25.12333333,102.7436111,"1982","Asia",NA,"2008","2008",NA,NA,NA,NA,"GA3",NA,NA,"20/10",NA,"12:12","GA3","400","2","N",NA,NA,NA,NA,NA,"per.germ","32","SD","2.1","4","25","28",NA,"Table1",NA,32,"SD","GA3","400",6,"tang10bexp4 6"
NA,NA,NA,NA,NA,"15","20/10",28,"alternating",20,10,"12/12",12,12,NA,NA,"GA3",NA,NA,NA,NA,"percent.germ","light",NA,"tang10bexp4","Chimonanthus_praecox","25.12333333 102.7436111","25.12333333 102.7436111 1982","tang10b","exp4","XW","Chimonanthus","praecox",NA,"Y","N","Kunming Institute of Botany of the Chinese Academy of Sciences, Yunnan, China",25.12333333,102.7436111,"1982","Asia",NA,"2008","2008",NA,NA,NA,NA,"GA3",NA,NA,"20/10",NA,"12:12","GA3","200","2","N",NA,NA,NA,NA,NA,"per.germ","25","SD","4.3","4","25","28",NA,"Table1",NA,25,"SD","GA3","200",6,"tang10bexp4 6"
NA,NA,NA,NA,NA,"22.5","25/20",35,"alternating",25,20,"12/12",12,12,NA,NA,"GA3","dry/cold","dry/cold","4",NA,"percent.germ","light",NA,"han10exp1","Magnolia_fulva","25.116667 102.733333","25.116667 102.733333 NA","han10","exp1","JN","Magnolia","fulva","fulva","Y","N","Kunming Botanical Garden, Yunnan, China (explanted from Wenshan Nature Reserve, Xichou County)",25.116667,102.733333,NA,"Asia",NA,"2007/2008",NA,"dry/cold",NA,NA,"4","GA3",NA,NA,"25/20",NA,"12","GA3","2500",NA,"N",NA,"N",NA,NA,"N","per.germ","92.84","SE","4.09","3","50","35","start of treatment","1",NA,92.84,"SE","hormone x germination temperature","2500",1,"han10exp1 1"
NA,NA,NA,NA,NA,"22.5","25/20",35,"alternating",25,20,"12/12",12,12,NA,NA,"GA3","dry/cold","dry/cold","4",NA,"percent.germ","light",NA,"han10exp1","Magnolia_fulva","25.116667 102.733333","25.116667 102.733333 NA","han10","exp1","JN","Magnolia","fulva","fulva","Y","N","Kunming Botanical Garden, Yunnan, China (explanted from Wenshan Nature Reserve, Xichou County)",25.116667,102.733333,NA,"Asia",NA,"2007/2008",NA,"dry/cold",NA,NA,"4","GA3",NA,NA,"25/20",NA,"12","GA3","1000",NA,"N",NA,"N",NA,NA,"N","per.germ","91.93","SE","2.73","3","50","35","start of treatment","1",NA,91.93,"SE","hormone x germination temperature","1000",1,"han10exp1 1"
NA,NA,NA,NA,NA,"22.5","25/20",35,"alternating",25,20,"12/12",12,12,NA,NA,"GA3","dry/cold","dry/cold","4",NA,"percent.germ","light",NA,"han10exp1","Magnolia_fulva","25.116667 102.733333","25.116667 102.733333 NA","han10","exp1","JN","Magnolia","fulva","fulva","Y","N","Kunming Botanical Garden, Yunnan, China (explanted from Wenshan Nature Reserve, Xichou County)",25.116667,102.733333,NA,"Asia",NA,"2007/2008",NA,"dry/cold",NA,NA,"4","GA3",NA,NA,"25/20",NA,"12","GA3","2000",NA,"N",NA,"N",NA,NA,"N","per.germ","94.89","SE","0","3","50","35","start of treatment","1",NA,94.89,"SE","hormone x germination temperature","2000",1,"han10exp1 1"
NA,NA,NA,NA,NA,"22.5","25/20",35,"alternating",25,20,"12/12",12,12,NA,NA,"GA3","dry/cold","dry/cold","4",NA,"percent.germ","light",NA,"han10exp1","Magnolia_fulva","25.116667 102.733333","25.116667 102.733333 NA","han10","exp1","JN","Magnolia","fulva","fulva","Y","N","Kunming Botanical Garden, Yunnan, China (explanted from Wenshan Nature Reserve, Xichou County)",25.116667,102.733333,NA,"Asia",NA,"2007/2008",NA,"dry/cold",NA,NA,"4","control",NA,NA,"25/20",NA,"12","GA3","0",NA,"N",NA,"N",NA,NA,"N","per.germ","0","SE","0","3","50","35","start of treatment","1",NA,0,"SE","hormone x germination temperature","0",1,"han10exp1 1"
NA,NA,NA,NA,NA,"22.5","25/20",35,"alternating",25,20,"12/12",12,12,NA,NA,"GA3","dry/cold","dry/cold","4",NA,"percent.germ","light",NA,"han10exp1","Magnolia_fulva","25.116667 102.733333","25.116667 102.733333 NA","han10","exp1","JN","Magnolia","fulva","fulva","Y","N","Kunming Botanical Garden, Yunnan, China (explanted from Wenshan Nature Reserve, Xichou County)",25.116667,102.733333,NA,"Asia",NA,"2007/2008",NA,"dry/cold",NA,NA,"4","GA3",NA,NA,"25/20",NA,"12","GA3","200",NA,"N",NA,"N",NA,NA,"N","per.germ","61.93","SE","0.45","3","50","35","start of treatment","1",NA,61.93,"SE","hormone x germination temperature","200",1,"han10exp1 1"
NA,NA,NA,NA,NA,"22.5","25/20",35,"alternating",25,20,"12/12",12,12,NA,NA,"GA3","dry/cold","dry/cold","4",NA,"percent.germ","light",NA,"han10exp1","Magnolia_fulva","25.116667 102.733333","25.116667 102.733333 NA","han10","exp1","JN","Magnolia","fulva","fulva","Y","N","Kunming Botanical Garden, Yunnan, China (explanted from Wenshan Nature Reserve, Xichou County)",25.116667,102.733333,NA,"Asia",NA,"2007/2008",NA,"dry/cold",NA,NA,"4","GA3",NA,NA,"25/20",NA,"12","GA3","500",NA,"N",NA,"N",NA,NA,"N","per.germ","84.21","SE","1.36","3","50","35","start of treatment","1",NA,84.21,"SE","hormone x germination temperature","500",1,"han10exp1 1"
NA,NA,NA,NA,NA,"25","25",35,"constant",25,NA,"12/12",12,12,NA,NA,"GA3","dry/cold","dry/cold","4",NA,"percent.germ","light",NA,"han10exp1","Magnolia_fulva","25.116667 102.733333","25.116667 102.733333 NA","han10","exp1","JN","Magnolia","fulva","fulva","Y","N","Kunming Botanical Garden, Yunnan, China (explanted from Wenshan Nature Reserve, Xichou County)",25.116667,102.733333,NA,"Asia",NA,"2007/2008",NA,"dry/cold",NA,NA,"4","control",NA,NA,"25",NA,"12","GA3","0",NA,"N",NA,"N",NA,NA,"N","per.germ","0","SE","0","3","50","35","start of treatment","1",NA,0,"SE","hormone x germination temperature","0",2,"han10exp1 2"
NA,NA,NA,NA,NA,"25","25",35,"constant",25,NA,"12/12",12,12,NA,NA,"GA3","dry/cold","dry/cold","4",NA,"percent.germ","light",NA,"han10exp1","Magnolia_fulva","25.116667 102.733333","25.116667 102.733333 NA","han10","exp1","JN","Magnolia","fulva","fulva","Y","N","Kunming Botanical Garden, Yunnan, China (explanted from Wenshan Nature Reserve, Xichou County)",25.116667,102.733333,NA,"Asia",NA,"2007/2008",NA,"dry/cold",NA,NA,"4","GA3",NA,NA,"25",NA,"12","GA3","200",NA,"N",NA,"N",NA,NA,"N","per.germ","81.48","SE","2.5","3","50","35","start of treatment","1",NA,81.48,"SE","hormone x germination temperature","200",2,"han10exp1 2"
NA,NA,NA,NA,NA,"25","25",35,"constant",25,NA,"12/12",12,12,NA,NA,"GA3","dry/cold","dry/cold","4",NA,"percent.germ","light",NA,"han10exp1","Magnolia_fulva","25.116667 102.733333","25.116667 102.733333 NA","han10","exp1","JN","Magnolia","fulva","fulva","Y","N","Kunming Botanical Garden, Yunnan, China (explanted from Wenshan Nature Reserve, Xichou County)",25.116667,102.733333,NA,"Asia",NA,"2007/2008",NA,"dry/cold",NA,NA,"4","GA3",NA,NA,"25",NA,"12","GA3","500",NA,"N",NA,"N",NA,NA,"N","per.germ","80.34","SE","5.45","3","50","35","start of treatment","1",NA,80.34,"SE","hormone x germination temperature","500",2,"han10exp1 2"
NA,NA,NA,NA,NA,"25","25",35,"constant",25,NA,"12/12",12,12,NA,NA,"GA3","dry/cold","dry/cold","4",NA,"percent.germ","light",NA,"han10exp1","Magnolia_fulva","25.116667 102.733333","25.116667 102.733333 NA","han10","exp1","JN","Magnolia","fulva","fulva","Y","N","Kunming Botanical Garden, Yunnan, China (explanted from Wenshan Nature Reserve, Xichou County)",25.116667,102.733333,NA,"Asia",NA,"2007/2008",NA,"dry/cold",NA,NA,"4","GA3",NA,NA,"25",NA,"12","GA3","1000",NA,"N",NA,"N",NA,NA,"N","per.germ","82.84","SE","2.27","3","50","35","start of treatment","1",NA,82.84,"SE","hormone x germination temperature","1000",2,"han10exp1 2"
NA,NA,NA,NA,NA,"25","25",35,"constant",25,NA,"12/12",12,12,NA,NA,"GA3","dry/cold","dry/cold","4",NA,"percent.germ","light",NA,"han10exp1","Magnolia_fulva","25.116667 102.733333","25.116667 102.733333 NA","han10","exp1","JN","Magnolia","fulva","fulva","Y","N","Kunming Botanical Garden, Yunnan, China (explanted from Wenshan Nature Reserve, Xichou County)",25.116667,102.733333,NA,"Asia",NA,"2007/2008",NA,"dry/cold",NA,NA,"4","GA3",NA,NA,"25",NA,"12","GA3","2000",NA,"N",NA,"N",NA,NA,"N","per.germ","97.39","SE","1.14","3","50","35","start of treatment","1",NA,97.39,"SE","hormone x germination temperature","2000",2,"han10exp1 2"
NA,NA,NA,NA,NA,"25","25",35,"constant",25,NA,"12/12",12,12,NA,NA,"GA3","dry/cold","dry/cold","4",NA,"percent.germ","light",NA,"han10exp1","Magnolia_fulva","25.116667 102.733333","25.116667 102.733333 NA","han10","exp1","JN","Magnolia","fulva","fulva","Y","N","Kunming Botanical Garden, Yunnan, China (explanted from Wenshan Nature Reserve, Xichou County)",25.116667,102.733333,NA,"Asia",NA,"2007/2008",NA,"dry/cold",NA,NA,"4","GA3",NA,NA,"25",NA,"12","GA3","2500",NA,"N",NA,"N",NA,NA,"N","per.germ","96.71","SE","2.27","3","50","35","start of treatment","1",NA,96.71,"SE","hormone x germination temperature","2500",2,"han10exp1 2"
NA,NA,NA,NA,NA,"22.5","25/20",35,"alternating",25,20,"12/12",12,12,NA,NA,"GA3","dry/cold","dry/cold","4",NA,"germ.time","light",NA,"han10exp1","Magnolia_fulva","25.116667 102.733333","25.116667 102.733333 NA","han10","exp1","JN","Magnolia","fulva","fulva","Y","N","Kunming Botanical Garden, Yunnan, China (explanted from Wenshan Nature Reserve, Xichou County)",25.116667,102.733333,NA,"Asia",NA,"2007/2008",NA,"dry/cold",NA,NA,"4","GA3",NA,NA,"25/20",NA,"12","GA3","2500",NA,"N",NA,"N",NA,NA,"N","germ.days","21.42","SE","0.27","3","50","35","start of treatment","1",NA,21.42,"SE","hormone x germination temperature","2500",3,"han10exp1 3"
NA,NA,NA,NA,NA,"22.5","25/20",35,"alternating",25,20,"12/12",12,12,NA,NA,"GA3","dry/cold","dry/cold","4",NA,"germ.time","light",NA,"han10exp1","Magnolia_fulva","25.116667 102.733333","25.116667 102.733333 NA","han10","exp1","JN","Magnolia","fulva","fulva","Y","N","Kunming Botanical Garden, Yunnan, China (explanted from Wenshan Nature Reserve, Xichou County)",25.116667,102.733333,NA,"Asia",NA,"2007/2008",NA,"dry/cold",NA,NA,"4","GA3",NA,NA,"25/20",NA,"12","GA3","200",NA,"N",NA,"N",NA,NA,"N","germ.days","30.05","SE","0","3","50","35","start of treatment","1",NA,30.05,"SE","hormone x germination temperature","200",3,"han10exp1 3"
NA,NA,NA,NA,NA,"22.5","25/20",35,"alternating",25,20,"12/12",12,12,NA,NA,"GA3","dry/cold","dry/cold","4",NA,"germ.time","light",NA,"han10exp1","Magnolia_fulva","25.116667 102.733333","25.116667 102.733333 NA","han10","exp1","JN","Magnolia","fulva","fulva","Y","N","Kunming Botanical Garden, Yunnan, China (explanted from Wenshan Nature Reserve, Xichou County)",25.116667,102.733333,NA,"Asia",NA,"2007/2008",NA,"dry/cold",NA,NA,"4","GA3",NA,NA,"25/20",NA,"12","GA3","500",NA,"N",NA,"N",NA,NA,"N","germ.days","32.74","SE","0.55","3","50","35","start of treatment","1",NA,32.74,"SE","hormone x germination temperature","500",3,"han10exp1 3"
NA,NA,NA,NA,NA,"22.5","25/20",35,"alternating",25,20,"12/12",12,12,NA,NA,"GA3","dry/cold","dry/cold","4",NA,"germ.time","light",NA,"han10exp1","Magnolia_fulva","25.116667 102.733333","25.116667 102.733333 NA","han10","exp1","JN","Magnolia","fulva","fulva","Y","N","Kunming Botanical Garden, Yunnan, China (explanted from Wenshan Nature Reserve, Xichou County)",25.116667,102.733333,NA,"Asia",NA,"2007/2008",NA,"dry/cold",NA,NA,"4","GA3",NA,NA,"25/20",NA,"12","GA3","1000",NA,"N",NA,"N",NA,NA,"N","germ.days","28.72","SE","2.47","3","50","35","start of treatment","1",NA,28.72,"SE","hormone x germination temperature","1000",3,"han10exp1 3"
NA,NA,NA,NA,NA,"22.5","25/20",35,"alternating",25,20,"12/12",12,12,NA,NA,"GA3","dry/cold","dry/cold","4",NA,"germ.time","light",NA,"han10exp1","Magnolia_fulva","25.116667 102.733333","25.116667 102.733333 NA","han10","exp1","JN","Magnolia","fulva","fulva","Y","N","Kunming Botanical Garden, Yunnan, China (explanted from Wenshan Nature Reserve, Xichou County)",25.116667,102.733333,NA,"Asia",NA,"2007/2008",NA,"dry/cold",NA,NA,"4","GA3",NA,NA,"25/20",NA,"12","GA3","2000",NA,"N",NA,"N",NA,NA,"N","germ.days","22.69","SE","0.64","3","50","35","start of treatment","1",NA,22.69,"SE","hormone x germination temperature","2000",3,"han10exp1 3"
NA,NA,NA,NA,NA,"25","25",35,"constant",25,NA,"12/12",12,12,NA,NA,"GA3","dry/cold","dry/cold","4",NA,"germ.time","light",NA,"han10exp1","Magnolia_fulva","25.116667 102.733333","25.116667 102.733333 NA","han10","exp1","JN","Magnolia","fulva","fulva","Y","N","Kunming Botanical Garden, Yunnan, China (explanted from Wenshan Nature Reserve, Xichou County)",25.116667,102.733333,NA,"Asia",NA,"2007/2008",NA,"dry/cold",NA,NA,"4","GA3",NA,NA,"25",NA,"12","GA3","200",NA,"N",NA,"N",NA,NA,"N","germ.days","33.84","SE","0.27","3","50","35","start of treatment","1",NA,33.84,"SE","hormone x germination temperature","200",4,"han10exp1 4"
NA,NA,NA,NA,NA,"25","25",35,"constant",25,NA,"12/12",12,12,NA,NA,"GA3","dry/cold","dry/cold","4",NA,"germ.time","light",NA,"han10exp1","Magnolia_fulva","25.116667 102.733333","25.116667 102.733333 NA","han10","exp1","JN","Magnolia","fulva","fulva","Y","N","Kunming Botanical Garden, Yunnan, China (explanted from Wenshan Nature Reserve, Xichou County)",25.116667,102.733333,NA,"Asia",NA,"2007/2008",NA,"dry/cold",NA,NA,"4","GA3",NA,NA,"25",NA,"12","GA3","2500",NA,"N",NA,"N",NA,NA,"N","germ.days","31.74","SE","1.01","3","50","35","start of treatment","1",NA,31.74,"SE","hormone x germination temperature","2500",4,"han10exp1 4"
NA,NA,NA,NA,NA,"25","25",35,"constant",25,NA,"12/12",12,12,NA,NA,"GA3","dry/cold","dry/cold","4",NA,"germ.time","light",NA,"han10exp1","Magnolia_fulva","25.116667 102.733333","25.116667 102.733333 NA","han10","exp1","JN","Magnolia","fulva","fulva","Y","N","Kunming Botanical Garden, Yunnan, China (explanted from Wenshan Nature Reserve, Xichou County)",25.116667,102.733333,NA,"Asia",NA,"2007/2008",NA,"dry/cold",NA,NA,"4","GA3",NA,NA,"25",NA,"12","GA3","500",NA,"N",NA,"N",NA,NA,"N","germ.days","33.74","SE","0.64","3","50","35","start of treatment","1",NA,33.74,"SE","hormone x germination temperature","500",4,"han10exp1 4"
NA,NA,NA,NA,NA,"25","25",35,"constant",25,NA,"12/12",12,12,NA,NA,"GA3","dry/cold","dry/cold","4",NA,"germ.time","light",NA,"han10exp1","Magnolia_fulva","25.116667 102.733333","25.116667 102.733333 NA","han10","exp1","JN","Magnolia","fulva","fulva","Y","N","Kunming Botanical Garden, Yunnan, China (explanted from Wenshan Nature Reserve, Xichou County)",25.116667,102.733333,NA,"Asia",NA,"2007/2008",NA,"dry/cold",NA,NA,"4","GA3",NA,NA,"25",NA,"12","GA3","1000",NA,"N",NA,"N",NA,NA,"N","germ.days","33.56","SE","1.1","3","50","35","start of treatment","1",NA,33.56,"SE","hormone x germination temperature","1000",4,"han10exp1 4"
NA,NA,NA,NA,NA,"25","25",35,"constant",25,NA,"12/12",12,12,NA,NA,"GA3","dry/cold","dry/cold","4",NA,"germ.time","light",NA,"han10exp1","Magnolia_fulva","25.116667 102.733333","25.116667 102.733333 NA","han10","exp1","JN","Magnolia","fulva","fulva","Y","N","Kunming Botanical Garden, Yunnan, China (explanted from Wenshan Nature Reserve, Xichou County)",25.116667,102.733333,NA,"Asia",NA,"2007/2008",NA,"dry/cold",NA,NA,"4","GA3",NA,NA,"25",NA,"12","GA3","2000",NA,"N",NA,"N",NA,NA,"N","germ.days","27.9","SE","0.37","3","50","35","start of treatment","1",NA,27.9,"SE","hormone x germination temperature","2000",4,"han10exp1 4"
NA,NA,NA,NA,NA,"10","10",60,"constant",10,NA,NA,NA,NA,NA,NA,"GA3",NA,NA,NA,NA,"percent.germ",NA,NA,"morozowska02exp1","Primula_veris","52.53 17.58","52.53 17.58 NA","morozowska02","exp1","JN","Primula","veris",NA,"N","N","Gniezno, Poland",52.53,17.58,NA,"Europe",NA,"1998",NA,NA,NA,NA,NA,"GA.DMSO",NA,NA,"10","DMSO.20%",NA,"GA3","0.0006235",NA,"N",NA,"N",NA,NA,"N","per.germ","72",NA,NA,"3","50","60","start of treatment","table1",NA,72,NA,"GA.DMSO","0.0006235",1,"morozowska02exp1 1"
NA,NA,NA,NA,NA,"10","10",60,"constant",10,NA,NA,NA,NA,NA,NA,"GA3",NA,NA,NA,NA,"percent.germ",NA,NA,"morozowska02exp1","Primula_veris","52.53 17.58","52.53 17.58 NA","morozowska02","exp1","JN","Primula","veris",NA,"N","N","Gniezno, Poland",52.53,17.58,NA,"Europe",NA,"1998",NA,NA,NA,NA,NA,"GA",NA,NA,"10",NA,NA,"GA3","0",NA,"N",NA,"N",NA,NA,"N","per.germ","0.6",NA,NA,"3","50","60","start of treatment","table1",NA,0.6,NA,"GA","0",1,"morozowska02exp1 1"
NA,NA,NA,NA,NA,"10","10",60,"constant",10,NA,NA,NA,NA,NA,NA,"GA3",NA,NA,NA,NA,"percent.germ",NA,NA,"morozowska02exp1","Primula_veris","52.53 17.58","52.53 17.58 NA","morozowska02","exp1","JN","Primula","veris",NA,"N","N","Gniezno, Poland",52.53,17.58,NA,"Europe",NA,"1998",NA,NA,NA,NA,NA,"GA.DMSO",NA,NA,"10","DMSO.20%",NA,"GA3","0",NA,"N",NA,"N",NA,NA,"N","per.germ","20.6",NA,NA,"3","50","60","start of treatment","table1",NA,20.6,NA,"GA.DMSO","0",1,"morozowska02exp1 1"
NA,NA,NA,NA,NA,"10","10",60,"constant",10,NA,NA,NA,NA,NA,NA,"GA3",NA,NA,NA,NA,"percent.germ",NA,NA,"morozowska02exp1","Primula_veris","52.53 17.58","52.53 17.58 NA","morozowska02","exp1","JN","Primula","veris",NA,"N","N","Gniezno, Poland",52.53,17.58,NA,"Europe",NA,"1998",NA,NA,NA,NA,NA,"GA",NA,NA,"10",NA,NA,"GA3","0.00031173",NA,"N",NA,"N",NA,NA,"N","per.germ","80.6",NA,NA,"3","50","60","start of treatment","table1",NA,80.6,NA,"GA","0.00031173",1,"morozowska02exp1 1"
NA,NA,NA,NA,NA,"10","10",60,"constant",10,NA,NA,NA,NA,NA,NA,"GA3",NA,NA,NA,NA,"percent.germ",NA,NA,"morozowska02exp1","Primula_veris","52.53 17.58","52.53 17.58 NA","morozowska02","exp1","JN","Primula","veris",NA,"N","N","Gniezno, Poland",52.53,17.58,NA,"Europe",NA,"1998",NA,NA,NA,NA,NA,"GA",NA,NA,"10",NA,NA,"GA3","0.0006235",NA,"N",NA,"N",NA,NA,"N","per.germ","87.3",NA,NA,"3","50","60","start of treatment","table1",NA,87.3,NA,"GA","0.0006235",1,"morozowska02exp1 1"
NA,NA,NA,NA,NA,"10","10",60,"constant",10,NA,NA,NA,NA,NA,NA,"GA3",NA,NA,NA,NA,"percent.germ",NA,NA,"morozowska02exp1","Primula_veris","52.53 17.58","52.53 17.58 NA","morozowska02","exp1","JN","Primula","veris",NA,"N","N","Gniezno, Poland",52.53,17.58,NA,"Europe",NA,"1998",NA,NA,NA,NA,NA,"GA.DMSO",NA,NA,"10","DMSO.20%",NA,"GA3","0.00031173",NA,"N",NA,"N",NA,NA,"N","per.germ","84",NA,NA,"3","50","60","start of treatment","table1",NA,84,NA,"GA.DMSO","0.00031173",1,"morozowska02exp1 1"
"7.5","7","2.5",NA,NA,"10","10",60,"constant",10,NA,NA,NA,NA,NA,NA,"GA3",NA,NA,NA,NA,"percent.germ",NA,NA,"morozowska02exp1","Primula_veris","52.53 17.58","52.53 17.58 NA","morozowska02","exp1","JN","Primula","veris",NA,"N","N","Gniezno, Poland",52.53,17.58,NA,"Europe",NA,"1998",NA,NA,NA,NA,NA,"GA.strat.DMSO","5-10","7","10","DMSO.20%",NA,"GA3","0.00031173",NA,"N",NA,"N",NA,NA,"N","per.germ","72",NA,NA,"3","50","60","start of treatment","table1",NA,72,NA,"GA.strat.DMSO","0.00031173",2,"morozowska02exp1 2"
"7.5","7","2.5",NA,NA,"10","10",60,"constant",10,NA,NA,NA,NA,NA,NA,"GA3",NA,NA,NA,NA,"percent.germ",NA,NA,"morozowska02exp1","Primula_veris","52.53 17.58","52.53 17.58 NA","morozowska02","exp1","JN","Primula","veris",NA,"N","N","Gniezno, Poland",52.53,17.58,NA,"Europe",NA,"1998",NA,NA,NA,NA,NA,"GA.strat.DMSO","5-10","7","10","DMSO.20%",NA,"GA3","0.0006235",NA,"N",NA,"N",NA,NA,"N","per.germ","74",NA,NA,"3","50","60","start of treatment","table1",NA,74,NA,"GA.strat.DMSO","0.0006235",2,"morozowska02exp1 2"
"7.5","7","2.5",NA,NA,"10","10",60,"constant",10,NA,NA,NA,NA,NA,NA,"GA3",NA,NA,NA,NA,"percent.germ",NA,NA,"morozowska02exp1","Primula_veris","52.53 17.58","52.53 17.58 NA","morozowska02","exp1","JN","Primula","veris",NA,"N","N","Gniezno, Poland",52.53,17.58,NA,"Europe",NA,"1998",NA,NA,NA,NA,NA,"GA.stratification","5-10","7","10",NA,NA,"GA3","0.00031173",NA,"N",NA,"N",NA,NA,"N","per.germ","92.6",NA,NA,"3","50","60","start of treatment","table1",NA,92.6,NA,"GA.stratification","0.00031173",2,"morozowska02exp1 2"
"7.5","7","2.5",NA,NA,"10","10",60,"constant",10,NA,NA,NA,NA,NA,NA,"GA3",NA,NA,NA,NA,"percent.germ",NA,NA,"morozowska02exp1","Primula_veris","52.53 17.58","52.53 17.58 NA","morozowska02","exp1","JN","Primula","veris",NA,"N","N","Gniezno, Poland",52.53,17.58,NA,"Europe",NA,"1998",NA,NA,NA,NA,NA,"GA.stratification","5-10","7","10",NA,NA,"GA3","0.0006235",NA,"N",NA,"N",NA,NA,"N","per.germ","92.6",NA,NA,"3","50","60","start of treatment","table1",NA,92.6,NA,"GA.stratification","0.0006235",2,"morozowska02exp1 2"
"7.5","7","2.5",NA,NA,"10","10",60,"constant",10,NA,NA,NA,NA,NA,NA,"GA3",NA,NA,NA,NA,"percent.germ",NA,NA,"morozowska02exp1","Primula_veris","52.53 17.58","52.53 17.58 NA","morozowska02","exp1","JN","Primula","veris",NA,"N","N","Gniezno, Poland",52.53,17.58,NA,"Europe",NA,"1998",NA,NA,NA,NA,NA,"GA.stratification","5-10","7","10",NA,NA,"GA3","0",NA,"N",NA,"N",NA,NA,"N","per.germ","0.6",NA,NA,"3","50","60","start of treatment","table1",NA,0.6,NA,"GA.stratification","0",2,"morozowska02exp1 2"
"7.5","7","2.5",NA,NA,"10","10",60,"constant",10,NA,NA,NA,NA,NA,NA,"GA3",NA,NA,NA,NA,"percent.germ",NA,NA,"morozowska02exp1","Primula_veris","52.53 17.58","52.53 17.58 NA","morozowska02","exp1","JN","Primula","veris",NA,"N","N","Gniezno, Poland",52.53,17.58,NA,"Europe",NA,"1998",NA,NA,NA,NA,NA,"GA.strat.DMSO","5-10","7","10","DMSO.20%",NA,"GA3","0",NA,"N",NA,"N",NA,NA,"N","per.germ","11.3",NA,NA,"3","50","60","start of treatment","table1",NA,11.3,NA,"GA.strat.DMSO","0",2,"morozowska02exp1 2"
NA,NA,NA,NA,NA,"10","10",60,"constant",10,NA,NA,NA,NA,NA,NA,"GA3",NA,NA,NA,NA,"percent.germ",NA,NA,"morozowska02exp1","Primula_veris","52.31 16.92","52.31 16.92 NA","morozowska02","exp1","JN","Primula","veris",NA,"N","N","Poznań, Poland",52.31,16.92,NA,"Europe",NA,"1998",NA,NA,NA,NA,NA,"GA",NA,NA,"10",NA,NA,"GA3","0",NA,"N",NA,"N",NA,NA,"N","per.germ","2",NA,NA,"3","50","60","start of treatment","table1",NA,2,NA,"GA","0",3,"morozowska02exp1 3"
NA,NA,NA,NA,NA,"10","10",60,"constant",10,NA,NA,NA,NA,NA,NA,"GA3",NA,NA,NA,NA,"percent.germ",NA,NA,"morozowska02exp1","Primula_veris","52.31 16.92","52.31 16.92 NA","morozowska02","exp1","JN","Primula","veris",NA,"N","N","Poznań, Poland",52.31,16.92,NA,"Europe",NA,"1998",NA,NA,NA,NA,NA,"GA.DMSO",NA,NA,"10","DMSO.20%",NA,"GA3","0",NA,"N",NA,"N",NA,NA,"N","per.germ","7.3",NA,NA,"3","50","60","start of treatment","table1",NA,7.3,NA,"GA.DMSO","0",3,"morozowska02exp1 3"
NA,NA,NA,NA,NA,"10","10",60,"constant",10,NA,NA,NA,NA,NA,NA,"GA3",NA,NA,NA,NA,"percent.germ",NA,NA,"morozowska02exp1","Primula_veris","52.31 16.92","52.31 16.92 NA","morozowska02","exp1","JN","Primula","veris",NA,"N","N","Poznań, Poland",52.31,16.92,NA,"Europe",NA,"1998",NA,NA,NA,NA,NA,"GA",NA,NA,"10",NA,NA,"GA3","0.00031173",NA,"N",NA,"N",NA,NA,"N","per.germ","91.3",NA,NA,"3","50","60","start of treatment","table1",NA,91.3,NA,"GA","0.00031173",3,"morozowska02exp1 3"
NA,NA,NA,NA,NA,"10","10",60,"constant",10,NA,NA,NA,NA,NA,NA,"GA3",NA,NA,NA,NA,"percent.germ",NA,NA,"morozowska02exp1","Primula_veris","52.31 16.92","52.31 16.92 NA","morozowska02","exp1","JN","Primula","veris",NA,"N","N","Poznań, Poland",52.31,16.92,NA,"Europe",NA,"1998",NA,NA,NA,NA,NA,"GA",NA,NA,"10",NA,NA,"GA3","0.0006235",NA,"N",NA,"N",NA,NA,"N","per.germ","81.3",NA,NA,"3","50","60","start of treatment","table1",NA,81.3,NA,"GA","0.0006235",3,"morozowska02exp1 3"
NA,NA,NA,NA,NA,"10","10",60,"constant",10,NA,NA,NA,NA,NA,NA,"GA3",NA,NA,NA,NA,"percent.germ",NA,NA,"morozowska02exp1","Primula_veris","52.31 16.92","52.31 16.92 NA","morozowska02","exp1","JN","Primula","veris",NA,"N","N","Poznań, Poland",52.31,16.92,NA,"Europe",NA,"1998",NA,NA,NA,NA,NA,"GA.DMSO",NA,NA,"10","DMSO.20%",NA,"GA3","0.00031173",NA,"N",NA,"N",NA,NA,"N","per.germ","74.6",NA,NA,"3","50","60","start of treatment","table1",NA,74.6,NA,"GA.DMSO","0.00031173",3,"morozowska02exp1 3"
NA,NA,NA,NA,NA,"10","10",60,"constant",10,NA,NA,NA,NA,NA,NA,"GA3",NA,NA,NA,NA,"percent.germ",NA,NA,"morozowska02exp1","Primula_veris","52.31 16.92","52.31 16.92 NA","morozowska02","exp1","JN","Primula","veris",NA,"N","N","Poznań, Poland",52.31,16.92,NA,"Europe",NA,"1998",NA,NA,NA,NA,NA,"GA.DMSO",NA,NA,"10","DMSO.20%",NA,"GA3","0.0006235",NA,"N",NA,"N",NA,NA,"N","per.germ","89.3",NA,NA,"3","50","60","start of treatment","table1",NA,89.3,NA,"GA.DMSO","0.0006235",3,"morozowska02exp1 3"
"7.5","7","2.5",NA,NA,"10","10",60,"constant",10,NA,NA,NA,NA,NA,NA,"GA3",NA,NA,NA,NA,"percent.germ",NA,NA,"morozowska02exp1","Primula_veris","52.31 16.92","52.31 16.92 NA","morozowska02","exp1","JN","Primula","veris",NA,"N","N","Poznań, Poland",52.31,16.92,NA,"Europe",NA,"1998",NA,NA,NA,NA,NA,"GA.strat.DMSO","5-10","7","10","DMSO.20%",NA,"GA3","0.00031173",NA,"N",NA,"N",NA,NA,"N","per.germ","89.3",NA,NA,"3","50","60","start of treatment","table1",NA,89.3,NA,"GA.strat.DMSO","0.00031173",4,"morozowska02exp1 4"
"7.5","7","2.5",NA,NA,"10","10",60,"constant",10,NA,NA,NA,NA,NA,NA,"GA3",NA,NA,NA,NA,"percent.germ",NA,NA,"morozowska02exp1","Primula_veris","52.31 16.92","52.31 16.92 NA","morozowska02","exp1","JN","Primula","veris",NA,"N","N","Poznań, Poland",52.31,16.92,NA,"Europe",NA,"1998",NA,NA,NA,NA,NA,"GA.strat.DMSO","5-10","7","10","DMSO.20%",NA,"GA3","0.0006235",NA,"N",NA,"N",NA,NA,"N","per.germ","95.3",NA,NA,"3","50","60","start of treatment","table1",NA,95.3,NA,"GA.strat.DMSO","0.0006235",4,"morozowska02exp1 4"
"7.5","7","2.5",NA,NA,"10","10",60,"constant",10,NA,NA,NA,NA,NA,NA,"GA3",NA,NA,NA,NA,"percent.germ",NA,NA,"morozowska02exp1","Primula_veris","52.31 16.92","52.31 16.92 NA","morozowska02","exp1","JN","Primula","veris",NA,"N","N","Poznań, Poland",52.31,16.92,NA,"Europe",NA,"1998",NA,NA,NA,NA,NA,"GA.stratification","5-10","7","10",NA,NA,"GA3","0.0006235",NA,"N",NA,"N",NA,NA,"N","per.germ","94.6",NA,NA,"3","50","60","start of treatment","table1",NA,94.6,NA,"GA.stratification","0.0006235",4,"morozowska02exp1 4"
"7.5","7","2.5",NA,NA,"10","10",60,"constant",10,NA,NA,NA,NA,NA,NA,"GA3",NA,NA,NA,NA,"percent.germ",NA,NA,"morozowska02exp1","Primula_veris","52.31 16.92","52.31 16.92 NA","morozowska02","exp1","JN","Primula","veris",NA,"N","N","Poznań, Poland",52.31,16.92,NA,"Europe",NA,"1998",NA,NA,NA,NA,NA,"GA.stratification","5-10","7","10",NA,NA,"GA3","0",NA,"N",NA,"N",NA,NA,"N","per.germ","0",NA,NA,"3","50","60","start of treatment","table1",NA,0,NA,"GA.stratification","0",4,"morozowska02exp1 4"
"7.5","7","2.5",NA,NA,"10","10",60,"constant",10,NA,NA,NA,NA,NA,NA,"GA3",NA,NA,NA,NA,"percent.germ",NA,NA,"morozowska02exp1","Primula_veris","52.31 16.92","52.31 16.92 NA","morozowska02","exp1","JN","Primula","veris",NA,"N","N","Poznań, Poland",52.31,16.92,NA,"Europe",NA,"1998",NA,NA,NA,NA,NA,"GA.strat.DMSO","5-10","7","10","DMSO.20%",NA,"GA3","0",NA,"N",NA,"N",NA,NA,"N","per.germ","3.3",NA,NA,"3","50","60","start of treatment","table1",NA,3.3,NA,"GA.strat.DMSO","0",4,"morozowska02exp1 4"
"7.5","7","2.5",NA,NA,"10","10",60,"constant",10,NA,NA,NA,NA,NA,NA,"GA3",NA,NA,NA,NA,"percent.germ",NA,NA,"morozowska02exp1","Primula_veris","52.31 16.92","52.31 16.92 NA","morozowska02","exp1","JN","Primula","veris",NA,"N","N","Poznań, Poland",52.31,16.92,NA,"Europe",NA,"1998",NA,NA,NA,NA,NA,"GA.stratification","5-10","7","10",NA,NA,"GA3","0.00031173",NA,"N",NA,"N",NA,NA,"N","per.germ","99.3",NA,NA,"3","50","60","start of treatment","table1",NA,99.3,NA,"GA.stratification","0.00031173",4,"morozowska02exp1 4"
NA,NA,NA,NA,NA,"10","10",60,"constant",10,NA,NA,NA,NA,NA,NA,"GA3",NA,NA,NA,NA,"percent.germ",NA,NA,"morozowska02exp1","Primula_veris","52.22 18.25","52.22 18.25 NA","morozowska02","exp1","JN","Primula","veris",NA,"N","N","Konin, Poland",52.22,18.25,NA,"Europe",NA,"1998",NA,NA,NA,NA,NA,"GA",NA,NA,"10",NA,NA,"GA3","0",NA,"N",NA,"N",NA,NA,"N","per.germ","0",NA,NA,"3","50","60","start of treatment","table1",NA,0,NA,"GA","0",5,"morozowska02exp1 5"
NA,NA,NA,NA,NA,"10","10",60,"constant",10,NA,NA,NA,NA,NA,NA,"GA3",NA,NA,NA,NA,"percent.germ",NA,NA,"morozowska02exp1","Primula_veris","52.22 18.25","52.22 18.25 NA","morozowska02","exp1","JN","Primula","veris",NA,"N","N","Konin, Poland",52.22,18.25,NA,"Europe",NA,"1998",NA,NA,NA,NA,NA,"GA",NA,NA,"10",NA,NA,"GA3","0.00031173",NA,"N",NA,"N",NA,NA,"N","per.germ","91.3",NA,NA,"3","50","60","start of treatment","table1",NA,91.3,NA,"GA","0.00031173",5,"morozowska02exp1 5"
NA,NA,NA,NA,NA,"10","10",60,"constant",10,NA,NA,NA,NA,NA,NA,"GA3",NA,NA,NA,NA,"percent.germ",NA,NA,"morozowska02exp1","Primula_veris","52.22 18.25","52.22 18.25 NA","morozowska02","exp1","JN","Primula","veris",NA,"N","N","Konin, Poland",52.22,18.25,NA,"Europe",NA,"1998",NA,NA,NA,NA,NA,"GA",NA,NA,"10",NA,NA,"GA3","0.0006235",NA,"N",NA,"N",NA,NA,"N","per.germ","81.3",NA,NA,"3","50","60","start of treatment","table1",NA,81.3,NA,"GA","0.0006235",5,"morozowska02exp1 5"
NA,NA,NA,NA,NA,"10","10",60,"constant",10,NA,NA,NA,NA,NA,NA,"GA3",NA,NA,NA,NA,"percent.germ",NA,NA,"morozowska02exp1","Primula_veris","52.22 18.25","52.22 18.25 NA","morozowska02","exp1","JN","Primula","veris",NA,"N","N","Konin, Poland",52.22,18.25,NA,"Europe",NA,"1998",NA,NA,NA,NA,NA,"GA.DMSO",NA,NA,"10","DMSO.20%",NA,"GA3","0.00031173",NA,"N",NA,"N",NA,NA,"N","per.germ","98",NA,NA,"3","50","60","start of treatment","table1",NA,98,NA,"GA.DMSO","0.00031173",5,"morozowska02exp1 5"
NA,NA,NA,NA,NA,"10","10",60,"constant",10,NA,NA,NA,NA,NA,NA,"GA3",NA,NA,NA,NA,"percent.germ",NA,NA,"morozowska02exp1","Primula_veris","52.22 18.25","52.22 18.25 NA","morozowska02","exp1","JN","Primula","veris",NA,"N","N","Konin, Poland",52.22,18.25,NA,"Europe",NA,"1998",NA,NA,NA,NA,NA,"GA.DMSO",NA,NA,"10","DMSO.20%",NA,"GA3","0.0006235",NA,"N",NA,"N",NA,NA,"N","per.germ","80",NA,NA,"3","50","60","start of treatment","table1",NA,80,NA,"GA.DMSO","0.0006235",5,"morozowska02exp1 5"
NA,NA,NA,NA,NA,"10","10",60,"constant",10,NA,NA,NA,NA,NA,NA,"GA3",NA,NA,NA,NA,"percent.germ",NA,NA,"morozowska02exp1","Primula_veris","52.22 18.25","52.22 18.25 NA","morozowska02","exp1","JN","Primula","veris",NA,"N","N","Konin, Poland",52.22,18.25,NA,"Europe",NA,"1998",NA,NA,NA,NA,NA,"GA.DMSO",NA,NA,"10","DMSO.20%",NA,"GA3","0",NA,"N",NA,"N",NA,NA,"N","per.germ","22",NA,NA,"3","50","60","start of treatment","table1",NA,22,NA,"GA.DMSO","0",5,"morozowska02exp1 5"
"7.5","7","2.5",NA,NA,"10","10",60,"constant",10,NA,NA,NA,NA,NA,NA,"GA3",NA,NA,NA,NA,"percent.germ",NA,NA,"morozowska02exp1","Primula_veris","52.22 18.25","52.22 18.25 NA","morozowska02","exp1","JN","Primula","veris",NA,"N","N","Konin, Poland",52.22,18.25,NA,"Europe",NA,"1998",NA,NA,NA,NA,NA,"GA.strat.DMSO","5-10","7","10","DMSO.20%",NA,"GA3","0.0006235",NA,"N",NA,"N",NA,NA,"N","per.germ","96",NA,NA,"3","50","60","start of treatment","table1",NA,96,NA,"GA.strat.DMSO","0.0006235",6,"morozowska02exp1 6"
"7.5","7","2.5",NA,NA,"10","10",60,"constant",10,NA,NA,NA,NA,NA,NA,"GA3",NA,NA,NA,NA,"percent.germ",NA,NA,"morozowska02exp1","Primula_veris","52.22 18.25","52.22 18.25 NA","morozowska02","exp1","JN","Primula","veris",NA,"N","N","Konin, Poland",52.22,18.25,NA,"Europe",NA,"1998",NA,NA,NA,NA,NA,"GA.strat.DMSO","5-10","7","10","DMSO.20%",NA,"GA3","0",NA,"N",NA,"N",NA,NA,"N","per.germ","3.3",NA,NA,"3","50","60","start of treatment","table1",NA,3.3,NA,"GA.strat.DMSO","0",6,"morozowska02exp1 6"
"7.5","7","2.5",NA,NA,"10","10",60,"constant",10,NA,NA,NA,NA,NA,NA,"GA3",NA,NA,NA,NA,"percent.germ",NA,NA,"morozowska02exp1","Primula_veris","52.22 18.25","52.22 18.25 NA","morozowska02","exp1","JN","Primula","veris",NA,"N","N","Konin, Poland",52.22,18.25,NA,"Europe",NA,"1998",NA,NA,NA,NA,NA,"GA.stratification","5-10","7","10",NA,NA,"GA3","0.0006235",NA,"N",NA,"N",NA,NA,"N","per.germ","94.6",NA,NA,"3","50","60","start of treatment","table1",NA,94.6,NA,"GA.stratification","0.0006235",6,"morozowska02exp1 6"
"7.5","7","2.5",NA,NA,"10","10",60,"constant",10,NA,NA,NA,NA,NA,NA,"GA3",NA,NA,NA,NA,"percent.germ",NA,NA,"morozowska02exp1","Primula_veris","52.22 18.25","52.22 18.25 NA","morozowska02","exp1","JN","Primula","veris",NA,"N","N","Konin, Poland",52.22,18.25,NA,"Europe",NA,"1998",NA,NA,NA,NA,NA,"GA.stratification","5-10","7","10",NA,NA,"GA3","0",NA,"N",NA,"N",NA,NA,"N","per.germ","0",NA,NA,"3","50","60","start of treatment","table1",NA,0,NA,"GA.stratification","0",6,"morozowska02exp1 6"
"7.5","7","2.5",NA,NA,"10","10",60,"constant",10,NA,NA,NA,NA,NA,NA,"GA3",NA,NA,NA,NA,"percent.germ",NA,NA,"morozowska02exp1","Primula_veris","52.22 18.25","52.22 18.25 NA","morozowska02","exp1","JN","Primula","veris",NA,"N","N","Konin, Poland",52.22,18.25,NA,"Europe",NA,"1998",NA,NA,NA,NA,NA,"GA.stratification","5-10","7","10",NA,NA,"GA3","0.00031173",NA,"N",NA,"N",NA,NA,"N","per.germ","99.3",NA,NA,"3","50","60","start of treatment","table1",NA,99.3,NA,"GA.stratification","0.00031173",6,"morozowska02exp1 6"
"7.5","7","2.5",NA,NA,"10","10",60,"constant",10,NA,NA,NA,NA,NA,NA,"GA3",NA,NA,NA,NA,"percent.germ",NA,NA,"morozowska02exp1","Primula_veris","52.22 18.25","52.22 18.25 NA","morozowska02","exp1","JN","Primula","veris",NA,"N","N","Konin, Poland",52.22,18.25,NA,"Europe",NA,"1998",NA,NA,NA,NA,NA,"GA.strat.DMSO","5-10","7","10","DMSO.20%",NA,"GA3","0.00031173",NA,"N",NA,"N",NA,NA,"N","per.germ","80",NA,NA,"3","50","60","start of treatment","table1",NA,80,NA,"GA.strat.DMSO","0.00031173",6,"morozowska02exp1 6"
NA,NA,NA,NA,NA,"10","10",60,"constant",10,NA,NA,NA,NA,NA,NA,"GA3",NA,NA,NA,NA,"percent.germ",NA,NA,"morozowska02exp1","Primula_veris","NA NA","NA NA NA","morozowska02","exp1","JN","Primula","veris",NA,"N","N","meaned population per.germ",NA,NA,NA,"Europe",NA,"1998",NA,NA,NA,NA,NA,"GA",NA,NA,"10",NA,NA,"GA3","0.00031173",NA,"N",NA,"N",NA,NA,"N","per.germ","87.7",NA,NA,"3","50","60","start of treatment","table1",NA,87.7,NA,"GA","0.00031173",7,"morozowska02exp1 7"
NA,NA,NA,NA,NA,"10","10",60,"constant",10,NA,NA,NA,NA,NA,NA,"GA3",NA,NA,NA,NA,"percent.germ",NA,NA,"morozowska02exp1","Primula_veris","NA NA","NA NA NA","morozowska02","exp1","JN","Primula","veris",NA,"N","N","meaned population per.germ",NA,NA,NA,"Europe",NA,"1998",NA,NA,NA,NA,NA,"GA",NA,NA,"10",NA,NA,"GA3","0",NA,"N",NA,"N",NA,NA,"N","per.germ","0.9",NA,NA,"3","50","60","start of treatment","table1",NA,0.9,NA,"GA","0",7,"morozowska02exp1 7"
NA,NA,NA,NA,NA,"10","10",60,"constant",10,NA,NA,NA,NA,NA,NA,"GA3",NA,NA,NA,NA,"percent.germ",NA,NA,"morozowska02exp1","Primula_veris","NA NA","NA NA NA","morozowska02","exp1","JN","Primula","veris",NA,"N","N","meaned population per.germ",NA,NA,NA,"Europe",NA,"1998",NA,NA,NA,NA,NA,"GA.DMSO",NA,NA,"10","DMSO.20%",NA,"GA3","0.0006235",NA,"N",NA,"N",NA,NA,"N","per.germ","80.4",NA,NA,"3","50","60","start of treatment","table1",NA,80.4,NA,"GA.DMSO","0.0006235",7,"morozowska02exp1 7"
NA,NA,NA,NA,NA,"10","10",60,"constant",10,NA,NA,NA,NA,NA,NA,"GA3",NA,NA,NA,NA,"percent.germ",NA,NA,"morozowska02exp1","Primula_veris","NA NA","NA NA NA","morozowska02","exp1","JN","Primula","veris",NA,"N","N","meaned population per.germ",NA,NA,NA,"Europe",NA,"1998",NA,NA,NA,NA,NA,"GA.DMSO",NA,NA,"10","DMSO.20%",NA,"GA3","0",NA,"N",NA,"N",NA,NA,"N","per.germ","16.6",NA,NA,"3","50","60","start of treatment","table1",NA,16.6,NA,"GA.DMSO","0",7,"morozowska02exp1 7"
NA,NA,NA,NA,NA,"10","10",60,"constant",10,NA,NA,NA,NA,NA,NA,"GA3",NA,NA,NA,NA,"percent.germ",NA,NA,"morozowska02exp1","Primula_veris","NA NA","NA NA NA","morozowska02","exp1","JN","Primula","veris",NA,"N","N","meaned population per.germ",NA,NA,NA,"Europe",NA,"1998",NA,NA,NA,NA,NA,"GA",NA,NA,"10",NA,NA,"GA3","0.0006235",NA,"N",NA,"N",NA,NA,"N","per.germ","83.3",NA,NA,"3","50","60","start of treatment","table1",NA,83.3,NA,"GA","0.0006235",7,"morozowska02exp1 7"
NA,NA,NA,NA,NA,"10","10",60,"constant",10,NA,NA,NA,NA,NA,NA,"GA3",NA,NA,NA,NA,"percent.germ",NA,NA,"morozowska02exp1","Primula_veris","NA NA","NA NA NA","morozowska02","exp1","JN","Primula","veris",NA,"N","N","meaned population per.germ",NA,NA,NA,"Europe",NA,"1998",NA,NA,NA,NA,NA,"GA.DMSO",NA,NA,"10","DMSO.20%",NA,"GA3","0.00031173",NA,"N",NA,"N",NA,NA,"N","per.germ","85.5",NA,NA,"3","50","60","start of treatment","table1",NA,85.5,NA,"GA.DMSO","0.00031173",7,"morozowska02exp1 7"
"7.5","7","2.5",NA,NA,"10","10",60,"constant",10,NA,NA,NA,NA,NA,NA,"GA3",NA,NA,NA,NA,"percent.germ",NA,NA,"morozowska02exp1","Primula_veris","NA NA","NA NA NA","morozowska02","exp1","JN","Primula","veris",NA,"N","N","meaned population per.germ",NA,NA,NA,"Europe",NA,"1998",NA,NA,NA,NA,NA,"GA.stratification","5-10","7","10",NA,NA,"GA3","0",NA,"N",NA,"N",NA,NA,"N","per.germ","0.2",NA,NA,"3","50","60","start of treatment","table1",NA,0.2,NA,"GA.stratification","0",8,"morozowska02exp1 8"
"7.5","7","2.5",NA,NA,"10","10",60,"constant",10,NA,NA,NA,NA,NA,NA,"GA3",NA,NA,NA,NA,"percent.germ",NA,NA,"morozowska02exp1","Primula_veris","NA NA","NA NA NA","morozowska02","exp1","JN","Primula","veris",NA,"N","N","meaned population per.germ",NA,NA,NA,"Europe",NA,"1998",NA,NA,NA,NA,NA,"GA.strat.DMSO","5-10","7","10","DMSO.20%",NA,"GA3","0",NA,"N",NA,"N",NA,NA,"N","per.germ","6",NA,NA,"3","50","60","start of treatment","table1",NA,6,NA,"GA.strat.DMSO","0",8,"morozowska02exp1 8"
"7.5","7","2.5",NA,NA,"10","10",60,"constant",10,NA,NA,NA,NA,NA,NA,"GA3",NA,NA,NA,NA,"percent.germ",NA,NA,"morozowska02exp1","Primula_veris","NA NA","NA NA NA","morozowska02","exp1","JN","Primula","veris",NA,"N","N","meaned population per.germ",NA,NA,NA,"Europe",NA,"1998",NA,NA,NA,NA,NA,"GA.stratification","5-10","7","10",NA,NA,"GA3","0.00031173",NA,"N",NA,"N",NA,NA,"N","per.germ","97.1",NA,NA,"3","50","60","start of treatment","table1",NA,97.1,NA,"GA.stratification","0.00031173",8,"morozowska02exp1 8"
"7.5","7","2.5",NA,NA,"10","10",60,"constant",10,NA,NA,NA,NA,NA,NA,"GA3",NA,NA,NA,NA,"percent.germ",NA,NA,"morozowska02exp1","Primula_veris","NA NA","NA NA NA","morozowska02","exp1","JN","Primula","veris",NA,"N","N","meaned population per.germ",NA,NA,NA,"Europe",NA,"1998",NA,NA,NA,NA,NA,"GA.stratification","5-10","7","10",NA,NA,"GA3","0.0006235",NA,"N",NA,"N",NA,NA,"N","per.germ","93.9",NA,NA,"3","50","60","start of treatment","table1",NA,93.9,NA,"GA.stratification","0.0006235",8,"morozowska02exp1 8"
"7.5","7","2.5",NA,NA,"10","10",60,"constant",10,NA,NA,NA,NA,NA,NA,"GA3",NA,NA,NA,NA,"percent.germ",NA,NA,"morozowska02exp1","Primula_veris","NA NA","NA NA NA","morozowska02","exp1","JN","Primula","veris",NA,"N","N","meaned population per.germ",NA,NA,NA,"Europe",NA,"1998",NA,NA,NA,NA,NA,"GA.strat.DMSO","5-10","7","10","DMSO.20%",NA,"GA3","0.00031173",NA,"N",NA,"N",NA,NA,"N","per.germ","80.4",NA,NA,"3","50","60","start of treatment","table1",NA,80.4,NA,"GA.strat.DMSO","0.00031173",8,"morozowska02exp1 8"
"7.5","7","2.5",NA,NA,"10","10",60,"constant",10,NA,NA,NA,NA,NA,NA,"GA3",NA,NA,NA,NA,"percent.germ",NA,NA,"morozowska02exp1","Primula_veris","NA NA","NA NA NA","morozowska02","exp1","JN","Primula","veris",NA,"N","N","meaned population per.germ",NA,NA,NA,"Europe",NA,"1998",NA,NA,NA,NA,NA,"GA.strat.DMSO","5-10","7","10","DMSO.20%",NA,"GA3","0.0006235",NA,"N",NA,"N",NA,NA,"N","per.germ","88.4",NA,NA,"3","50","60","start of treatment","table1",NA,88.4,NA,"GA.strat.DMSO","0.0006235",8,"morozowska02exp1 8"
NA,NA,NA,NA,NA,"20","20",60,"constant",20,NA,NA,NA,NA,NA,NA,"GA3",NA,NA,NA,NA,"percent.germ",NA,NA,"morozowska02exp1","Primula_veris","52.53 17.58","52.53 17.58 NA","morozowska02","exp1","JN","Primula","veris",NA,"N","N","Gniezno, Poland",52.53,17.58,NA,"Europe",NA,"1998",NA,NA,NA,NA,NA,"GA",NA,NA,"20",NA,NA,"GA3","0.00031173",NA,"N",NA,"N",NA,NA,"N","per.germ","5.6",NA,NA,"3","50","60","start of treatment","table1",NA,5.6,NA,"GA","0.00031173",9,"morozowska02exp1 9"
NA,NA,NA,NA,NA,"20","20",60,"constant",20,NA,NA,NA,NA,NA,NA,"GA3",NA,NA,NA,NA,"percent.germ",NA,NA,"morozowska02exp1","Primula_veris","52.53 17.58","52.53 17.58 NA","morozowska02","exp1","JN","Primula","veris",NA,"N","N","Gniezno, Poland",52.53,17.58,NA,"Europe",NA,"1998",NA,NA,NA,NA,NA,"GA",NA,NA,"20",NA,NA,"GA3","0",NA,"N",NA,"N",NA,NA,"N","per.germ","0",NA,NA,"3","50","60","start of treatment","table1",NA,0,NA,"GA","0",9,"morozowska02exp1 9"
NA,NA,NA,NA,NA,"20","20",60,"constant",20,NA,NA,NA,NA,NA,NA,"GA3",NA,NA,NA,NA,"percent.germ",NA,NA,"morozowska02exp1","Primula_veris","52.53 17.58","52.53 17.58 NA","morozowska02","exp1","JN","Primula","veris",NA,"N","N","Gniezno, Poland",52.53,17.58,NA,"Europe",NA,"1998",NA,NA,NA,NA,NA,"GA.DMSO",NA,NA,"20","DMSO.20%",NA,"GA3","0",NA,"N",NA,"N",NA,NA,"N","per.germ","12",NA,NA,"3","50","60","start of treatment","table1",NA,12,NA,"GA.DMSO","0",9,"morozowska02exp1 9"
NA,NA,NA,NA,NA,"20","20",60,"constant",20,NA,NA,NA,NA,NA,NA,"GA3",NA,NA,NA,NA,"percent.germ",NA,NA,"morozowska02exp1","Primula_veris","52.53 17.58","52.53 17.58 NA","morozowska02","exp1","JN","Primula","veris",NA,"N","N","Gniezno, Poland",52.53,17.58,NA,"Europe",NA,"1998",NA,NA,NA,NA,NA,"GA",NA,NA,"20",NA,NA,"GA3","0.0006235",NA,"N",NA,"N",NA,NA,"N","per.germ","61.3",NA,NA,"3","50","60","start of treatment","table1",NA,61.3,NA,"GA","0.0006235",9,"morozowska02exp1 9"
NA,NA,NA,NA,NA,"20","20",60,"constant",20,NA,NA,NA,NA,NA,NA,"GA3",NA,NA,NA,NA,"percent.germ",NA,NA,"morozowska02exp1","Primula_veris","52.53 17.58","52.53 17.58 NA","morozowska02","exp1","JN","Primula","veris",NA,"N","N","Gniezno, Poland",52.53,17.58,NA,"Europe",NA,"1998",NA,NA,NA,NA,NA,"GA.DMSO",NA,NA,"20","DMSO.20%",NA,"GA3","0.00031173",NA,"N",NA,"N",NA,NA,"N","per.germ","60",NA,NA,"3","50","60","start of treatment","table1",NA,60,NA,"GA.DMSO","0.00031173",9,"morozowska02exp1 9"
NA,NA,NA,NA,NA,"20","20",60,"constant",20,NA,NA,NA,NA,NA,NA,"GA3",NA,NA,NA,NA,"percent.germ",NA,NA,"morozowska02exp1","Primula_veris","52.53 17.58","52.53 17.58 NA","morozowska02","exp1","JN","Primula","veris",NA,"N","N","Gniezno, Poland",52.53,17.58,NA,"Europe",NA,"1998",NA,NA,NA,NA,NA,"GA.DMSO",NA,NA,"20","DMSO.20%",NA,"GA3","0.0006235",NA,"N",NA,"N",NA,NA,"N","per.germ","54",NA,NA,"3","50","60","start of treatment","table1",NA,54,NA,"GA.DMSO","0.0006235",9,"morozowska02exp1 9"
"7.5","7","2.5",NA,NA,"20","20",60,"constant",20,NA,NA,NA,NA,NA,NA,"GA3",NA,NA,NA,NA,"percent.germ",NA,NA,"morozowska02exp1","Primula_veris","52.53 17.58","52.53 17.58 NA","morozowska02","exp1","JN","Primula","veris",NA,"N","N","Gniezno, Poland",52.53,17.58,NA,"Europe",NA,"1998",NA,NA,NA,NA,NA,"GA.stratification","5-10","7","20",NA,NA,"GA3","0",NA,"N",NA,"N",NA,NA,"N","per.germ","0",NA,NA,"3","50","60","start of treatment","table1",NA,0,NA,"GA.stratification","0",10,"morozowska02exp1 10"
"7.5","7","2.5",NA,NA,"20","20",60,"constant",20,NA,NA,NA,NA,NA,NA,"GA3",NA,NA,NA,NA,"percent.germ",NA,NA,"morozowska02exp1","Primula_veris","52.53 17.58","52.53 17.58 NA","morozowska02","exp1","JN","Primula","veris",NA,"N","N","Gniezno, Poland",52.53,17.58,NA,"Europe",NA,"1998",NA,NA,NA,NA,NA,"GA.stratification","5-10","7","20",NA,NA,"GA3","0.00031173",NA,"N",NA,"N",NA,NA,"N","per.germ","79.3",NA,NA,"3","50","60","start of treatment","table1",NA,79.3,NA,"GA.stratification","0.00031173",10,"morozowska02exp1 10"
"7.5","7","2.5",NA,NA,"20","20",60,"constant",20,NA,NA,NA,NA,NA,NA,"GA3",NA,NA,NA,NA,"percent.germ",NA,NA,"morozowska02exp1","Primula_veris","52.53 17.58","52.53 17.58 NA","morozowska02","exp1","JN","Primula","veris",NA,"N","N","Gniezno, Poland",52.53,17.58,NA,"Europe",NA,"1998",NA,NA,NA,NA,NA,"GA.stratification","5-10","7","20",NA,NA,"GA3","0.0006235",NA,"N",NA,"N",NA,NA,"N","per.germ","88",NA,NA,"3","50","60","start of treatment","table1",NA,88,NA,"GA.stratification","0.0006235",10,"morozowska02exp1 10"
"7.5","7","2.5",NA,NA,"20","20",60,"constant",20,NA,NA,NA,NA,NA,NA,"GA3",NA,NA,NA,NA,"percent.germ",NA,NA,"morozowska02exp1","Primula_veris","52.53 17.58","52.53 17.58 NA","morozowska02","exp1","JN","Primula","veris",NA,"N","N","Gniezno, Poland",52.53,17.58,NA,"Europe",NA,"1998",NA,NA,NA,NA,NA,"GA.strat.DMSO","5-10","7","20","DMSO.20%",NA,"GA3","0.00031173",NA,"N",NA,"N",NA,NA,"N","per.germ","64.6",NA,NA,"3","50","60","start of treatment","table1",NA,64.6,NA,"GA.strat.DMSO","0.00031173",10,"morozowska02exp1 10"
"7.5","7","2.5",NA,NA,"20","20",60,"constant",20,NA,NA,NA,NA,NA,NA,"GA3",NA,NA,NA,NA,"percent.germ",NA,NA,"morozowska02exp1","Primula_veris","52.53 17.58","52.53 17.58 NA","morozowska02","exp1","JN","Primula","veris",NA,"N","N","Gniezno, Poland",52.53,17.58,NA,"Europe",NA,"1998",NA,NA,NA,NA,NA,"GA.strat.DMSO","5-10","7","20","DMSO.20%",NA,"GA3","0.0006235",NA,"N",NA,"N",NA,NA,"N","per.germ","48",NA,NA,"3","50","60","start of treatment","table1",NA,48,NA,"GA.strat.DMSO","0.0006235",10,"morozowska02exp1 10"
"7.5","7","2.5",NA,NA,"20","20",60,"constant",20,NA,NA,NA,NA,NA,NA,"GA3",NA,NA,NA,NA,"percent.germ",NA,NA,"morozowska02exp1","Primula_veris","52.53 17.58","52.53 17.58 NA","morozowska02","exp1","JN","Primula","veris",NA,"N","N","Gniezno, Poland",52.53,17.58,NA,"Europe",NA,"1998",NA,NA,NA,NA,NA,"GA.strat.DMSO","5-10","7","20","DMSO.20%",NA,"GA3","0",NA,"N",NA,"N",NA,NA,"N","per.germ","1",NA,NA,"3","50","60","start of treatment","table1",NA,1,NA,"GA.strat.DMSO","0",10,"morozowska02exp1 10"
NA,NA,NA,NA,NA,"20","20",60,"constant",20,NA,NA,NA,NA,NA,NA,"GA3",NA,NA,NA,NA,"percent.germ",NA,NA,"morozowska02exp1","Primula_veris","52.31 16.92","52.31 16.92 NA","morozowska02","exp1","JN","Primula","veris",NA,"N","N","Poznań, Poland",52.31,16.92,NA,"Europe",NA,"1998",NA,NA,NA,NA,NA,"GA",NA,NA,"20",NA,NA,"GA3","0",NA,"N",NA,"N",NA,NA,"N","per.germ","0",NA,NA,"3","50","60","start of treatment","table1",NA,0,NA,"GA","0",11,"morozowska02exp1 11"
NA,NA,NA,NA,NA,"20","20",60,"constant",20,NA,NA,NA,NA,NA,NA,"GA3",NA,NA,NA,NA,"percent.germ",NA,NA,"morozowska02exp1","Primula_veris","52.31 16.92","52.31 16.92 NA","morozowska02","exp1","JN","Primula","veris",NA,"N","N","Poznań, Poland",52.31,16.92,NA,"Europe",NA,"1998",NA,NA,NA,NA,NA,"GA",NA,NA,"20",NA,NA,"GA3","0.00031173",NA,"N",NA,"N",NA,NA,"N","per.germ","61.3",NA,NA,"3","50","60","start of treatment","table1",NA,61.3,NA,"GA","0.00031173",11,"morozowska02exp1 11"
NA,NA,NA,NA,NA,"20","20",60,"constant",20,NA,NA,NA,NA,NA,NA,"GA3",NA,NA,NA,NA,"percent.germ",NA,NA,"morozowska02exp1","Primula_veris","52.31 16.92","52.31 16.92 NA","morozowska02","exp1","JN","Primula","veris",NA,"N","N","Poznań, Poland",52.31,16.92,NA,"Europe",NA,"1998",NA,NA,NA,NA,NA,"GA",NA,NA,"20",NA,NA,"GA3","0.0006235",NA,"N",NA,"N",NA,NA,"N","per.germ","81.3",NA,NA,"3","50","60","start of treatment","table1",NA,81.3,NA,"GA","0.0006235",11,"morozowska02exp1 11"
NA,NA,NA,NA,NA,"20","20",60,"constant",20,NA,NA,NA,NA,NA,NA,"GA3",NA,NA,NA,NA,"percent.germ",NA,NA,"morozowska02exp1","Primula_veris","52.31 16.92","52.31 16.92 NA","morozowska02","exp1","JN","Primula","veris",NA,"N","N","Poznań, Poland",52.31,16.92,NA,"Europe",NA,"1998",NA,NA,NA,NA,NA,"GA.DMSO",NA,NA,"20","DMSO.20%",NA,"GA3","0.00031173",NA,"N",NA,"N",NA,NA,"N","per.germ","34.6",NA,NA,"3","50","60","start of treatment","table1",NA,34.6,NA,"GA.DMSO","0.00031173",11,"morozowska02exp1 11"
NA,NA,NA,NA,NA,"20","20",60,"constant",20,NA,NA,NA,NA,NA,NA,"GA3",NA,NA,NA,NA,"percent.germ",NA,NA,"morozowska02exp1","Primula_veris","52.31 16.92","52.31 16.92 NA","morozowska02","exp1","JN","Primula","veris",NA,"N","N","Poznań, Poland",52.31,16.92,NA,"Europe",NA,"1998",NA,NA,NA,NA,NA,"GA.DMSO",NA,NA,"20","DMSO.20%",NA,"GA3","0.0006235",NA,"N",NA,"N",NA,NA,"N","per.germ","36.6",NA,NA,"3","50","60","start of treatment","table1",NA,36.6,NA,"GA.DMSO","0.0006235",11,"morozowska02exp1 11"
NA,NA,NA,NA,NA,"20","20",60,"constant",20,NA,NA,NA,NA,NA,NA,"GA3",NA,NA,NA,NA,"percent.germ",NA,NA,"morozowska02exp1","Primula_veris","52.31 16.92","52.31 16.92 NA","morozowska02","exp1","JN","Primula","veris",NA,"N","N","Poznań, Poland",52.31,16.92,NA,"Europe",NA,"1998",NA,NA,NA,NA,NA,"GA.DMSO",NA,NA,"20","DMSO.20%",NA,"GA3","0",NA,"N",NA,"N",NA,NA,"N","per.germ","31",NA,NA,"3","50","60","start of treatment","table1",NA,31,NA,"GA.DMSO","0",11,"morozowska02exp1 11"
"7.5","7","2.5",NA,NA,"20","20",60,"constant",20,NA,NA,NA,NA,NA,NA,"GA3",NA,NA,NA,NA,"percent.germ",NA,NA,"morozowska02exp1","Primula_veris","52.31 16.92","52.31 16.92 NA","morozowska02","exp1","JN","Primula","veris",NA,"N","N","Poznań, Poland",52.31,16.92,NA,"Europe",NA,"1998",NA,NA,NA,NA,NA,"GA.stratification","5-10","7","20",NA,NA,"GA3","0",NA,"N",NA,"N",NA,NA,"N","per.germ","0",NA,NA,"3","50","60","start of treatment","table1",NA,0,NA,"GA.stratification","0",12,"morozowska02exp1 12"
"7.5","7","2.5",NA,NA,"20","20",60,"constant",20,NA,NA,NA,NA,NA,NA,"GA3",NA,NA,NA,NA,"percent.germ",NA,NA,"morozowska02exp1","Primula_veris","52.31 16.92","52.31 16.92 NA","morozowska02","exp1","JN","Primula","veris",NA,"N","N","Poznań, Poland",52.31,16.92,NA,"Europe",NA,"1998",NA,NA,NA,NA,NA,"GA.stratification","5-10","7","20",NA,NA,"GA3","0.00031173",NA,"N",NA,"N",NA,NA,"N","per.germ","63.3",NA,NA,"3","50","60","start of treatment","table1",NA,63.3,NA,"GA.stratification","0.00031173",12,"morozowska02exp1 12"
"7.5","7","2.5",NA,NA,"20","20",60,"constant",20,NA,NA,NA,NA,NA,NA,"GA3",NA,NA,NA,NA,"percent.germ",NA,NA,"morozowska02exp1","Primula_veris","52.31 16.92","52.31 16.92 NA","morozowska02","exp1","JN","Primula","veris",NA,"N","N","Poznań, Poland",52.31,16.92,NA,"Europe",NA,"1998",NA,NA,NA,NA,NA,"GA.strat.DMSO","5-10","7","20","DMSO.20%",NA,"GA3","0.00031173",NA,"N",NA,"N",NA,NA,"N","per.germ","69.3",NA,NA,"3","50","60","start of treatment","table1",NA,69.3,NA,"GA.strat.DMSO","0.00031173",12,"morozowska02exp1 12"
"7.5","7","2.5",NA,NA,"20","20",60,"constant",20,NA,NA,NA,NA,NA,NA,"GA3",NA,NA,NA,NA,"percent.germ",NA,NA,"morozowska02exp1","Primula_veris","52.31 16.92","52.31 16.92 NA","morozowska02","exp1","JN","Primula","veris",NA,"N","N","Poznań, Poland",52.31,16.92,NA,"Europe",NA,"1998",NA,NA,NA,NA,NA,"GA.strat.DMSO","5-10","7","20","DMSO.20%",NA,"GA3","0.0006235",NA,"N",NA,"N",NA,NA,"N","per.germ","71.3",NA,NA,"3","50","60","start of treatment","table1",NA,71.3,NA,"GA.strat.DMSO","0.0006235",12,"morozowska02exp1 12"
"7.5","7","2.5",NA,NA,"20","20",60,"constant",20,NA,NA,NA,NA,NA,NA,"GA3",NA,NA,NA,NA,"percent.germ",NA,NA,"morozowska02exp1","Primula_veris","52.31 16.92","52.31 16.92 NA","morozowska02","exp1","JN","Primula","veris",NA,"N","N","Poznań, Poland",52.31,16.92,NA,"Europe",NA,"1998",NA,NA,NA,NA,NA,"GA.strat.DMSO","5-10","7","20","DMSO.20%",NA,"GA3","0",NA,"N",NA,"N",NA,NA,"N","per.germ","0.7",NA,NA,"3","50","60","start of treatment","table1",NA,0.7,NA,"GA.strat.DMSO","0",12,"morozowska02exp1 12"
"7.5","7","2.5",NA,NA,"20","20",60,"constant",20,NA,NA,NA,NA,NA,NA,"GA3",NA,NA,NA,NA,"percent.germ",NA,NA,"morozowska02exp1","Primula_veris","52.31 16.92","52.31 16.92 NA","morozowska02","exp1","JN","Primula","veris",NA,"N","N","Poznań, Poland",52.31,16.92,NA,"Europe",NA,"1998",NA,NA,NA,NA,NA,"GA.stratification","5-10","7","20",NA,NA,"GA3","0.0006235",NA,"N",NA,"N",NA,NA,"N","per.germ","90.6",NA,NA,"3","50","60","start of treatment","table1",NA,90.6,NA,"GA.stratification","0.0006235",12,"morozowska02exp1 12"
NA,NA,NA,NA,NA,"20","20",60,"constant",20,NA,NA,NA,NA,NA,NA,"GA3",NA,NA,NA,NA,"percent.germ",NA,NA,"morozowska02exp1","Primula_veris","52.22 18.25","52.22 18.25 NA","morozowska02","exp1","JN","Primula","veris",NA,"N","N","Konin, Poland",52.22,18.25,NA,"Europe",NA,"1998",NA,NA,NA,NA,NA,"GA",NA,NA,"20",NA,NA,"GA3","0",NA,"N",NA,"N",NA,NA,"N","per.germ","0",NA,NA,"3","50","60","start of treatment","table1",NA,0,NA,"GA","0",13,"morozowska02exp1 13"
NA,NA,NA,NA,NA,"20","20",60,"constant",20,NA,NA,NA,NA,NA,NA,"GA3",NA,NA,NA,NA,"percent.germ",NA,NA,"morozowska02exp1","Primula_veris","52.22 18.25","52.22 18.25 NA","morozowska02","exp1","JN","Primula","veris",NA,"N","N","Konin, Poland",52.22,18.25,NA,"Europe",NA,"1998",NA,NA,NA,NA,NA,"GA.DMSO",NA,NA,"20","DMSO.20%",NA,"GA3","0.00031173",NA,"N",NA,"N",NA,NA,"N","per.germ","66.6",NA,NA,"3","50","60","start of treatment","table1",NA,66.6,NA,"GA.DMSO","0.00031173",13,"morozowska02exp1 13"
NA,NA,NA,NA,NA,"20","20",60,"constant",20,NA,NA,NA,NA,NA,NA,"GA3",NA,NA,NA,NA,"percent.germ",NA,NA,"morozowska02exp1","Primula_veris","52.22 18.25","52.22 18.25 NA","morozowska02","exp1","JN","Primula","veris",NA,"N","N","Konin, Poland",52.22,18.25,NA,"Europe",NA,"1998",NA,NA,NA,NA,NA,"GA.DMSO",NA,NA,"20","DMSO.20%",NA,"GA3","0.0006235",NA,"N",NA,"N",NA,NA,"N","per.germ","48",NA,NA,"3","50","60","start of treatment","table1",NA,48,NA,"GA.DMSO","0.0006235",13,"morozowska02exp1 13"
NA,NA,NA,NA,NA,"20","20",60,"constant",20,NA,NA,NA,NA,NA,NA,"GA3",NA,NA,NA,NA,"percent.germ",NA,NA,"morozowska02exp1","Primula_veris","52.22 18.25","52.22 18.25 NA","morozowska02","exp1","JN","Primula","veris",NA,"N","N","Konin, Poland",52.22,18.25,NA,"Europe",NA,"1998",NA,NA,NA,NA,NA,"GA.DMSO",NA,NA,"20","DMSO.20%",NA,"GA3","0",NA,"N",NA,"N",NA,NA,"N","per.germ","32",NA,NA,"3","50","60","start of treatment","table1",NA,32,NA,"GA.DMSO","0",13,"morozowska02exp1 13"
NA,NA,NA,NA,NA,"20","20",60,"constant",20,NA,NA,NA,NA,NA,NA,"GA3",NA,NA,NA,NA,"percent.germ",NA,NA,"morozowska02exp1","Primula_veris","52.22 18.25","52.22 18.25 NA","morozowska02","exp1","JN","Primula","veris",NA,"N","N","Konin, Poland",52.22,18.25,NA,"Europe",NA,"1998",NA,NA,NA,NA,NA,"GA",NA,NA,"20",NA,NA,"GA3","0.0006235",NA,"N",NA,"N",NA,NA,"N","per.germ","66.6",NA,NA,"3","50","60","start of treatment","table1",NA,66.6,NA,"GA","0.0006235",13,"morozowska02exp1 13"
NA,NA,NA,NA,NA,"20","20",60,"constant",20,NA,NA,NA,NA,NA,NA,"GA3",NA,NA,NA,NA,"percent.germ",NA,NA,"morozowska02exp1","Primula_veris","52.22 18.25","52.22 18.25 NA","morozowska02","exp1","JN","Primula","veris",NA,"N","N","Konin, Poland",52.22,18.25,NA,"Europe",NA,"1998",NA,NA,NA,NA,NA,"GA",NA,NA,"20",NA,NA,"GA3","0.00031173",NA,"N",NA,"N",NA,NA,"N","per.germ","72.6",NA,NA,"3","50","60","start of treatment","table1",NA,72.6,NA,"GA","0.00031173",13,"morozowska02exp1 13"
"7.5","7","2.5",NA,NA,"20","20",60,"constant",20,NA,NA,NA,NA,NA,NA,"GA3",NA,NA,NA,NA,"percent.germ",NA,NA,"morozowska02exp1","Primula_veris","52.22 18.25","52.22 18.25 NA","morozowska02","exp1","JN","Primula","veris",NA,"N","N","Konin, Poland",52.22,18.25,NA,"Europe",NA,"1998",NA,NA,NA,NA,NA,"GA.stratification","5-10","7","20",NA,NA,"GA3","0",NA,"N",NA,"N",NA,NA,"N","per.germ","0",NA,NA,"3","50","60","start of treatment","table1",NA,0,NA,"GA.stratification","0",14,"morozowska02exp1 14"
"7.5","7","2.5",NA,NA,"20","20",60,"constant",20,NA,NA,NA,NA,NA,NA,"GA3",NA,NA,NA,NA,"percent.germ",NA,NA,"morozowska02exp1","Primula_veris","52.22 18.25","52.22 18.25 NA","morozowska02","exp1","JN","Primula","veris",NA,"N","N","Konin, Poland",52.22,18.25,NA,"Europe",NA,"1998",NA,NA,NA,NA,NA,"GA.stratification","5-10","7","20",NA,NA,"GA3","0.00031173",NA,"N",NA,"N",NA,NA,"N","per.germ","77",NA,NA,"3","50","60","start of treatment","table1",NA,77,NA,"GA.stratification","0.00031173",14,"morozowska02exp1 14"
"7.5","7","2.5",NA,NA,"20","20",60,"constant",20,NA,NA,NA,NA,NA,NA,"GA3",NA,NA,NA,NA,"percent.germ",NA,NA,"morozowska02exp1","Primula_veris","52.22 18.25","52.22 18.25 NA","morozowska02","exp1","JN","Primula","veris",NA,"N","N","Konin, Poland",52.22,18.25,NA,"Europe",NA,"1998",NA,NA,NA,NA,NA,"GA.stratification","5-10","7","20",NA,NA,"GA3","0.0006235",NA,"N",NA,"N",NA,NA,"N","per.germ","92",NA,NA,"3","50","60","start of treatment","table1",NA,92,NA,"GA.stratification","0.0006235",14,"morozowska02exp1 14"
"7.5","7","2.5",NA,NA,"20","20",60,"constant",20,NA,NA,NA,NA,NA,NA,"GA3",NA,NA,NA,NA,"percent.germ",NA,NA,"morozowska02exp1","Primula_veris","52.22 18.25","52.22 18.25 NA","morozowska02","exp1","JN","Primula","veris",NA,"N","N","Konin, Poland",52.22,18.25,NA,"Europe",NA,"1998",NA,NA,NA,NA,NA,"GA.strat.DMSO","5-10","7","20","DMSO.20%",NA,"GA3","0.00031173",NA,"N",NA,"N",NA,NA,"N","per.germ","78.6",NA,NA,"3","50","60","start of treatment","table1",NA,78.6,NA,"GA.strat.DMSO","0.00031173",14,"morozowska02exp1 14"
"7.5","7","2.5",NA,NA,"20","20",60,"constant",20,NA,NA,NA,NA,NA,NA,"GA3",NA,NA,NA,NA,"percent.germ",NA,NA,"morozowska02exp1","Primula_veris","52.22 18.25","52.22 18.25 NA","morozowska02","exp1","JN","Primula","veris",NA,"N","N","Konin, Poland",52.22,18.25,NA,"Europe",NA,"1998",NA,NA,NA,NA,NA,"GA.strat.DMSO","5-10","7","20","DMSO.20%",NA,"GA3","0.0006235",NA,"N",NA,"N",NA,NA,"N","per.germ","76.6",NA,NA,"3","50","60","start of treatment","table1",NA,76.6,NA,"GA.strat.DMSO","0.0006235",14,"morozowska02exp1 14"
"7.5","7","2.5",NA,NA,"20","20",60,"constant",20,NA,NA,NA,NA,NA,NA,"GA3",NA,NA,NA,NA,"percent.germ",NA,NA,"morozowska02exp1","Primula_veris","52.22 18.25","52.22 18.25 NA","morozowska02","exp1","JN","Primula","veris",NA,"N","N","Konin, Poland",52.22,18.25,NA,"Europe",NA,"1998",NA,NA,NA,NA,NA,"GA.strat.DMSO","5-10","7","20","DMSO.20%",NA,"GA3","0",NA,"N",NA,"N",NA,NA,"N","per.germ","0",NA,NA,"3","50","60","start of treatment","table1",NA,0,NA,"GA.strat.DMSO","0",14,"morozowska02exp1 14"
NA,NA,NA,NA,NA,"20","20",60,"constant",20,NA,NA,NA,NA,NA,NA,"GA3",NA,NA,NA,NA,"percent.germ",NA,NA,"morozowska02exp1","Primula_veris","NA NA","NA NA NA","morozowska02","exp1","JN","Primula","veris",NA,"N","N","meaned population per.germ",NA,NA,NA,"Europe",NA,"1998",NA,NA,NA,NA,NA,"GA.DMSO",NA,NA,"20","DMSO.20%",NA,"GA3","0.00031173",NA,"N",NA,"N",NA,NA,"N","per.germ","53.6",NA,NA,"3","50","60","start of treatment","table1",NA,53.6,NA,"GA.DMSO","0.00031173",15,"morozowska02exp1 15"
NA,NA,NA,NA,NA,"20","20",60,"constant",20,NA,NA,NA,NA,NA,NA,"GA3",NA,NA,NA,NA,"percent.germ",NA,NA,"morozowska02exp1","Primula_veris","NA NA","NA NA NA","morozowska02","exp1","JN","Primula","veris",NA,"N","N","meaned population per.germ",NA,NA,NA,"Europe",NA,"1998",NA,NA,NA,NA,NA,"GA.DMSO",NA,NA,"20","DMSO.20%",NA,"GA3","0.0006235",NA,"N",NA,"N",NA,NA,"N","per.germ","46.2",NA,NA,"3","50","60","start of treatment","table1",NA,46.2,NA,"GA.DMSO","0.0006235",15,"morozowska02exp1 15"
NA,NA,NA,NA,NA,"20","20",60,"constant",20,NA,NA,NA,NA,NA,NA,"GA3",NA,NA,NA,NA,"percent.germ",NA,NA,"morozowska02exp1","Primula_veris","NA NA","NA NA NA","morozowska02","exp1","JN","Primula","veris",NA,"N","N","meaned population per.germ",NA,NA,NA,"Europe",NA,"1998",NA,NA,NA,NA,NA,"GA",NA,NA,"20",NA,NA,"GA3","0.00031173",NA,"N",NA,"N",NA,NA,"N","per.germ","64.2",NA,NA,"3","50","60","start of treatment","table1",NA,64.2,NA,"GA","0.00031173",15,"morozowska02exp1 15"
NA,NA,NA,NA,NA,"20","20",60,"constant",20,NA,NA,NA,NA,NA,NA,"GA3",NA,NA,NA,NA,"percent.germ",NA,NA,"morozowska02exp1","Primula_veris","NA NA","NA NA NA","morozowska02","exp1","JN","Primula","veris",NA,"N","N","meaned population per.germ",NA,NA,NA,"Europe",NA,"1998",NA,NA,NA,NA,NA,"GA",NA,NA,"20",NA,NA,"GA3","0.0006235",NA,"N",NA,"N",NA,NA,"N","per.germ","69.7",NA,NA,"3","50","60","start of treatment","table1",NA,69.7,NA,"GA","0.0006235",15,"morozowska02exp1 15"
NA,NA,NA,NA,NA,"20","20",60,"constant",20,NA,NA,NA,NA,NA,NA,"GA3",NA,NA,NA,NA,"percent.germ",NA,NA,"morozowska02exp1","Primula_veris","NA NA","NA NA NA","morozowska02","exp1","JN","Primula","veris",NA,"N","N","meaned population per.germ",NA,NA,NA,"Europe",NA,"1998",NA,NA,NA,NA,NA,"GA",NA,NA,"20",NA,NA,"GA3","0",NA,"N",NA,"N",NA,NA,"N","per.germ","0",NA,NA,"3","50","60","start of treatment","table1",NA,0,NA,"GA","0",15,"morozowska02exp1 15"
NA,NA,NA,NA,NA,"20","20",60,"constant",20,NA,NA,NA,NA,NA,NA,"GA3",NA,NA,NA,NA,"percent.germ",NA,NA,"morozowska02exp1","Primula_veris","NA NA","NA NA NA","morozowska02","exp1","JN","Primula","veris",NA,"N","N","meaned population per.germ",NA,NA,NA,"Europe",NA,"1998",NA,NA,NA,NA,NA,"GA.DMSO",NA,NA,"20","DMSO.20%",NA,"GA3","0",NA,"N",NA,"N",NA,NA,"N","per.germ","25",NA,NA,"3","50","60","start of treatment","table1",NA,25,NA,"GA.DMSO","0",15,"morozowska02exp1 15"
"7.5","7","2.5",NA,NA,"20","20",60,"constant",20,NA,NA,NA,NA,NA,NA,"GA3",NA,NA,NA,NA,"percent.germ",NA,NA,"morozowska02exp1","Primula_veris","NA NA","NA NA NA","morozowska02","exp1","JN","Primula","veris",NA,"N","N","meaned population per.germ",NA,NA,NA,"Europe",NA,"1998",NA,NA,NA,NA,NA,"GA.stratification","5-10","7","20",NA,NA,"GA3","0",NA,"N",NA,"N",NA,NA,"N","per.germ","0",NA,NA,"3","50","60","start of treatment","table1",NA,0,NA,"GA.stratification","0",16,"morozowska02exp1 16"
"7.5","7","2.5",NA,NA,"20","20",60,"constant",20,NA,NA,NA,NA,NA,NA,"GA3",NA,NA,NA,NA,"percent.germ",NA,NA,"morozowska02exp1","Primula_veris","NA NA","NA NA NA","morozowska02","exp1","JN","Primula","veris",NA,"N","N","meaned population per.germ",NA,NA,NA,"Europe",NA,"1998",NA,NA,NA,NA,NA,"GA.stratification","5-10","7","20",NA,NA,"GA3","0.0006235",NA,"N",NA,"N",NA,NA,"N","per.germ","90.2",NA,NA,"3","50","60","start of treatment","table1",NA,90.2,NA,"GA.stratification","0.0006235",16,"morozowska02exp1 16"
"7.5","7","2.5",NA,NA,"20","20",60,"constant",20,NA,NA,NA,NA,NA,NA,"GA3",NA,NA,NA,NA,"percent.germ",NA,NA,"morozowska02exp1","Primula_veris","NA NA","NA NA NA","morozowska02","exp1","JN","Primula","veris",NA,"N","N","meaned population per.germ",NA,NA,NA,"Europe",NA,"1998",NA,NA,NA,NA,NA,"GA.strat.DMSO","5-10","7","20","DMSO.20%",NA,"GA3","0.00031173",NA,"N",NA,"N",NA,NA,"N","per.germ","70.8",NA,NA,"3","50","60","start of treatment","table1",NA,70.8,NA,"GA.strat.DMSO","0.00031173",16,"morozowska02exp1 16"
"7.5","7","2.5",NA,NA,"20","20",60,"constant",20,NA,NA,NA,NA,NA,NA,"GA3",NA,NA,NA,NA,"percent.germ",NA,NA,"morozowska02exp1","Primula_veris","NA NA","NA NA NA","morozowska02","exp1","JN","Primula","veris",NA,"N","N","meaned population per.germ",NA,NA,NA,"Europe",NA,"1998",NA,NA,NA,NA,NA,"GA.strat.DMSO","5-10","7","20","DMSO.20%",NA,"GA3","0.0006235",NA,"N",NA,"N",NA,NA,"N","per.germ","65.3",NA,NA,"3","50","60","start of treatment","table1",NA,65.3,NA,"GA.strat.DMSO","0.0006235",16,"morozowska02exp1 16"
"7.5","7","2.5",NA,NA,"20","20",60,"constant",20,NA,NA,NA,NA,NA,NA,"GA3",NA,NA,NA,NA,"percent.germ",NA,NA,"morozowska02exp1","Primula_veris","NA NA","NA NA NA","morozowska02","exp1","JN","Primula","veris",NA,"N","N","meaned population per.germ",NA,NA,NA,"Europe",NA,"1998",NA,NA,NA,NA,NA,"GA.strat.DMSO","5-10","7","20","DMSO.20%",NA,"GA3","0",NA,"N",NA,"N",NA,NA,"N","per.germ","0.6",NA,NA,"3","50","60","start of treatment","table1",NA,0.6,NA,"GA.strat.DMSO","0",16,"morozowska02exp1 16"
"7.5","7","2.5",NA,NA,"20","20",60,"constant",20,NA,NA,NA,NA,NA,NA,"GA3",NA,NA,NA,NA,"percent.germ",NA,NA,"morozowska02exp1","Primula_veris","NA NA","NA NA NA","morozowska02","exp1","JN","Primula","veris",NA,"N","N","meaned population per.germ",NA,NA,NA,"Europe",NA,"1998",NA,NA,NA,NA,NA,"GA.stratification","5-10","7","20",NA,NA,"GA3","0.00031173",NA,"N",NA,"N",NA,NA,"N","per.germ","73.2",NA,NA,"3","50","60","start of treatment","table1",NA,73.2,NA,"GA.stratification","0.00031173",16,"morozowska02exp1 16"
"4","28","0.5",NA,"0",NA,NA,21,"constant",NA,NA,NA,NA,NA,"mechanical","mechanical","GA3",NA,NA,NA,NA,"percent.germ",NA,NA,"javanmard14exp1","Prunus_avium","NA NA","NA NA NA","javanmard14","exp1","SC","Prunus","avium",NA,"Y","N",NA,NA,NA,NA,NA,"1920","2011","2011",NA,NA,NA,NA,NA,"4+/-0.5","28","13+/-0.5",NA,NA,"GA3","1000","0.5","Y","mechanical","Y","1% NaOCL","20",NA,"per.germ","17.312"," +/-SE","4.188","4","20","21","following cold strat","Figure 3",NA,17.312,"SE","washing x hormone x cold stratification","1000",1,"javanmard14exp1 1"
"4","28","0.5",NA,"0",NA,NA,21,"constant",NA,NA,NA,NA,NA,"mechanical","mechanical","GA3",NA,NA,NA,NA,"percent.germ",NA,NA,"javanmard14exp1","Prunus_avium","NA NA","NA NA NA","javanmard14","exp1","SC","Prunus","avium",NA,"Y","N",NA,NA,NA,NA,NA,"1920","2011","2011",NA,NA,NA,NA,NA,"4+/-0.5","28","13+/-0.5",NA,NA,"GA3","500","0.5","Y","mechanical","Y","1% NaOCL","20",NA,"per.germ","15.312"," +/-SE","4.688","4","20","21","following cold strat","Figure 3",NA,15.312,"SE","washing x hormone x cold stratification","500",1,"javanmard14exp1 1"
"4","28","0.5",NA,"0",NA,NA,21,"constant",NA,NA,NA,NA,NA,"mechanical","mechanical","GA3",NA,NA,NA,NA,"percent.germ",NA,NA,"javanmard14exp1","Prunus_avium","NA NA","NA NA NA","javanmard14","exp1","SC","Prunus","avium",NA,"Y","N",NA,NA,NA,NA,NA,"1920","2011","2011",NA,NA,NA,NA,NA,"4+/-0.5","28","13+/-0.5",NA,NA,"GA3","250","0.5","Y","mechanical","Y","1% NaOCL","20",NA,"per.germ","3"," +/-SE","2.938","4","20","21","following cold strat","Figure 3",NA,3,"SE","washing x hormone x cold stratification","250",1,"javanmard14exp1 1"
"4","28","0.5",NA,"0",NA,NA,21,"constant",NA,NA,NA,NA,NA,"mechanical","mechanical","GA3",NA,NA,NA,NA,"percent.germ",NA,NA,"javanmard14exp1","Prunus_avium","NA NA","NA NA NA","javanmard14","exp1","SC","Prunus","avium",NA,"Y","N",NA,NA,NA,NA,NA,"1920","2011","2011",NA,NA,NA,NA,NA,"4+/-0.5","28","13+/-0.5",NA,NA,"GA3","0","0.5","Y","mechanical","Y","1% NaOCL","20",NA,"per.germ","0.25"," +/-SE","0","4","20","21","following cold strat","Figure 3",NA,0.25,"SE","washing x hormone x cold stratification","0",1,"javanmard14exp1 1"
"4","42","0.5",NA,"0",NA,NA,21,"constant",NA,NA,NA,NA,NA,"mechanical","mechanical","GA3",NA,NA,NA,NA,"percent.germ",NA,NA,"javanmard14exp1","Prunus_avium","NA NA","NA NA NA","javanmard14","exp1","SC","Prunus","avium",NA,"Y","N",NA,NA,NA,NA,NA,"1920","2011","2011",NA,NA,NA,NA,NA,"4+/-0.5","42","13+/-0.5",NA,NA,"GA3","1000","0.5","Y","mechanical","Y","1% NaOCL","20",NA,"per.germ","41.562"," +/-SE","indistinguishable","4","20","21","following cold strat","Figure 3",NA,41.562,"SE","washing x hormone x cold stratification","1000",2,"javanmard14exp1 2"
"4","42","0.5",NA,"0",NA,NA,21,"constant",NA,NA,NA,NA,NA,"mechanical","mechanical","GA3",NA,NA,NA,NA,"percent.germ",NA,NA,"javanmard14exp1","Prunus_avium","NA NA","NA NA NA","javanmard14","exp1","SC","Prunus","avium",NA,"Y","N",NA,NA,NA,NA,NA,"1920","2011","2011",NA,NA,NA,NA,NA,"4+/-0.5","42","13+/-0.5",NA,NA,"GA3","0","0.5","Y","mechanical","Y","1% NaOCL","20",NA,"per.germ","3.062"," +/-SE","0","4","20","21","following cold strat","Figure 3",NA,3.062,"SE","washing x hormone x cold stratification","0",2,"javanmard14exp1 2"
"4","42","0.5",NA,"0",NA,NA,21,"constant",NA,NA,NA,NA,NA,"mechanical","mechanical","GA3",NA,NA,NA,NA,"percent.germ",NA,NA,"javanmard14exp1","Prunus_avium","NA NA","NA NA NA","javanmard14","exp1","SC","Prunus","avium",NA,"Y","N",NA,NA,NA,NA,NA,"1920","2011","2011",NA,NA,NA,NA,NA,"4+/-0.5","42","13+/-0.5",NA,NA,"GA3","500","0.5","Y","mechanical","Y","1% NaOCL","20",NA,"per.germ","42.312"," +/-SE","indistinguishable","4","20","21","following cold strat","Figure 3",NA,42.312,"SE","washing x hormone x cold stratification","500",2,"javanmard14exp1 2"
"4","42","0.5",NA,"0",NA,NA,21,"constant",NA,NA,NA,NA,NA,"mechanical","mechanical","GA3",NA,NA,NA,NA,"percent.germ",NA,NA,"javanmard14exp1","Prunus_avium","NA NA","NA NA NA","javanmard14","exp1","SC","Prunus","avium",NA,"Y","N",NA,NA,NA,NA,NA,"1920","2011","2011",NA,NA,NA,NA,NA,"4+/-0.5","42","13+/-0.5",NA,NA,"GA3","250","0.5","Y","mechanical","Y","1% NaOCL","20",NA,"per.germ","8.062"," +/-SE","3","4","20","21","following cold strat","Figure 3",NA,8.062,"SE","washing x hormone x cold stratification","250",2,"javanmard14exp1 2"
"4","56","0.5",NA,"0",NA,NA,21,"constant",NA,NA,NA,NA,NA,"mechanical","mechanical","GA3",NA,NA,NA,NA,"percent.germ",NA,NA,"javanmard14exp1","Prunus_avium","NA NA","NA NA NA","javanmard14","exp1","SC","Prunus","avium",NA,"Y","N",NA,NA,NA,NA,NA,"1920","2011","2011",NA,NA,NA,NA,NA,"4+/-0.5","56","13+/-0.5",NA,NA,"GA3","1000","0.5","Y","mechanical","Y","1% NaOCL","20",NA,"per.germ","45.312"," +/-SE","indistinguishable","4","20","21","following cold strat","Figure 3",NA,45.312,"SE","washing x hormone x cold stratification","1000",3,"javanmard14exp1 3"
"4","56","0.5",NA,"0",NA,NA,21,"constant",NA,NA,NA,NA,NA,"mechanical","mechanical","GA3",NA,NA,NA,NA,"percent.germ",NA,NA,"javanmard14exp1","Prunus_avium","NA NA","NA NA NA","javanmard14","exp1","SC","Prunus","avium",NA,"Y","N",NA,NA,NA,NA,NA,"1920","2011","2011",NA,NA,NA,NA,NA,"4+/-0.5","56","13+/-0.5",NA,NA,"GA3","250","0.5","Y","mechanical","Y","1% NaOCL","20",NA,"per.germ","13.312"," +/-SE","5.188","4","20","21","following cold strat","Figure 3",NA,13.312,"SE","washing x hormone x cold stratification","250",3,"javanmard14exp1 3"
"4","56","0.5",NA,"0",NA,NA,21,"constant",NA,NA,NA,NA,NA,"mechanical","mechanical","GA3",NA,NA,NA,NA,"percent.germ",NA,NA,"javanmard14exp1","Prunus_avium","NA NA","NA NA NA","javanmard14","exp1","SC","Prunus","avium",NA,"Y","N",NA,NA,NA,NA,NA,"1920","2011","2011",NA,NA,NA,NA,NA,"4+/-0.5","56","13+/-0.5",NA,NA,"GA3","0","0.5","Y","mechanical","Y","1% NaOCL","20",NA,"per.germ","3.812"," +/-SE","0","4","20","21","following cold strat","Figure 3",NA,3.812,"SE","washing x hormone x cold stratification","0",3,"javanmard14exp1 3"
"4","56","0.5",NA,"0",NA,NA,21,"constant",NA,NA,NA,NA,NA,"mechanical","mechanical","GA3",NA,NA,NA,NA,"percent.germ",NA,NA,"javanmard14exp1","Prunus_avium","NA NA","NA NA NA","javanmard14","exp1","SC","Prunus","avium",NA,"Y","N",NA,NA,NA,NA,NA,"1920","2011","2011",NA,NA,NA,NA,NA,"4+/-0.5","56","13+/-0.5",NA,NA,"GA3","500","0.5","Y","mechanical","Y","1% NaOCL","20",NA,"per.germ","44.562"," +/-SE","indistinguishable","4","20","21","following cold strat","Figure 3",NA,44.562,"SE","washing x hormone x cold stratification","500",3,"javanmard14exp1 3"
"4","28","0.5",NA,"0",NA,NA,21,"constant",NA,NA,NA,NA,NA,"mechanical","mechanical","GA3",NA,NA,NA,NA,"germ.rate",NA,NA,"javanmard14exp1","Prunus_avium","NA NA","NA NA NA","javanmard14","exp1","SC","Prunus","avium",NA,"Y","N",NA,NA,NA,NA,NA,"1920","2011","2011",NA,NA,NA,NA,NA,"4+/-0.5","28","13+/-0.5",NA,NA,"GA3","500","0.5","Y","mechanical","Y","1% NaOCL","20",NA,"germ.rt","0.226"," +/-SE","0","4","20","21","following cold strat","Figure 3",NA,0.226,"SE","washing x hormone x cold stratification","500",4,"javanmard14exp1 4"
"4","28","0.5",NA,"0",NA,NA,21,"constant",NA,NA,NA,NA,NA,"mechanical","mechanical","GA3",NA,NA,NA,NA,"germ.rate",NA,NA,"javanmard14exp1","Prunus_avium","NA NA","NA NA NA","javanmard14","exp1","SC","Prunus","avium",NA,"Y","N",NA,NA,NA,NA,NA,"1920","2011","2011",NA,NA,NA,NA,NA,"4+/-0.5","28","13+/-0.5",NA,NA,"GA3","250","0.5","Y","mechanical","Y","1% NaOCL","20",NA,"germ.rt","0.032"," +/-SE","0","4","20","21","following cold strat","Figure 3",NA,0.032,"SE","washing x hormone x cold stratification","250",4,"javanmard14exp1 4"
"4","28","0.5",NA,"0",NA,NA,21,"constant",NA,NA,NA,NA,NA,"mechanical","mechanical","GA3",NA,NA,NA,NA,"germ.rate",NA,NA,"javanmard14exp1","Prunus_avium","NA NA","NA NA NA","javanmard14","exp1","SC","Prunus","avium",NA,"Y","N",NA,NA,NA,NA,NA,"1920","2011","2011",NA,NA,NA,NA,NA,"4+/-0.5","28","13+/-0.5",NA,NA,"GA3","0","0.5","Y","mechanical","Y","1% NaOCL","20",NA,"germ.rt","0"," +/-SE","0","4","20","21","following cold strat","Figure 3",NA,0,"SE","washing x hormone x cold stratification","0",4,"javanmard14exp1 4"
"4","28","0.5",NA,"0",NA,NA,21,"constant",NA,NA,NA,NA,NA,"mechanical","mechanical","GA3",NA,NA,NA,NA,"germ.rate",NA,NA,"javanmard14exp1","Prunus_avium","NA NA","NA NA NA","javanmard14","exp1","SC","Prunus","avium",NA,"Y","N",NA,NA,NA,NA,NA,"1920","2011","2011",NA,NA,NA,NA,NA,"4+/-0.5","28","13+/-0.5",NA,NA,"GA3","1000","0.5","Y","mechanical","Y","1% NaOCL","20",NA,"germ.rt","0.31"," +/-SE","0","4","20","21","following cold strat","Figure 3",NA,0.31,"SE","washing x hormone x cold stratification","1000",4,"javanmard14exp1 4"
"4","42","0.5",NA,"0",NA,NA,21,"constant",NA,NA,NA,NA,NA,"mechanical","mechanical","GA3",NA,NA,NA,NA,"germ.rate",NA,NA,"javanmard14exp1","Prunus_avium","NA NA","NA NA NA","javanmard14","exp1","SC","Prunus","avium",NA,"Y","N",NA,NA,NA,NA,NA,"1920","2011","2011",NA,NA,NA,NA,NA,"4+/-0.5","42","13+/-0.5",NA,NA,"GA3","0","0.5","Y","mechanical","Y","1% NaOCL","20",NA,"germ.rt","0"," +/-SE","0","4","20","21","following cold strat","Figure 3",NA,0,"SE","washing x hormone x cold stratification","0",5,"javanmard14exp1 5"
"4","42","0.5",NA,"0",NA,NA,21,"constant",NA,NA,NA,NA,NA,"mechanical","mechanical","GA3",NA,NA,NA,NA,"germ.rate",NA,NA,"javanmard14exp1","Prunus_avium","NA NA","NA NA NA","javanmard14","exp1","SC","Prunus","avium",NA,"Y","N",NA,NA,NA,NA,NA,"1920","2011","2011",NA,NA,NA,NA,NA,"4+/-0.5","42","13+/-0.5",NA,NA,"GA3","500","0.5","Y","mechanical","Y","1% NaOCL","20",NA,"germ.rt","1.73"," +/-SE","indistinguishable","4","20","21","following cold strat","Figure 3",NA,1.73,"SE","washing x hormone x cold stratification","500",5,"javanmard14exp1 5"
"4","42","0.5",NA,"0",NA,NA,21,"constant",NA,NA,NA,NA,NA,"mechanical","mechanical","GA3",NA,NA,NA,NA,"germ.rate",NA,NA,"javanmard14exp1","Prunus_avium","NA NA","NA NA NA","javanmard14","exp1","SC","Prunus","avium",NA,"Y","N",NA,NA,NA,NA,NA,"1920","2011","2011",NA,NA,NA,NA,NA,"4+/-0.5","42","13+/-0.5",NA,NA,"GA3","250","0.5","Y","mechanical","Y","1% NaOCL","20",NA,"germ.rt","0.101"," +/-SE","0","4","20","21","following cold strat","Figure 3",NA,0.101,"SE","washing x hormone x cold stratification","250",5,"javanmard14exp1 5"
"4","42","0.5",NA,"0",NA,NA,21,"constant",NA,NA,NA,NA,NA,"mechanical","mechanical","GA3",NA,NA,NA,NA,"germ.rate",NA,NA,"javanmard14exp1","Prunus_avium","NA NA","NA NA NA","javanmard14","exp1","SC","Prunus","avium",NA,"Y","N",NA,NA,NA,NA,NA,"1920","2011","2011",NA,NA,NA,NA,NA,"4+/-0.5","42","13+/-0.5",NA,NA,"GA3","1000","0.5","Y","mechanical","Y","1% NaOCL","20",NA,"germ.rt","2.794"," +/-SE","indistinguishable","4","20","21","following cold strat","Figure 3",NA,2.794,"SE","washing x hormone x cold stratification","1000",5,"javanmard14exp1 5"
"4","56","0.5",NA,"0",NA,NA,21,"constant",NA,NA,NA,NA,NA,"mechanical","mechanical","GA3",NA,NA,NA,NA,"germ.rate",NA,NA,"javanmard14exp1","Prunus_avium","NA NA","NA NA NA","javanmard14","exp1","SC","Prunus","avium",NA,"Y","N",NA,NA,NA,NA,NA,"1920","2011","2011",NA,NA,NA,NA,NA,"4+/-0.5","56","13+/-0.5",NA,NA,"GA3","1000","0.5","Y","mechanical","Y","1% NaOCL","20",NA,"germ.rt","2.714"," +/-SE","indistinguishable","4","20","21","following cold strat","Figure 3",NA,2.714,"SE","washing x hormone x cold stratification","1000",6,"javanmard14exp1 6"
"4","56","0.5",NA,"0",NA,NA,21,"constant",NA,NA,NA,NA,NA,"mechanical","mechanical","GA3",NA,NA,NA,NA,"germ.rate",NA,NA,"javanmard14exp1","Prunus_avium","NA NA","NA NA NA","javanmard14","exp1","SC","Prunus","avium",NA,"Y","N",NA,NA,NA,NA,NA,"1920","2011","2011",NA,NA,NA,NA,NA,"4+/-0.5","56","13+/-0.5",NA,NA,"GA3","0","0.5","Y","mechanical","Y","1% NaOCL","20",NA,"germ.rt","0.117"," +/-SE","0","4","20","21","following cold strat","Figure 3",NA,0.117,"SE","washing x hormone x cold stratification","0",6,"javanmard14exp1 6"
"4","56","0.5",NA,"0",NA,NA,21,"constant",NA,NA,NA,NA,NA,"mechanical","mechanical","GA3",NA,NA,NA,NA,"germ.rate",NA,NA,"javanmard14exp1","Prunus_avium","NA NA","NA NA NA","javanmard14","exp1","SC","Prunus","avium",NA,"Y","N",NA,NA,NA,NA,NA,"1920","2011","2011",NA,NA,NA,NA,NA,"4+/-0.5","56","13+/-0.5",NA,NA,"GA3","500","0.5","Y","mechanical","Y","1% NaOCL","20",NA,"germ.rt","2.278"," +/-SE","indistinguishable","4","20","21","following cold strat","Figure 3",NA,2.278,"SE","washing x hormone x cold stratification","500",6,"javanmard14exp1 6"
"4","56","0.5",NA,"0",NA,NA,21,"constant",NA,NA,NA,NA,NA,"mechanical","mechanical","GA3",NA,NA,NA,NA,"germ.rate",NA,NA,"javanmard14exp1","Prunus_avium","NA NA","NA NA NA","javanmard14","exp1","SC","Prunus","avium",NA,"Y","N",NA,NA,NA,NA,NA,"1920","2011","2011",NA,NA,NA,NA,NA,"4+/-0.5","56","13+/-0.5",NA,NA,"GA3","250","0.5","Y","mechanical","Y","1% NaOCL","20",NA,"germ.rt","0.165"," +/-SE","0","4","20","21","following cold strat","Figure 3",NA,0.165,"SE","washing x hormone x cold stratification","250",6,"javanmard14exp1 6"
"4","0","1",NA,NA,NA,NA,63,"constant",NA,NA,"8/16",8,16,NA,NA,"GA3","cold","cold","4","30","percent.germ","light",NA,"pipinis12exp2","Carpinus_betulus","39.97 21.21","39.97 21.21 790, 920","pipinis12","exp2","MN","Carpinus","betulus",NA,"Y","N","northern Greece",39.97,21.21,"790, 920","Europe",NA,"2008","2008","cold","1 month",NA,"3-5","chemical","3-5","0 days","20°C (6h dark) + 25°C (18h light)","cold stratification","8/16","GA3","2000","1.25","N",NA,NA,NA,NA,NA,"per.germ","30.8","SE","5.69","4","30","63",NA,"Table 2",NA,30.8,"SE","chemical","2000",1,"pipinis12exp2 1"
"4","0","1",NA,NA,NA,NA,63,"constant",NA,NA,"8/16",8,16,NA,NA,"GA3","cold","cold","4","30","percent.germ","light",NA,"pipinis12exp2","Carpinus_betulus","39.97 21.21","39.97 21.21 790, 920","pipinis12","exp2","MN","Carpinus","betulus",NA,"Y","N","northern Greece",39.97,21.21,"790, 920","Europe",NA,"2008","2008","cold","1 month",NA,"3-5","chemical","3-5","0 days","20°C (6h dark) + 25°C (18h light)","cold stratification","8/16","GA3","500","1.25","N",NA,NA,NA,NA,NA,"per.germ","17.5","SE","3.19","4","30","63",NA,"Table 2",NA,17.5,"SE","chemical","500",1,"pipinis12exp2 1"
"4","0","1",NA,NA,NA,NA,63,"constant",NA,NA,"8/16",8,16,NA,NA,"GA3","cold","cold","4","30","percent.germ","light",NA,"pipinis12exp2","Carpinus_betulus","39.97 21.21","39.97 21.21 790, 920","pipinis12","exp2","MN","Carpinus","betulus",NA,"Y","N","northern Greece",39.97,21.21,"790, 920","Europe",NA,"2008","2008","cold","1 month",NA,"3-5","chemical","3-5","0 days","20°C (6h dark) + 25°C (18h light)","cold stratification","8/16","GA3","1000","1.25","N",NA,NA,NA,NA,NA,"per.germ","27.5","SE","4.19","4","30","63",NA,"Table 2",NA,27.5,"SE","chemical","1000",1,"pipinis12exp2 1"
"4","0","1",NA,NA,NA,NA,63,"constant",NA,NA,"8/16",8,16,NA,NA,"GA3","cold","cold","4","30","percent.germ","light",NA,"pipinis12exp2","Carpinus_betulus","39.97 21.21","39.97 21.21 790, 920","pipinis12","exp2","MN","Carpinus","betulus",NA,"Y","N","northern Greece",39.97,21.21,"790, 920","Europe",NA,"2008","2008","cold","1 month",NA,"3-5","chemical","3-5","0 days","20°C (6h dark) + 25°C (18h light)","cold stratification","8/16","GA3","0","1.25","N",NA,NA,NA,NA,NA,"per.germ","0",NA,NA,"4","30","63",NA,"Table 2",NA,0,NA,"chemical","0",1,"pipinis12exp2 1"
"4","30","1",NA,NA,NA,NA,63,"constant",NA,NA,"8/16",8,16,NA,NA,"GA3","cold","cold","4","30","percent.germ","light",NA,"pipinis12exp2","Carpinus_betulus","39.97 21.21","39.97 21.21 790, 920","pipinis12","exp2","MN","Carpinus","betulus",NA,"Y","N","northern Greece",39.97,21.21,"790, 920","Europe",NA,"2008","2008","cold","1 month",NA,"3-5","chemical","3-5","30 days","20°C (6h dark) + 25°C (18h light)","cold stratification","8/16","GA3","2000","1.25","N",NA,NA,NA,NA,NA,"per.germ","75","SE","5.77","4","30","63",NA,"Table 2",NA,75,"SE","chemical","2000",2,"pipinis12exp2 2"
"4","30","1",NA,NA,NA,NA,63,"constant",NA,NA,"8/16",8,16,NA,NA,"GA3","cold","cold","4","30","percent.germ","light",NA,"pipinis12exp2","Carpinus_betulus","39.97 21.21","39.97 21.21 790, 920","pipinis12","exp2","MN","Carpinus","betulus",NA,"Y","N","northern Greece",39.97,21.21,"790, 920","Europe",NA,"2008","2008","cold","1 month",NA,"3-5","chemical","3-5","30 days","20°C (6h dark) + 25°C (18h light)","cold stratification","8/16","GA3","500","1.25","N",NA,NA,NA,NA,NA,"per.germ","40","SE","4.7","4","30","63",NA,"Table 2",NA,40,"SE","chemical","500",2,"pipinis12exp2 2"
"4","30","1",NA,NA,NA,NA,63,"constant",NA,NA,"8/16",8,16,NA,NA,"GA3","cold","cold","4","30","percent.germ","light",NA,"pipinis12exp2","Carpinus_betulus","39.97 21.21","39.97 21.21 790, 920","pipinis12","exp2","MN","Carpinus","betulus",NA,"Y","N","northern Greece",39.97,21.21,"790, 920","Europe",NA,"2008","2008","cold","1 month",NA,"3-5","chemical","3-5","30 days","20°C (6h dark) + 25°C (18h light)","cold stratification","8/16","GA3","1000","1.25","N",NA,NA,NA,NA,NA,"per.germ","63.3","SE","6.09","4","30","63",NA,"Table 2",NA,63.3,"SE","chemical","1000",2,"pipinis12exp2 2"
"4","30","1",NA,NA,NA,NA,63,"constant",NA,NA,"8/16",8,16,NA,NA,"GA3","cold","cold","4","30","percent.germ","light",NA,"pipinis12exp2","Carpinus_betulus","39.97 21.21","39.97 21.21 790, 920","pipinis12","exp2","MN","Carpinus","betulus",NA,"Y","N","northern Greece",39.97,21.21,"790, 920","Europe",NA,"2008","2008","cold","1 month",NA,"3-5","chemical","3-5","30 days","20°C (6h dark) + 25°C (18h light)","cold stratification","8/16","GA3","0","1.25","N",NA,NA,NA,NA,NA,"per.germ","0",NA,NA,"4","30","63",NA,"Table 2",NA,0,NA,"chemical","0",2,"pipinis12exp2 2"
"4","60","1",NA,NA,NA,NA,63,"constant",NA,NA,"8/16",8,16,NA,NA,"GA3","cold","cold","4","30","percent.germ","light",NA,"pipinis12exp2","Carpinus_betulus","39.97 21.21","39.97 21.21 790, 920","pipinis12","exp2","MN","Carpinus","betulus",NA,"Y","N","northern Greece",39.97,21.21,"790, 920","Europe",NA,"2008","2008","cold","1 month",NA,"3-5","chemical","3-5","60 days","20°C (6h dark) + 25°C (18h light)","cold stratification","8/16","GA3","2000","1.25","N",NA,NA,NA,NA,NA,"per.germ","72.5","SE","6.31","4","30","63",NA,"Table 2",NA,72.5,"SE","chemical","2000",3,"pipinis12exp2 3"
"4","60","1",NA,NA,NA,NA,63,"constant",NA,NA,"8/16",8,16,NA,NA,"GA3","cold","cold","4","30","percent.germ","light",NA,"pipinis12exp2","Carpinus_betulus","39.97 21.21","39.97 21.21 790, 920","pipinis12","exp2","MN","Carpinus","betulus",NA,"Y","N","northern Greece",39.97,21.21,"790, 920","Europe",NA,"2008","2008","cold","1 month",NA,"3-5","chemical","3-5","60 days","20°C (6h dark) + 25°C (18h light)","cold stratification","8/16","GA3","0","1.25","N",NA,NA,NA,NA,NA,"per.germ","11.7","SE","4.3","4","30","63",NA,"Table 2",NA,11.7,"SE","chemical","0",3,"pipinis12exp2 3"
"4","60","1",NA,NA,NA,NA,63,"constant",NA,NA,"8/16",8,16,NA,NA,"GA3","cold","cold","4","30","percent.germ","light",NA,"pipinis12exp2","Carpinus_betulus","39.97 21.21","39.97 21.21 790, 920","pipinis12","exp2","MN","Carpinus","betulus",NA,"Y","N","northern Greece",39.97,21.21,"790, 920","Europe",NA,"2008","2008","cold","1 month",NA,"3-5","chemical","3-5","60 days","20°C (6h dark) + 25°C (18h light)","cold stratification","8/16","GA3","500","1.25","N",NA,NA,NA,NA,NA,"per.germ","70","SE","3.85","4","30","63",NA,"Table 2",NA,70,"SE","chemical","500",3,"pipinis12exp2 3"
"4","60","1",NA,NA,NA,NA,63,"constant",NA,NA,"8/16",8,16,NA,NA,"GA3","cold","cold","4","30","percent.germ","light",NA,"pipinis12exp2","Carpinus_betulus","39.97 21.21","39.97 21.21 790, 920","pipinis12","exp2","MN","Carpinus","betulus",NA,"Y","N","northern Greece",39.97,21.21,"790, 920","Europe",NA,"2008","2008","cold","1 month",NA,"3-5","chemical","3-5","60 days","20°C (6h dark) + 25°C (18h light)","cold stratification","8/16","GA3","1000","1.25","N",NA,NA,NA,NA,NA,"per.germ","67.5","SE","1.67","4","30","63",NA,"Table 2",NA,67.5,"SE","chemical","1000",3,"pipinis12exp2 3"
"4","90","1",NA,NA,NA,NA,63,"constant",NA,NA,"8/16",8,16,NA,NA,"GA3","cold","cold","4","30","percent.germ","light",NA,"pipinis12exp2","Carpinus_betulus","39.97 21.21","39.97 21.21 790, 920","pipinis12","exp2","MN","Carpinus","betulus",NA,"Y","N","northern Greece",39.97,21.21,"790, 920","Europe",NA,"2008","2008","cold","1 month",NA,"3-5","chemical","3-5","90 days","20°C (6h dark) + 25°C (18h light)","cold stratification","8/16","GA3","2000","1.25","N",NA,NA,NA,NA,NA,"per.germ","75","SE","4.3","4","30","63",NA,"Table 2",NA,75,"SE","chemical","2000",4,"pipinis12exp2 4"
"4","90","1",NA,NA,NA,NA,63,"constant",NA,NA,"8/16",8,16,NA,NA,"GA3","cold","cold","4","30","percent.germ","light",NA,"pipinis12exp2","Carpinus_betulus","39.97 21.21","39.97 21.21 790, 920","pipinis12","exp2","MN","Carpinus","betulus",NA,"Y","N","northern Greece",39.97,21.21,"790, 920","Europe",NA,"2008","2008","cold","1 month",NA,"3-5","chemical","3-5","90 days","20°C (6h dark) + 25°C (18h light)","cold stratification","8/16","GA3","0","1.25","N",NA,NA,NA,NA,NA,"per.germ","31.7","SE","4.3","4","30","63",NA,"Table 2",NA,31.7,"SE","chemical","0",4,"pipinis12exp2 4"
"4","90","1",NA,NA,NA,NA,63,"constant",NA,NA,"8/16",8,16,NA,NA,"GA3","cold","cold","4","30","percent.germ","light",NA,"pipinis12exp2","Carpinus_betulus","39.97 21.21","39.97 21.21 790, 920","pipinis12","exp2","MN","Carpinus","betulus",NA,"Y","N","northern Greece",39.97,21.21,"790, 920","Europe",NA,"2008","2008","cold","1 month",NA,"3-5","chemical","3-5","90 days","20°C (6h dark) + 25°C (18h light)","cold stratification","8/16","GA3","500","1.25","N",NA,NA,NA,NA,NA,"per.germ","67.5","SE","5.69","4","30","63",NA,"Table 2",NA,67.5,"SE","chemical","500",4,"pipinis12exp2 4"
"4","90","1",NA,NA,NA,NA,63,"constant",NA,NA,"8/16",8,16,NA,NA,"GA3","cold","cold","4","30","percent.germ","light",NA,"pipinis12exp2","Carpinus_betulus","39.97 21.21","39.97 21.21 790, 920","pipinis12","exp2","MN","Carpinus","betulus",NA,"Y","N","northern Greece",39.97,21.21,"790, 920","Europe",NA,"2008","2008","cold","1 month",NA,"3-5","chemical","3-5","90 days","20°C (6h dark) + 25°C (18h light)","cold stratification","8/16","GA3","1000","1.25","N",NA,NA,NA,NA,NA,"per.germ","83.3","SE","6.09","4","30","63",NA,"Table 2",NA,83.3,"SE","chemical","1000",4,"pipinis12exp2 4"
"4","120","1",NA,NA,NA,NA,63,"constant",NA,NA,"8/16",8,16,NA,NA,"GA3","cold","cold","4","30","percent.germ","light",NA,"pipinis12exp2","Carpinus_betulus","39.97 21.21","39.97 21.21 790, 920","pipinis12","exp2","MN","Carpinus","betulus",NA,"Y","N","northern Greece",39.97,21.21,"790, 920","Europe",NA,"2008","2008","cold","1 month",NA,"3-5","chemical","3-5","120 days","20°C (6h dark) + 25°C (18h light)","cold stratification","8/16","GA3","2000","1.25","N",NA,NA,NA,NA,NA,"per.germ","83.3","SE","6.09","4","30","63",NA,"Table 2",NA,83.3,"SE","chemical","2000",5,"pipinis12exp2 5"
"4","120","1",NA,NA,NA,NA,63,"constant",NA,NA,"8/16",8,16,NA,NA,"GA3","cold","cold","4","30","percent.germ","light",NA,"pipinis12exp2","Carpinus_betulus","39.97 21.21","39.97 21.21 790, 920","pipinis12","exp2","MN","Carpinus","betulus",NA,"Y","N","northern Greece",39.97,21.21,"790, 920","Europe",NA,"2008","2008","cold","1 month",NA,"3-5","chemical","3-5","120 days","20°C (6h dark) + 25°C (18h light)","cold stratification","8/16","GA3","500","1.25","N",NA,NA,NA,NA,NA,"per.germ","78.3","SE","6.38","4","30","63",NA,"Table 2",NA,78.3,"SE","chemical","500",5,"pipinis12exp2 5"
"4","120","1",NA,NA,NA,NA,63,"constant",NA,NA,"8/16",8,16,NA,NA,"GA3","cold","cold","4","30","percent.germ","light",NA,"pipinis12exp2","Carpinus_betulus","39.97 21.21","39.97 21.21 790, 920","pipinis12","exp2","MN","Carpinus","betulus",NA,"Y","N","northern Greece",39.97,21.21,"790, 920","Europe",NA,"2008","2008","cold","1 month",NA,"3-5","chemical","3-5","120 days","20°C (6h dark) + 25°C (18h light)","cold stratification","8/16","GA3","0","1.25","N",NA,NA,NA,NA,NA,"per.germ","45","SE","4.3","4","30","63",NA,"Table 2",NA,45,"SE","chemical","0",5,"pipinis12exp2 5"
"4","120","1",NA,NA,NA,NA,63,"constant",NA,NA,"8/16",8,16,NA,NA,"GA3","cold","cold","4","30","percent.germ","light",NA,"pipinis12exp2","Carpinus_betulus","39.97 21.21","39.97 21.21 790, 920","pipinis12","exp2","MN","Carpinus","betulus",NA,"Y","N","northern Greece",39.97,21.21,"790, 920","Europe",NA,"2008","2008","cold","1 month",NA,"3-5","chemical","3-5","120 days","20°C (6h dark) + 25°C (18h light)","cold stratification","8/16","GA3","1000","1.25","N",NA,NA,NA,NA,NA,"per.germ","89.2","SE","5.69","4","30","63",NA,"Table 2",NA,89.2,"SE","chemical","1000",5,"pipinis12exp2 5"
"4","0","1",NA,NA,NA,NA,63,"constant",NA,NA,"8/16",8,16,NA,NA,"GA3","cold","cold","4","30","percent.germ","light",NA,"pipinis12exp2","Carpinus_orientalis","39.97 21.21","39.97 21.21 790, 920","pipinis12","exp2","MN","Carpinus","orientalis",NA,"Y","N","northern Greece",39.97,21.21,"790, 920","Europe",NA,"2008","2008","cold","1 month",NA,"3-5","chemical","3-5","0 days","20°C (6h dark) + 25°C (18h light)","cold stratification","8/16","GA3","1000","1.25","N",NA,NA,NA,NA,NA,"per.germ","3.3","SE","2.72","4","30","63",NA,"Table 2",NA,3.3,"SE","chemical","1000",6,"pipinis12exp2 6"
"4","0","1",NA,NA,NA,NA,63,"constant",NA,NA,"8/16",8,16,NA,NA,"GA3","cold","cold","4","30","percent.germ","light",NA,"pipinis12exp2","Carpinus_orientalis","39.97 21.21","39.97 21.21 790, 920","pipinis12","exp2","MN","Carpinus","orientalis",NA,"Y","N","northern Greece",39.97,21.21,"790, 920","Europe",NA,"2008","2008","cold","1 month",NA,"3-5","chemical","3-5","0 days","20°C (6h dark) + 25°C (18h light)","cold stratification","8/16","GA3","0","1.25","N",NA,NA,NA,NA,NA,"per.germ","0",NA,NA,"4","30","63",NA,"Table 2",NA,0,NA,"chemical","0",6,"pipinis12exp2 6"
"4","0","1",NA,NA,NA,NA,63,"constant",NA,NA,"8/16",8,16,NA,NA,"GA3","cold","cold","4","30","percent.germ","light",NA,"pipinis12exp2","Carpinus_orientalis","39.97 21.21","39.97 21.21 790, 920","pipinis12","exp2","MN","Carpinus","orientalis",NA,"Y","N","northern Greece",39.97,21.21,"790, 920","Europe",NA,"2008","2008","cold","1 month",NA,"3-5","chemical","3-5","0 days","20°C (6h dark) + 25°C (18h light)","cold stratification","8/16","GA3","500","1.25","N",NA,NA,NA,NA,NA,"per.germ","1.7","SE","1.92","4","30","63",NA,"Table 2",NA,1.7,"SE","chemical","500",6,"pipinis12exp2 6"
"4","0","1",NA,NA,NA,NA,63,"constant",NA,NA,"8/16",8,16,NA,NA,"GA3","cold","cold","4","30","percent.germ","light",NA,"pipinis12exp2","Carpinus_orientalis","39.97 21.21","39.97 21.21 790, 920","pipinis12","exp2","MN","Carpinus","orientalis",NA,"Y","N","northern Greece",39.97,21.21,"790, 920","Europe",NA,"2008","2008","cold","1 month",NA,"3-5","chemical","3-5","0 days","20°C (6h dark) + 25°C (18h light)","cold stratification","8/16","GA3","2000","1.25","N",NA,NA,NA,NA,NA,"per.germ","6.7","SE","2.72","4","30","63",NA,"Table 2",NA,6.7,"SE","chemical","2000",6,"pipinis12exp2 6"
"4","30","1",NA,NA,NA,NA,63,"constant",NA,NA,"8/16",8,16,NA,NA,"GA3","cold","cold","4","30","percent.germ","light",NA,"pipinis12exp2","Carpinus_orientalis","39.97 21.21","39.97 21.21 790, 920","pipinis12","exp2","MN","Carpinus","orientalis",NA,"Y","N","northern Greece",39.97,21.21,"790, 920","Europe",NA,"2008","2008","cold","1 month",NA,"3-5","chemical","3-5","30 days","20°C (6h dark) + 25°C (18h light)","cold stratification","8/16","GA3","1000","1.25","N",NA,NA,NA,NA,NA,"per.germ","10.8","SE","3.19","4","30","63",NA,"Table 2",NA,10.8,"SE","chemical","1000",7,"pipinis12exp2 7"
"4","30","1",NA,NA,NA,NA,63,"constant",NA,NA,"8/16",8,16,NA,NA,"GA3","cold","cold","4","30","percent.germ","light",NA,"pipinis12exp2","Carpinus_orientalis","39.97 21.21","39.97 21.21 790, 920","pipinis12","exp2","MN","Carpinus","orientalis",NA,"Y","N","northern Greece",39.97,21.21,"790, 920","Europe",NA,"2008","2008","cold","1 month",NA,"3-5","chemical","3-5","30 days","20°C (6h dark) + 25°C (18h light)","cold stratification","8/16","GA3","0","1.25","N",NA,NA,NA,NA,NA,"per.germ","0",NA,NA,"4","30","63",NA,"Table 2",NA,0,NA,"chemical","0",7,"pipinis12exp2 7"
"4","30","1",NA,NA,NA,NA,63,"constant",NA,NA,"8/16",8,16,NA,NA,"GA3","cold","cold","4","30","percent.germ","light",NA,"pipinis12exp2","Carpinus_orientalis","39.97 21.21","39.97 21.21 790, 920","pipinis12","exp2","MN","Carpinus","orientalis",NA,"Y","N","northern Greece",39.97,21.21,"790, 920","Europe",NA,"2008","2008","cold","1 month",NA,"3-5","chemical","3-5","30 days","20°C (6h dark) + 25°C (18h light)","cold stratification","8/16","GA3","500","1.25","N",NA,NA,NA,NA,NA,"per.germ","4.2","SE","1.67","4","30","63",NA,"Table 2",NA,4.2,"SE","chemical","500",7,"pipinis12exp2 7"
"4","30","1",NA,NA,NA,NA,63,"constant",NA,NA,"8/16",8,16,NA,NA,"GA3","cold","cold","4","30","percent.germ","light",NA,"pipinis12exp2","Carpinus_orientalis","39.97 21.21","39.97 21.21 790, 920","pipinis12","exp2","MN","Carpinus","orientalis",NA,"Y","N","northern Greece",39.97,21.21,"790, 920","Europe",NA,"2008","2008","cold","1 month",NA,"3-5","chemical","3-5","30 days","20°C (6h dark) + 25°C (18h light)","cold stratification","8/16","GA3","2000","1.25","N",NA,NA,NA,NA,NA,"per.germ","10","SE","4.71","4","30","63",NA,"Table 2",NA,10,"SE","chemical","2000",7,"pipinis12exp2 7"
"4","60","1",NA,NA,NA,NA,63,"constant",NA,NA,"8/16",8,16,NA,NA,"GA3","cold","cold","4","30","percent.germ","light",NA,"pipinis12exp2","Carpinus_orientalis","39.97 21.21","39.97 21.21 790, 920","pipinis12","exp2","MN","Carpinus","orientalis",NA,"Y","N","northern Greece",39.97,21.21,"790, 920","Europe",NA,"2008","2008","cold","1 month",NA,"3-5","chemical","3-5","60 days","20°C (6h dark) + 25°C (18h light)","cold stratification","8/16","GA3","1000","1.25","N",NA,NA,NA,NA,NA,"per.germ","47.5","SE","5.69","4","30","63",NA,"Table 2",NA,47.5,"SE","chemical","1000",8,"pipinis12exp2 8"
"4","60","1",NA,NA,NA,NA,63,"constant",NA,NA,"8/16",8,16,NA,NA,"GA3","cold","cold","4","30","percent.germ","light",NA,"pipinis12exp2","Carpinus_orientalis","39.97 21.21","39.97 21.21 790, 920","pipinis12","exp2","MN","Carpinus","orientalis",NA,"Y","N","northern Greece",39.97,21.21,"790, 920","Europe",NA,"2008","2008","cold","1 month",NA,"3-5","chemical","3-5","60 days","20°C (6h dark) + 25°C (18h light)","cold stratification","8/16","GA3","2000","1.25","N",NA,NA,NA,NA,NA,"per.germ","59.2","SE","5.69","4","30","63",NA,"Table 2",NA,59.2,"SE","chemical","2000",8,"pipinis12exp2 8"
"4","60","1",NA,NA,NA,NA,63,"constant",NA,NA,"8/16",8,16,NA,NA,"GA3","cold","cold","4","30","percent.germ","light",NA,"pipinis12exp2","Carpinus_orientalis","39.97 21.21","39.97 21.21 790, 920","pipinis12","exp2","MN","Carpinus","orientalis",NA,"Y","N","northern Greece",39.97,21.21,"790, 920","Europe",NA,"2008","2008","cold","1 month",NA,"3-5","chemical","3-5","60 days","20°C (6h dark) + 25°C (18h light)","cold stratification","8/16","GA3","0","1.25","N",NA,NA,NA,NA,NA,"per.germ","6.7","SE","2.72","4","30","63",NA,"Table 2",NA,6.7,"SE","chemical","0",8,"pipinis12exp2 8"
"4","60","1",NA,NA,NA,NA,63,"constant",NA,NA,"8/16",8,16,NA,NA,"GA3","cold","cold","4","30","percent.germ","light",NA,"pipinis12exp2","Carpinus_orientalis","39.97 21.21","39.97 21.21 790, 920","pipinis12","exp2","MN","Carpinus","orientalis",NA,"Y","N","northern Greece",39.97,21.21,"790, 920","Europe",NA,"2008","2008","cold","1 month",NA,"3-5","chemical","3-5","60 days","20°C (6h dark) + 25°C (18h light)","cold stratification","8/16","GA3","500","1.25","N",NA,NA,NA,NA,NA,"per.germ","36.7","SE","4.71","4","30","63",NA,"Table 2",NA,36.7,"SE","chemical","500",8,"pipinis12exp2 8"
"4","90","1",NA,NA,NA,NA,63,"constant",NA,NA,"8/16",8,16,NA,NA,"GA3","cold","cold","4","30","percent.germ","light",NA,"pipinis12exp2","Carpinus_orientalis","39.97 21.21","39.97 21.21 790, 920","pipinis12","exp2","MN","Carpinus","orientalis",NA,"Y","N","northern Greece",39.97,21.21,"790, 920","Europe",NA,"2008","2008","cold","1 month",NA,"3-5","chemical","3-5","90 days","20°C (6h dark) + 25°C (18h light)","cold stratification","8/16","GA3","500","1.25","N",NA,NA,NA,NA,NA,"per.germ","72.5","SE","5.69","4","30","63",NA,"Table 2",NA,72.5,"SE","chemical","500",9,"pipinis12exp2 9"
"4","90","1",NA,NA,NA,NA,63,"constant",NA,NA,"8/16",8,16,NA,NA,"GA3","cold","cold","4","30","percent.germ","light",NA,"pipinis12exp2","Carpinus_orientalis","39.97 21.21","39.97 21.21 790, 920","pipinis12","exp2","MN","Carpinus","orientalis",NA,"Y","N","northern Greece",39.97,21.21,"790, 920","Europe",NA,"2008","2008","cold","1 month",NA,"3-5","chemical","3-5","90 days","20°C (6h dark) + 25°C (18h light)","cold stratification","8/16","GA3","1000","1.25","N",NA,NA,NA,NA,NA,"per.germ","71.7","SE","5.77","4","30","63",NA,"Table 2",NA,71.7,"SE","chemical","1000",9,"pipinis12exp2 9"
"4","90","1",NA,NA,NA,NA,63,"constant",NA,NA,"8/16",8,16,NA,NA,"GA3","cold","cold","4","30","percent.germ","light",NA,"pipinis12exp2","Carpinus_orientalis","39.97 21.21","39.97 21.21 790, 920","pipinis12","exp2","MN","Carpinus","orientalis",NA,"Y","N","northern Greece",39.97,21.21,"790, 920","Europe",NA,"2008","2008","cold","1 month",NA,"3-5","chemical","3-5","90 days","20°C (6h dark) + 25°C (18h light)","cold stratification","8/16","GA3","2000","1.25","N",NA,NA,NA,NA,NA,"per.germ","74.2","SE","6.31","4","30","63",NA,"Table 2",NA,74.2,"SE","chemical","2000",9,"pipinis12exp2 9"
"4","90","1",NA,NA,NA,NA,63,"constant",NA,NA,"8/16",8,16,NA,NA,"GA3","cold","cold","4","30","percent.germ","light",NA,"pipinis12exp2","Carpinus_orientalis","39.97 21.21","39.97 21.21 790, 920","pipinis12","exp2","MN","Carpinus","orientalis",NA,"Y","N","northern Greece",39.97,21.21,"790, 920","Europe",NA,"2008","2008","cold","1 month",NA,"3-5","chemical","3-5","90 days","20°C (6h dark) + 25°C (18h light)","cold stratification","8/16","GA3","0","1.25","N",NA,NA,NA,NA,NA,"per.germ","55","SE","4.3","4","30","63",NA,"Table 2",NA,55,"SE","chemical","0",9,"pipinis12exp2 9"
"4","120","1",NA,NA,NA,NA,63,"constant",NA,NA,"8/16",8,16,NA,NA,"GA3","cold","cold","4","30","percent.germ","light",NA,"pipinis12exp2","Carpinus_orientalis","39.97 21.21","39.97 21.21 790, 920","pipinis12","exp2","MN","Carpinus","orientalis",NA,"Y","N","northern Greece",39.97,21.21,"790, 920","Europe",NA,"2008","2008","cold","1 month",NA,"3-5","chemical","3-5","120 days","20°C (6h dark) + 25°C (18h light)","cold stratification","8/16","GA3","500","1.25","N",NA,NA,NA,NA,NA,"per.germ","85","SE","4.3","4","30","63",NA,"Table 2",NA,85,"SE","chemical","500",10,"pipinis12exp2 10"
"4","120","1",NA,NA,NA,NA,63,"constant",NA,NA,"8/16",8,16,NA,NA,"GA3","cold","cold","4","30","percent.germ","light",NA,"pipinis12exp2","Carpinus_orientalis","39.97 21.21","39.97 21.21 790, 920","pipinis12","exp2","MN","Carpinus","orientalis",NA,"Y","N","northern Greece",39.97,21.21,"790, 920","Europe",NA,"2008","2008","cold","1 month",NA,"3-5","chemical","3-5","120 days","20°C (6h dark) + 25°C (18h light)","cold stratification","8/16","GA3","0","1.25","N",NA,NA,NA,NA,NA,"per.germ","84.2","SE","5.69","4","30","63",NA,"Table 2",NA,84.2,"SE","chemical","0",10,"pipinis12exp2 10"
"4","120","1",NA,NA,NA,NA,63,"constant",NA,NA,"8/16",8,16,NA,NA,"GA3","cold","cold","4","30","percent.germ","light",NA,"pipinis12exp2","Carpinus_orientalis","39.97 21.21","39.97 21.21 790, 920","pipinis12","exp2","MN","Carpinus","orientalis",NA,"Y","N","northern Greece",39.97,21.21,"790, 920","Europe",NA,"2008","2008","cold","1 month",NA,"3-5","chemical","3-5","120 days","20°C (6h dark) + 25°C (18h light)","cold stratification","8/16","GA3","1000","1.25","N",NA,NA,NA,NA,NA,"per.germ","89.2","SE","5","4","30","63",NA,"Table 2",NA,89.2,"SE","chemical","1000",10,"pipinis12exp2 10"
"4","120","1",NA,NA,NA,NA,63,"constant",NA,NA,"8/16",8,16,NA,NA,"GA3","cold","cold","4","30","percent.germ","light",NA,"pipinis12exp2","Carpinus_orientalis","39.97 21.21","39.97 21.21 790, 920","pipinis12","exp2","MN","Carpinus","orientalis",NA,"Y","N","northern Greece",39.97,21.21,"790, 920","Europe",NA,"2008","2008","cold","1 month",NA,"3-5","chemical","3-5","120 days","20°C (6h dark) + 25°C (18h light)","cold stratification","8/16","GA3","2000","1.25","N",NA,NA,NA,NA,NA,"per.germ","90.8","SE","4.19","4","30","63",NA,"Table 2",NA,90.8,"SE","chemical","2000",10,"pipinis12exp2 10"
"4","120","1",NA,NA,NA,NA,63,"constant",NA,NA,"8/16",8,16,NA,NA,"GA3","cold","cold","4","30","germ.time","light",NA,"pipinis12exp2","Carpinus_betulus","39.97 21.21","39.97 21.21 790, 920","pipinis12","exp2","MN","Carpinus","betulus",NA,"Y","N","northern Greece",39.97,21.21,"790, 920","Europe",NA,"2008","2008","cold","1 month",NA,"3-5","chemical","3-5","120 days","20°C (6h dark) + 25°C (18h light)","cold stratification","8/16","GA3","1000","1.25","N",NA,NA,NA,NA,NA,"germ.time","8.9","SE","0.77","4","30","63",NA,"Table 3",NA,8.9,"SE","chemical","1000",11,"pipinis12exp2 11"
"4","120","1",NA,NA,NA,NA,63,"constant",NA,NA,"8/16",8,16,NA,NA,"GA3","cold","cold","4","30","germ.time","light",NA,"pipinis12exp2","Carpinus_betulus","39.97 21.21","39.97 21.21 790, 920","pipinis12","exp2","MN","Carpinus","betulus",NA,"Y","N","northern Greece",39.97,21.21,"790, 920","Europe",NA,"2008","2008","cold","1 month",NA,"3-5","chemical","3-5","120 days","20°C (6h dark) + 25°C (18h light)","cold stratification","8/16","GA3","2000","1.25","N",NA,NA,NA,NA,NA,"germ.time","9.3","SE","0.98","4","30","63",NA,"Table 3",NA,9.3,"SE","chemical","2000",11,"pipinis12exp2 11"
"4","120","1",NA,NA,NA,NA,63,"constant",NA,NA,"8/16",8,16,NA,NA,"GA3","cold","cold","4","30","germ.time","light",NA,"pipinis12exp2","Carpinus_betulus","39.97 21.21","39.97 21.21 790, 920","pipinis12","exp2","MN","Carpinus","betulus",NA,"Y","N","northern Greece",39.97,21.21,"790, 920","Europe",NA,"2008","2008","cold","1 month",NA,"3-5","chemical","3-5","120 days","20°C (6h dark) + 25°C (18h light)","cold stratification","8/16","GA3","500","1.25","N",NA,NA,NA,NA,NA,"germ.time","8.6","SE","1.11","4","30","63",NA,"Table 3",NA,8.6,"SE","chemical","500",11,"pipinis12exp2 11"
"4","90","1",NA,NA,NA,NA,63,"constant",NA,NA,"8/16",8,16,NA,NA,"GA3","cold","cold","4","30","germ.time","light",NA,"pipinis12exp2","Carpinus_betulus","39.97 21.21","39.97 21.21 790, 920","pipinis12","exp2","MN","Carpinus","betulus",NA,"Y","N","northern Greece",39.97,21.21,"790, 920","Europe",NA,"2008","2008","cold","1 month",NA,"3-5","chemical","3-5","90 days","20°C (6h dark) + 25°C (18h light)","cold stratification","8/16","GA3","1000","1.25","N",NA,NA,NA,NA,NA,"germ.time","10.2","SE","1.03","4","30","63",NA,"Table 3",NA,10.2,"SE","chemical","1000",12,"pipinis12exp2 12"
"4","90","1",NA,NA,NA,NA,63,"constant",NA,NA,"8/16",8,16,NA,NA,"GA3","cold","cold","4","30","germ.time","light",NA,"pipinis12exp2","Carpinus_betulus","39.97 21.21","39.97 21.21 790, 920","pipinis12","exp2","MN","Carpinus","betulus",NA,"Y","N","northern Greece",39.97,21.21,"790, 920","Europe",NA,"2008","2008","cold","1 month",NA,"3-5","chemical","3-5","90 days","20°C (6h dark) + 25°C (18h light)","cold stratification","8/16","GA3","2000","1.25","N",NA,NA,NA,NA,NA,"germ.time","10.4","SE","1.04","4","30","63",NA,"Table 3",NA,10.4,"SE","chemical","2000",12,"pipinis12exp2 12"
"4","60","1",NA,NA,NA,NA,63,"constant",NA,NA,"8/16",8,16,NA,NA,"GA3","cold","cold","4","30","germ.time","light",NA,"pipinis12exp2","Carpinus_betulus","39.97 21.21","39.97 21.21 790, 920","pipinis12","exp2","MN","Carpinus","betulus",NA,"Y","N","northern Greece",39.97,21.21,"790, 920","Europe",NA,"2008","2008","cold","1 month",NA,"3-5","chemical","3-5","60 days","20°C (6h dark) + 25°C (18h light)","cold stratification","8/16","GA3","500","1.25","N",NA,NA,NA,NA,NA,"germ.time","17.4","SE","0.99","4","30","63",NA,"Table 3",NA,17.4,"SE","chemical","500",13,"pipinis12exp2 13"
"4","60","1",NA,NA,NA,NA,63,"constant",NA,NA,"8/16",8,16,NA,NA,"GA3","cold","cold","4","30","germ.time","light",NA,"pipinis12exp2","Carpinus_betulus","39.97 21.21","39.97 21.21 790, 920","pipinis12","exp2","MN","Carpinus","betulus",NA,"Y","N","northern Greece",39.97,21.21,"790, 920","Europe",NA,"2008","2008","cold","1 month",NA,"3-5","chemical","3-5","60 days","20°C (6h dark) + 25°C (18h light)","cold stratification","8/16","GA3","2000","1.25","N",NA,NA,NA,NA,NA,"germ.time","16.7","SE","2.45","4","30","63",NA,"Table 3",NA,16.7,"SE","chemical","2000",13,"pipinis12exp2 13"
"4","120","1",NA,NA,NA,NA,63,"constant",NA,NA,"8/16",8,16,NA,NA,"GA3","cold","cold","4","30","germ.time","light",NA,"pipinis12exp2","Carpinus_orientalis","39.97 21.21","39.97 21.21 790, 920","pipinis12","exp2","MN","Carpinus","orientalis",NA,"Y","N","northern Greece",39.97,21.21,"790, 920","Europe",NA,"2008","2008","cold","1 month",NA,"3-5","chemical","3-5","120 days","20°C (6h dark) + 25°C (18h light)","cold stratification","8/16","GA3","500","1.25","N",NA,NA,NA,NA,NA,"germ.time","8","SE","0.72","4","30","63",NA,"Table 3",NA,8,"SE","chemical","500",15,"pipinis12exp2 15"
"4","120","1",NA,NA,NA,NA,63,"constant",NA,NA,"8/16",8,16,NA,NA,"GA3","cold","cold","4","30","germ.time","light",NA,"pipinis12exp2","Carpinus_orientalis","39.97 21.21","39.97 21.21 790, 920","pipinis12","exp2","MN","Carpinus","orientalis",NA,"Y","N","northern Greece",39.97,21.21,"790, 920","Europe",NA,"2008","2008","cold","1 month",NA,"3-5","chemical","3-5","120 days","20°C (6h dark) + 25°C (18h light)","cold stratification","8/16","GA3","1000","1.25","N",NA,NA,NA,NA,NA,"germ.time","7.3","SE","0.22","4","30","63",NA,"Table 3",NA,7.3,"SE","chemical","1000",15,"pipinis12exp2 15"
"4","120","1",NA,NA,NA,NA,63,"constant",NA,NA,"8/16",8,16,NA,NA,"GA3","cold","cold","4","30","germ.time","light",NA,"pipinis12exp2","Carpinus_orientalis","39.97 21.21","39.97 21.21 790, 920","pipinis12","exp2","MN","Carpinus","orientalis",NA,"Y","N","northern Greece",39.97,21.21,"790, 920","Europe",NA,"2008","2008","cold","1 month",NA,"3-5","chemical","3-5","120 days","20°C (6h dark) + 25°C (18h light)","cold stratification","8/16","GA3","2000","1.25","N",NA,NA,NA,NA,NA,"germ.time","7.5","SE","0.45","4","30","63",NA,"Table 3",NA,7.5,"SE","chemical","2000",15,"pipinis12exp2 15"
"4","90","1",NA,NA,NA,NA,63,"constant",NA,NA,"8/16",8,16,NA,NA,"GA3","cold","cold","4","30","germ.time","light",NA,"pipinis12exp2","Carpinus_orientalis","39.97 21.21","39.97 21.21 790, 920","pipinis12","exp2","MN","Carpinus","orientalis",NA,"Y","N","northern Greece",39.97,21.21,"790, 920","Europe",NA,"2008","2008","cold","1 month",NA,"3-5","chemical","3-5","90 days","20°C (6h dark) + 25°C (18h light)","cold stratification","8/16","GA3","1000","1.25","N",NA,NA,NA,NA,NA,"germ.time","8","SE","0.8","4","30","63",NA,"Table 3",NA,8,"SE","chemical","1000",16,"pipinis12exp2 16"
"4","90","1",NA,NA,NA,NA,63,"constant",NA,NA,"8/16",8,16,NA,NA,"GA3","cold","cold","4","30","germ.time","light",NA,"pipinis12exp2","Carpinus_orientalis","39.97 21.21","39.97 21.21 790, 920","pipinis12","exp2","MN","Carpinus","orientalis",NA,"Y","N","northern Greece",39.97,21.21,"790, 920","Europe",NA,"2008","2008","cold","1 month",NA,"3-5","chemical","3-5","90 days","20°C (6h dark) + 25°C (18h light)","cold stratification","8/16","GA3","500","1.25","N",NA,NA,NA,NA,NA,"germ.time","8.2","SE","0.45","4","30","63",NA,"Table 3",NA,8.2,"SE","chemical","500",16,"pipinis12exp2 16"
"4","90","1",NA,NA,NA,NA,63,"constant",NA,NA,"8/16",8,16,NA,NA,"GA3","cold","cold","4","30","germ.time","light",NA,"pipinis12exp2","Carpinus_orientalis","39.97 21.21","39.97 21.21 790, 920","pipinis12","exp2","MN","Carpinus","orientalis",NA,"Y","N","northern Greece",39.97,21.21,"790, 920","Europe",NA,"2008","2008","cold","1 month",NA,"3-5","chemical","3-5","90 days","20°C (6h dark) + 25°C (18h light)","cold stratification","8/16","GA3","2000","1.25","N",NA,NA,NA,NA,NA,"germ.time","9","SE","0.3","4","30","63",NA,"Table 3",NA,9,"SE","chemical","2000",16,"pipinis12exp2 16"
NA,NA,NA,NA,NA,"5","5",45,"constant",5,NA,"0/24",0,24,NA,NA,"GA3","airtight","plastic","7","14","percent.germ","dark",NA,"zardari19exp2","Ferula_gummosa","35.58 53.39","35.58 53.39 1130","zardari19","exp2","MN","Ferula","gummosa",NA,"N","N","Semnan, Iran",35.58,53.39,"1130","Asia",NA,"2016","2016","plastic bags","14",NA,"7","chemical",NA,NA,"5",NA,"0","GA3","0","3","N",NA,"N",NA,NA,NA,"per.germ","4.859","SE","2.046","3","25","45",NA,"Figure 4",NA,4.859,"SE","hormone x germination temperature","0",1,"zardari19exp2 1"
NA,NA,NA,NA,NA,"5","5",45,"constant",5,NA,"0/24",0,24,NA,NA,"GA3","airtight","plastic","7","14","percent.germ","dark",NA,"zardari19exp2","Ferula_gummosa","35.58 53.39","35.58 53.39 1130","zardari19","exp2","MN","Ferula","gummosa",NA,"N","N","Semnan, Iran",35.58,53.39,"1130","Asia",NA,"2016","2016","plastic bags","14",NA,"7","chemical",NA,NA,"5",NA,"0","GA3","2000","3","N",NA,"N",NA,NA,NA,"per.germ","64.577","SE","2.813","3","25","45",NA,"Figure 4",NA,64.577,"SE","hormone x germination temperature","2000",1,"zardari19exp2 1"
NA,NA,NA,NA,NA,"5","5",45,"constant",5,NA,"0/24",0,24,NA,NA,"GA3","airtight","plastic","7","14","percent.germ","dark",NA,"zardari19exp2","Ferula_gummosa","35.58 53.39","35.58 53.39 1130","zardari19","exp2","MN","Ferula","gummosa",NA,"N","N","Semnan, Iran",35.58,53.39,"1130","Asia",NA,"2016","2016","plastic bags","14",NA,"7","chemical",NA,NA,"5",NA,"0","GA3","1000","3","N",NA,"N",NA,NA,NA,"per.germ","40.025","SE","2.558","3","25","45",NA,"Figure 4",NA,40.025,"SE","hormone x germination temperature","1000",1,"zardari19exp2 1"
NA,NA,NA,NA,NA,"15","15",45,"constant",15,NA,"0/24",0,24,NA,NA,"GA3","airtight","plastic","7","14","percent.germ","dark",NA,"zardari19exp2","Ferula_gummosa","35.58 53.39","35.58 53.39 1130","zardari19","exp2","MN","Ferula","gummosa",NA,"N","N","Semnan, Iran",35.58,53.39,"1130","Asia",NA,"2016","2016","plastic bags","14",NA,"7","chemical",NA,NA,"15",NA,"0","GA3","1000","3","N",NA,"N",NA,NA,NA,"per.germ","18.542","SE","1.556","3","25","45",NA,"Figure 4",NA,18.542,"SE","hormone x germination temperature","1000",2,"zardari19exp2 2"
NA,NA,NA,NA,NA,"15","15",45,"constant",15,NA,"0/24",0,24,NA,NA,"GA3","airtight","plastic","7","14","percent.germ","dark",NA,"zardari19exp2","Ferula_gummosa","35.58 53.39","35.58 53.39 1130","zardari19","exp2","MN","Ferula","gummosa",NA,"N","N","Semnan, Iran",35.58,53.39,"1130","Asia",NA,"2016","2016","plastic bags","14",NA,"7","chemical",NA,NA,"15",NA,"0","GA3","0","3","N",NA,"N",NA,NA,NA,"per.germ","0","SE","0","3","25","45",NA,"Figure 4",NA,0,"SE","hormone x germination temperature","0",2,"zardari19exp2 2"
NA,NA,NA,NA,NA,"15","15",45,"constant",15,NA,"0/24",0,24,NA,NA,"GA3","airtight","plastic","7","14","percent.germ","dark",NA,"zardari19exp2","Ferula_gummosa","35.58 53.39","35.58 53.39 1130","zardari19","exp2","MN","Ferula","gummosa",NA,"N","N","Semnan, Iran",35.58,53.39,"1130","Asia",NA,"2016","2016","plastic bags","14",NA,"7","chemical",NA,NA,"15",NA,"0","GA3","2000","3","N",NA,"N",NA,NA,NA,"per.germ","14.45","SE","1.556","3","25","45",NA,"Figure 4",NA,14.45,"SE","hormone x germination temperature","2000",2,"zardari19exp2 2"
NA,NA,NA,NA,NA,"20","20",45,"constant",20,NA,"0/24",0,24,NA,NA,"GA3","airtight","plastic","7","14","percent.germ","dark",NA,"zardari19exp2","Ferula_gummosa","35.58 53.39","35.58 53.39 1130","zardari19","exp2","MN","Ferula","gummosa",NA,"N","N","Semnan, Iran",35.58,53.39,"1130","Asia",NA,"2016","2016","plastic bags","14",NA,"7","chemical",NA,NA,"20",NA,"0","GA3","2000","3","N",NA,"N",NA,NA,NA,"per.germ","4.987","SE","1.556","3","25","45",NA,"Figure 4",NA,4.987,"SE","hormone x germination temperature","2000",3,"zardari19exp2 3"
NA,NA,NA,NA,NA,"20","20",45,"constant",20,NA,"0/24",0,24,NA,NA,"GA3","airtight","plastic","7","14","percent.germ","dark",NA,"zardari19exp2","Ferula_gummosa","35.58 53.39","35.58 53.39 1130","zardari19","exp2","MN","Ferula","gummosa",NA,"N","N","Semnan, Iran",35.58,53.39,"1130","Asia",NA,"2016","2016","plastic bags","14",NA,"7","chemical",NA,NA,"20",NA,"0","GA3","1000","3","N",NA,"N",NA,NA,NA,"per.germ","0","SE","0","3","25","45",NA,"Figure 4",NA,0,"SE","hormone x germination temperature","1000",3,"zardari19exp2 3"
NA,NA,NA,NA,NA,"20","20",45,"constant",20,NA,"0/24",0,24,NA,NA,"GA3","airtight","plastic","7","14","percent.germ","dark",NA,"zardari19exp2","Ferula_gummosa","35.58 53.39","35.58 53.39 1130","zardari19","exp2","MN","Ferula","gummosa",NA,"N","N","Semnan, Iran",35.58,53.39,"1130","Asia",NA,"2016","2016","plastic bags","14",NA,"7","chemical",NA,NA,"20",NA,"0","GA3","0","3","N",NA,"N",NA,NA,NA,"per.germ","0","SE","0","3","25","45",NA,"Figure 4",NA,0,"SE","hormone x germination temperature","0",3,"zardari19exp2 3"
NA,NA,NA,NA,NA,"3.5","5/2",30,"alternating",5,2,"12/12",12,12,NA,NA,"GA3","dry","dry","24.5","0","percent.germ","light",NA,"mamut20exp1","Leontice_incerta","44.32 86.14","44.32 86.14 717","mamut20","exp1","HHN","Leontice","incerta","Berberidaceae","N","N","General Hill, Shihezi City, Xinjiang Uyghur Autonomous Region, China",44.32,86.14,"717","Asia",NA,"2018","2018","dry","0 (control)","20 - 30","23 - 26","after ripening + chem",NA,NA,"alternating 5/2",NA,"cool-white alternating 12/12","GA3","20.94",NA,"N",NA,"N",NA,NA,"N","per.germ","5.17","standard error","2.7","4","25","5","other, end of chem treatment","figure 2",NA,5.17,"SE","after ripening + chem","20.94",1,"mamut20exp1 1"
NA,NA,NA,NA,NA,"3.5","5/2",30,"alternating",5,2,"12/12",12,12,NA,NA,"GA3","dry","dry","24.5","0","percent.germ","light",NA,"mamut20exp1","Leontice_incerta","44.32 86.14","44.32 86.14 717","mamut20","exp1","HHN","Leontice","incerta","Berberidaceae","N","N","General Hill, Shihezi City, Xinjiang Uyghur Autonomous Region, China",44.32,86.14,"717","Asia",NA,"2018","2018","dry","0 (control)","20 - 30","23 - 26","after ripening + chem",NA,NA,"alternating 5/2",NA,"cool-white alternating 12/12","GA3","209.4",NA,"N",NA,"N",NA,NA,"N","per.germ","12.07","standard error","6","4","25","6","other, end of chem treatment","figure 2",NA,12.07,"SE","after ripening + chem","209.4",1,"mamut20exp1 1"
NA,NA,NA,NA,NA,"3.5","5/2",30,"alternating",5,2,"12/12",12,12,NA,NA,"GA3","dry","dry","24.5","0","percent.germ","light",NA,"mamut20exp1","Leontice_incerta","44.32 86.14","44.32 86.14 717","mamut20","exp1","HHN","Leontice","incerta","Berberidaceae","N","N","General Hill, Shihezi City, Xinjiang Uyghur Autonomous Region, China",44.32,86.14,"717","Asia",NA,"2018","2018","dry","0 (control)","20 - 30","23 - 26","after ripening + chem",NA,NA,"alternating 5/2",NA,"cool-white alternating 12/12","GA3","2094",NA,"N",NA,"N",NA,NA,"N","per.germ","10.57","standard error","3.9","4","25","7","other, end of chem treatment","figure 2",NA,10.57,"SE","after ripening + chem","2094",1,"mamut20exp1 1"
NA,NA,NA,NA,NA,"3.5","5/2",30,"alternating",5,2,"12/12",12,12,NA,NA,"GA3","dry","dry","24.5","0","percent.germ","light",NA,"mamut20exp1","Leontice_incerta","44.32 86.14","44.32 86.14 717","mamut20","exp1","HHN","Leontice","incerta","Berberidaceae","N","N","General Hill, Shihezi City, Xinjiang Uyghur Autonomous Region, China",44.32,86.14,"717","Asia",NA,"2018","2018","dry","0 (control)","20 - 30","23 - 26","after ripening + chem",NA,NA,"alternating 5/2",NA,"cool-white alternating 12/12","GA3","0 (control)",NA,"N",NA,"N",NA,NA,"N","per.germ","4.58","standard error","2.7","4","25","4","other, end of chem treatment","figure 2",NA,4.58,"SE","after ripening + chem","0",1,"mamut20exp1 1"
NA,NA,NA,NA,NA,"8.5","15/2",30,"alternating",15,2,"12/12",12,12,NA,NA,"GA3","dry","dry","24.5","0","percent.germ","light",NA,"mamut20exp1","Leontice_incerta","44.32 86.14","44.32 86.14 717","mamut20","exp1","HHN","Leontice","incerta","Berberidaceae","N","N","General Hill, Shihezi City, Xinjiang Uyghur Autonomous Region, China",44.32,86.14,"717","Asia",NA,"2018","2018","dry","0 (control)","20 - 30","23 - 26","after ripening + chem",NA,NA,"alternating 15/2",NA,"cool-white alternating 12/12","GA3","20.94",NA,"N",NA,"N",NA,NA,"N","per.germ","33.37","standard error","5.1","4","25","9","other, end of chem treatment","figure 2",NA,33.37,"SE","after ripening + chem","20.94",2,"mamut20exp1 2"
NA,NA,NA,NA,NA,"8.5","15/2",30,"alternating",15,2,"12/12",12,12,NA,NA,"GA3","dry","dry","24.5","0","percent.germ","light",NA,"mamut20exp1","Leontice_incerta","44.32 86.14","44.32 86.14 717","mamut20","exp1","HHN","Leontice","incerta","Berberidaceae","N","N","General Hill, Shihezi City, Xinjiang Uyghur Autonomous Region, China",44.32,86.14,"717","Asia",NA,"2018","2018","dry","0 (control)","20 - 30","23 - 26","after ripening + chem",NA,NA,"alternating 15/2",NA,"cool-white alternating 12/12","GA3","209.4",NA,"N",NA,"N",NA,NA,"N","per.germ","37.27","standard error","5.4","4","25","10","other, end of chem treatment","figure 2",NA,37.27,"SE","after ripening + chem","209.4",2,"mamut20exp1 2"
NA,NA,NA,NA,NA,"8.5","15/2",30,"alternating",15,2,"12/12",12,12,NA,NA,"GA3","dry","dry","24.5","0","percent.germ","light",NA,"mamut20exp1","Leontice_incerta","44.32 86.14","44.32 86.14 717","mamut20","exp1","HHN","Leontice","incerta","Berberidaceae","N","N","General Hill, Shihezi City, Xinjiang Uyghur Autonomous Region, China",44.32,86.14,"717","Asia",NA,"2018","2018","dry","0 (control)","20 - 30","23 - 26","after ripening + chem",NA,NA,"alternating 15/2",NA,"cool-white alternating 12/12","GA3","2094",NA,"N",NA,"N",NA,NA,"N","per.germ","29.17","standard error","5.4","4","25","11","other, end of chem treatment","figure 2",NA,29.17,"SE","after ripening + chem","2094",2,"mamut20exp1 2"
NA,NA,NA,NA,NA,"8.5","15/2",30,"alternating",15,2,"12/12",12,12,NA,NA,"GA3","dry","dry","24.5","0","percent.germ","light",NA,"mamut20exp1","Leontice_incerta","44.32 86.14","44.32 86.14 717","mamut20","exp1","HHN","Leontice","incerta","Berberidaceae","N","N","General Hill, Shihezi City, Xinjiang Uyghur Autonomous Region, China",44.32,86.14,"717","Asia",NA,"2018","2018","dry","0 (control)","20 - 30","23 - 26","after ripening + chem",NA,NA,"alternating 15/2",NA,"cool-white alternating 12/12","GA3","0 (control)",NA,"N",NA,"N",NA,NA,"N","per.germ","21.97","standard error","5.7","4","25","8","other, end of chem treatment","figure 2",NA,21.97,"SE","after ripening + chem","0",2,"mamut20exp1 2"
NA,NA,NA,NA,NA,"15","20/10",30,"alternating",20,10,"12/12",12,12,NA,NA,"GA3","dry","dry","24.5","0","percent.germ","light",NA,"mamut20exp1","Leontice_incerta","44.32 86.14","44.32 86.14 717","mamut20","exp1","HHN","Leontice","incerta","Berberidaceae","N","N","General Hill, Shihezi City, Xinjiang Uyghur Autonomous Region, China",44.32,86.14,"717","Asia",NA,"2018","2018","dry","0 (control)","20 - 30","23 - 26","after ripening + chem",NA,NA,"alternating 20/10",NA,"cool-white alternating 12/12","GA3","20.94",NA,"N",NA,"N",NA,NA,"N","per.germ","41.17","standard error","6.3","4","25","13","other, end of chem treatment","figure 2",NA,41.17,"SE","after ripening + chem","20.94",3,"mamut20exp1 3"
NA,NA,NA,NA,NA,"15","20/10",30,"alternating",20,10,"12/12",12,12,NA,NA,"GA3","dry","dry","24.5","0","percent.germ","light",NA,"mamut20exp1","Leontice_incerta","44.32 86.14","44.32 86.14 717","mamut20","exp1","HHN","Leontice","incerta","Berberidaceae","N","N","General Hill, Shihezi City, Xinjiang Uyghur Autonomous Region, China",44.32,86.14,"717","Asia",NA,"2018","2018","dry","0 (control)","20 - 30","23 - 26","after ripening + chem",NA,NA,"alternating 20/10",NA,"cool-white alternating 12/12","GA3","209.4",NA,"N",NA,"N",NA,NA,"N","per.germ","43.57","standard error","2.7","4","25","14","other, end of chem treatment","figure 2",NA,43.57,"SE","after ripening + chem","209.4",3,"mamut20exp1 3"
NA,NA,NA,NA,NA,"15","20/10",30,"alternating",20,10,"12/12",12,12,NA,NA,"GA3","dry","dry","24.5","0","percent.germ","light",NA,"mamut20exp1","Leontice_incerta","44.32 86.14","44.32 86.14 717","mamut20","exp1","HHN","Leontice","incerta","Berberidaceae","N","N","General Hill, Shihezi City, Xinjiang Uyghur Autonomous Region, China",44.32,86.14,"717","Asia",NA,"2018","2018","dry","0 (control)","20 - 30","23 - 26","after ripening + chem",NA,NA,"alternating 20/10",NA,"cool-white alternating 12/12","GA3","2094",NA,"N",NA,"N",NA,NA,"N","per.germ","38.47","standard error","6.9","4","25","1","other, end of chem treatment","figure 2",NA,38.47,"SE","after ripening + chem","2094",3,"mamut20exp1 3"
NA,NA,NA,NA,NA,"15","20/10",30,"alternating",20,10,"12/12",12,12,NA,NA,"GA3","dry","dry","24.5","0","percent.germ","light",NA,"mamut20exp1","Leontice_incerta","44.32 86.14","44.32 86.14 717","mamut20","exp1","HHN","Leontice","incerta","Berberidaceae","N","N","General Hill, Shihezi City, Xinjiang Uyghur Autonomous Region, China",44.32,86.14,"717","Asia",NA,"2018","2018","dry","0 (control)","20 - 30","23 - 26","after ripening + chem",NA,NA,"alternating 20/10",NA,"cool-white alternating 12/12","GA3","0 (control)",NA,"N",NA,"N",NA,NA,"N","per.germ","24.37","standard error","4.5","4","25","12","other, end of chem treatment","figure 2",NA,24.37,"SE","after ripening + chem","0",3,"mamut20exp1 3"
NA,NA,NA,NA,NA,"20","25/15",30,"alternating",25,15,"12/12",12,12,NA,NA,"GA3","dry","dry","24.5","0","percent.germ","light",NA,"mamut20exp1","Leontice_incerta","44.32 86.14","44.32 86.14 717","mamut20","exp1","HHN","Leontice","incerta","Berberidaceae","N","N","General Hill, Shihezi City, Xinjiang Uyghur Autonomous Region, China",44.32,86.14,"717","Asia",NA,"2018","2018","dry","0 (control)","20 - 30","23 - 26","after ripening + chem",NA,NA,"alternating 25/15",NA,"cool-white alternating 12/12","GA3","20.94",NA,"N",NA,"N",NA,NA,"N","per.germ","44.17","standard error","3.6","4","25","3","other, end of chem treatment","figure 2",NA,44.17,"SE","after ripening + chem","20.94",4,"mamut20exp1 4"
NA,NA,NA,NA,NA,"20","25/15",30,"alternating",25,15,"12/12",12,12,NA,NA,"GA3","dry","dry","24.5","0","percent.germ","light",NA,"mamut20exp1","Leontice_incerta","44.32 86.14","44.32 86.14 717","mamut20","exp1","HHN","Leontice","incerta","Berberidaceae","N","N","General Hill, Shihezi City, Xinjiang Uyghur Autonomous Region, China",44.32,86.14,"717","Asia",NA,"2018","2018","dry","0 (control)","20 - 30","23 - 26","after ripening + chem",NA,NA,"alternating 25/15",NA,"cool-white alternating 12/12","GA3","209.4",NA,"N",NA,"N",NA,NA,"N","per.germ","54.07","standard error","4.8","4","25","4","other, end of chem treatment","figure 2",NA,54.07,"SE","after ripening + chem","209.4",4,"mamut20exp1 4"
NA,NA,NA,NA,NA,"20","25/15",30,"alternating",25,15,"12/12",12,12,NA,NA,"GA3","dry","dry","24.5","0","percent.germ","light",NA,"mamut20exp1","Leontice_incerta","44.32 86.14","44.32 86.14 717","mamut20","exp1","HHN","Leontice","incerta","Berberidaceae","N","N","General Hill, Shihezi City, Xinjiang Uyghur Autonomous Region, China",44.32,86.14,"717","Asia",NA,"2018","2018","dry","0 (control)","20 - 30","23 - 26","after ripening + chem",NA,NA,"alternating 25/15",NA,"cool-white alternating 12/12","GA3","2094",NA,"N",NA,"N",NA,NA,"N","per.germ","30.97","standard error","1.8","4","25","5","other, end of chem treatment","figure 2",NA,30.97,"SE","after ripening + chem","2094",4,"mamut20exp1 4"
NA,NA,NA,NA,NA,"20","25/15",30,"alternating",25,15,"12/12",12,12,NA,NA,"GA3","dry","dry","24.5","0","percent.germ","light",NA,"mamut20exp1","Leontice_incerta","44.32 86.14","44.32 86.14 717","mamut20","exp1","HHN","Leontice","incerta","Berberidaceae","N","N","General Hill, Shihezi City, Xinjiang Uyghur Autonomous Region, China",44.32,86.14,"717","Asia",NA,"2018","2018","dry","0 (control)","20 - 30","23 - 26","after ripening + chem",NA,NA,"alternating 25/15",NA,"cool-white alternating 12/12","GA3","0 (control)",NA,"N",NA,"N",NA,NA,"N","per.germ","30.37","standard error","6","4","25","2","other, end of chem treatment","figure 2",NA,30.37,"SE","after ripening + chem","0",4,"mamut20exp1 4"
NA,NA,NA,NA,NA,"22.5","30/15",30,"alternating",30,15,"12/12",12,12,NA,NA,"GA3","dry","dry","24.5","0","percent.germ","light",NA,"mamut20exp1","Leontice_incerta","44.32 86.14","44.32 86.14 717","mamut20","exp1","HHN","Leontice","incerta","Berberidaceae","N","N","General Hill, Shihezi City, Xinjiang Uyghur Autonomous Region, China",44.32,86.14,"717","Asia",NA,"2018","2018","dry","0 (control)","20 - 30","23 - 26","after ripening + chem",NA,NA,"alternating 30/15",NA,"cool-white alternating 12/12","GA3","209.4",NA,"N",NA,"N",NA,NA,"N","per.germ","20.17","standard error","6.3","4","25","8","other, end of chem treatment","figure 2",NA,20.17,"SE","after ripening + chem","209.4",5,"mamut20exp1 5"
NA,NA,NA,NA,NA,"22.5","30/15",30,"alternating",30,15,"12/12",12,12,NA,NA,"GA3","dry","dry","24.5","0","percent.germ","light",NA,"mamut20exp1","Leontice_incerta","44.32 86.14","44.32 86.14 717","mamut20","exp1","HHN","Leontice","incerta","Berberidaceae","N","N","General Hill, Shihezi City, Xinjiang Uyghur Autonomous Region, China",44.32,86.14,"717","Asia",NA,"2018","2018","dry","0 (control)","20 - 30","23 - 26","after ripening + chem",NA,NA,"alternating 30/15",NA,"cool-white alternating 12/12","GA3","2094",NA,"N",NA,"N",NA,NA,"N","per.germ","18.37","standard error","5.7","4","25","9","other, end of chem treatment","figure 2",NA,18.37,"SE","after ripening + chem","2094",5,"mamut20exp1 5"
NA,NA,NA,NA,NA,"22.5","30/15",30,"alternating",30,15,"12/12",12,12,NA,NA,"GA3","dry","dry","24.5","0","percent.germ","light",NA,"mamut20exp1","Leontice_incerta","44.32 86.14","44.32 86.14 717","mamut20","exp1","HHN","Leontice","incerta","Berberidaceae","N","N","General Hill, Shihezi City, Xinjiang Uyghur Autonomous Region, China",44.32,86.14,"717","Asia",NA,"2018","2018","dry","0 (control)","20 - 30","23 - 26","after ripening + chem",NA,NA,"alternating 30/15",NA,"cool-white alternating 12/12","GA3","0 (control)",NA,"N",NA,"N",NA,NA,"N","per.germ","6.07","standard error","2.7","4","25","6","other, end of chem treatment","figure 2",NA,6.07,"SE","after ripening + chem","0",5,"mamut20exp1 5"
NA,NA,NA,NA,NA,"22.5","30/15",30,"alternating",30,15,"12/12",12,12,NA,NA,"GA3","dry","dry","24.5","0","percent.germ","light",NA,"mamut20exp1","Leontice_incerta","44.32 86.14","44.32 86.14 717","mamut20","exp1","HHN","Leontice","incerta","Berberidaceae","N","N","General Hill, Shihezi City, Xinjiang Uyghur Autonomous Region, China",44.32,86.14,"717","Asia",NA,"2018","2018","dry","0 (control)","20 - 30","23 - 26","after ripening + chem",NA,NA,"alternating 30/15",NA,"cool-white alternating 12/12","GA3","20.94",NA,"N",NA,"N",NA,NA,"N","per.germ","20.17","standard error","3.6","4","25","7","other, end of chem treatment","figure 2",NA,20.17,"SE","after ripening + chem","20.94",5,"mamut20exp1 5"
NA,NA,NA,NA,NA,"3.5","5/2",30,"alternating",5,2,"0/24",0,24,NA,NA,"GA3","dry","dry","24.5","0","percent.germ","dark",NA,"mamut20exp1","Leontice_incerta","44.32 86.14","44.32 86.14 717","mamut20","exp1","HHN","Leontice","incerta","Berberidaceae","N","N","General Hill, Shihezi City, Xinjiang Uyghur Autonomous Region, China",44.32,86.14,"717","Asia",NA,"2018","2018","dry","0 (control)","20 - 30","23 - 26","after ripening + chem",NA,NA,"alternating 5/2",NA,"0","GA3","209.4",NA,"N",NA,"N",NA,NA,"N","per.germ","10.19","standard error","2.7","4","25","12","other, end of chem treatment","figure 2",NA,10.19,"SE","after ripening + chem","209.4",6,"mamut20exp1 6"
NA,NA,NA,NA,NA,"3.5","5/2",30,"alternating",5,2,"0/24",0,24,NA,NA,"GA3","dry","dry","24.5","0","percent.germ","dark",NA,"mamut20exp1","Leontice_incerta","44.32 86.14","44.32 86.14 717","mamut20","exp1","HHN","Leontice","incerta","Berberidaceae","N","N","General Hill, Shihezi City, Xinjiang Uyghur Autonomous Region, China",44.32,86.14,"717","Asia",NA,"2018","2018","dry","0 (control)","20 - 30","23 - 26","after ripening + chem",NA,NA,"alternating 5/2",NA,"0","GA3","2094",NA,"N",NA,"N",NA,NA,"N","per.germ","10.79","standard error","3.8","4","25","13","other, end of chem treatment","figure 2",NA,10.79,"SE","after ripening + chem","2094",6,"mamut20exp1 6"
NA,NA,NA,NA,NA,"3.5","5/2",30,"alternating",5,2,"0/24",0,24,NA,NA,"GA3","dry","dry","24.5","0","percent.germ","dark",NA,"mamut20exp1","Leontice_incerta","44.32 86.14","44.32 86.14 717","mamut20","exp1","HHN","Leontice","incerta","Berberidaceae","N","N","General Hill, Shihezi City, Xinjiang Uyghur Autonomous Region, China",44.32,86.14,"717","Asia",NA,"2018","2018","dry","0 (control)","20 - 30","23 - 26","after ripening + chem",NA,NA,"alternating 5/2",NA,"0","GA3","0 (control)",NA,"N",NA,"N",NA,NA,"N","per.germ","6.02","standard error","1.5","4","25","10","other, end of chem treatment","figure 2",NA,6.02,"SE","after ripening + chem","0",6,"mamut20exp1 6"
NA,NA,NA,NA,NA,"3.5","5/2",30,"alternating",5,2,"0/24",0,24,NA,NA,"GA3","dry","dry","24.5","0","percent.germ","dark",NA,"mamut20exp1","Leontice_incerta","44.32 86.14","44.32 86.14 717","mamut20","exp1","HHN","Leontice","incerta","Berberidaceae","N","N","General Hill, Shihezi City, Xinjiang Uyghur Autonomous Region, China",44.32,86.14,"717","Asia",NA,"2018","2018","dry","0 (control)","20 - 30","23 - 26","after ripening + chem",NA,NA,"alternating 5/2",NA,"0","GA3","20.94",NA,"N",NA,"N",NA,NA,"N","per.germ","7.83","standard error","3.3","4","25","11","other, end of chem treatment","figure 2",NA,7.83,"SE","after ripening + chem","20.94",6,"mamut20exp1 6"
NA,NA,NA,NA,NA,"8.5","15/2",30,"alternating",15,2,"0/24",0,24,NA,NA,"GA3","dry","dry","24.5","0","percent.germ","dark",NA,"mamut20exp1","Leontice_incerta","44.32 86.14","44.32 86.14 717","mamut20","exp1","HHN","Leontice","incerta","Berberidaceae","N","N","General Hill, Shihezi City, Xinjiang Uyghur Autonomous Region, China",44.32,86.14,"717","Asia",NA,"2018","2018","dry","0 (control)","20 - 30","23 - 26","after ripening + chem",NA,NA,"alternating 15/2",NA,"0","GA3","209.4",NA,"N",NA,"N",NA,NA,"N","per.germ","30","standard error","4.4","4","25","2","other, end of chem treatment","figure 2",NA,30,"SE","after ripening + chem","209.4",7,"mamut20exp1 7"
NA,NA,NA,NA,NA,"8.5","15/2",30,"alternating",15,2,"0/24",0,24,NA,NA,"GA3","dry","dry","24.5","0","percent.germ","dark",NA,"mamut20exp1","Leontice_incerta","44.32 86.14","44.32 86.14 717","mamut20","exp1","HHN","Leontice","incerta","Berberidaceae","N","N","General Hill, Shihezi City, Xinjiang Uyghur Autonomous Region, China",44.32,86.14,"717","Asia",NA,"2018","2018","dry","0 (control)","20 - 30","23 - 26","after ripening + chem",NA,NA,"alternating 15/2",NA,"0","GA3","2094",NA,"N",NA,"N",NA,NA,"N","per.germ","14.92","standard error","7.4","4","25","3","other, end of chem treatment","figure 2",NA,14.92,"SE","after ripening + chem","2094",7,"mamut20exp1 7"
NA,NA,NA,NA,NA,"8.5","15/2",30,"alternating",15,2,"0/24",0,24,NA,NA,"GA3","dry","dry","24.5","0","percent.germ","dark",NA,"mamut20exp1","Leontice_incerta","44.32 86.14","44.32 86.14 717","mamut20","exp1","HHN","Leontice","incerta","Berberidaceae","N","N","General Hill, Shihezi City, Xinjiang Uyghur Autonomous Region, China",44.32,86.14,"717","Asia",NA,"2018","2018","dry","0 (control)","20 - 30","23 - 26","after ripening + chem",NA,NA,"alternating 15/2",NA,"0","GA3","0 (control)",NA,"N",NA,"N",NA,NA,"N","per.germ","18.17","standard error","7.4","4","25","14","other, end of chem treatment","figure 2",NA,18.17,"SE","after ripening + chem","0",7,"mamut20exp1 7"
NA,NA,NA,NA,NA,"8.5","15/2",30,"alternating",15,2,"0/24",0,24,NA,NA,"GA3","dry","dry","24.5","0","percent.germ","dark",NA,"mamut20exp1","Leontice_incerta","44.32 86.14","44.32 86.14 717","mamut20","exp1","HHN","Leontice","incerta","Berberidaceae","N","N","General Hill, Shihezi City, Xinjiang Uyghur Autonomous Region, China",44.32,86.14,"717","Asia",NA,"2018","2018","dry","0 (control)","20 - 30","23 - 26","after ripening + chem",NA,NA,"alternating 15/2",NA,"0","GA3","20.94",NA,"N",NA,"N",NA,NA,"N","per.germ","24.08","standard error","5.3","4","25","1","other, end of chem treatment","figure 2",NA,24.08,"SE","after ripening + chem","20.94",7,"mamut20exp1 7"
NA,NA,NA,NA,NA,"15","20/10",30,"alternating",20,10,"0/24",0,24,NA,NA,"GA3","dry","dry","24.5","0","percent.germ","dark",NA,"mamut20exp1","Leontice_incerta","44.32 86.14","44.32 86.14 717","mamut20","exp1","HHN","Leontice","incerta","Berberidaceae","N","N","General Hill, Shihezi City, Xinjiang Uyghur Autonomous Region, China",44.32,86.14,"717","Asia",NA,"2018","2018","dry","0 (control)","20 - 30","23 - 26","after ripening + chem",NA,NA,"alternating 20/10",NA,"0","GA3","0 (control)",NA,"N",NA,"N",NA,NA,"N","per.germ","26.15","standard error","6.5","4","25","4","other, end of chem treatment","figure 2",NA,26.15,"SE","after ripening + chem","0",8,"mamut20exp1 8"
NA,NA,NA,NA,NA,"15","20/10",30,"alternating",20,10,"0/24",0,24,NA,NA,"GA3","dry","dry","24.5","0","percent.germ","dark",NA,"mamut20exp1","Leontice_incerta","44.32 86.14","44.32 86.14 717","mamut20","exp1","HHN","Leontice","incerta","Berberidaceae","N","N","General Hill, Shihezi City, Xinjiang Uyghur Autonomous Region, China",44.32,86.14,"717","Asia",NA,"2018","2018","dry","0 (control)","20 - 30","23 - 26","after ripening + chem",NA,NA,"alternating 20/10",NA,"0","GA3","20.94",NA,"N",NA,"N",NA,NA,"N","per.germ","35.02","standard error","4.4","4","25","5","other, end of chem treatment","figure 2",NA,35.02,"SE","after ripening + chem","20.94",8,"mamut20exp1 8"
NA,NA,NA,NA,NA,"15","20/10",30,"alternating",20,10,"0/24",0,24,NA,NA,"GA3","dry","dry","24.5","0","percent.germ","dark",NA,"mamut20exp1","Leontice_incerta","44.32 86.14","44.32 86.14 717","mamut20","exp1","HHN","Leontice","incerta","Berberidaceae","N","N","General Hill, Shihezi City, Xinjiang Uyghur Autonomous Region, China",44.32,86.14,"717","Asia",NA,"2018","2018","dry","0 (control)","20 - 30","23 - 26","after ripening + chem",NA,NA,"alternating 20/10",NA,"0","GA3","209.4",NA,"N",NA,"N",NA,NA,"N","per.germ","44.18","standard error","5.9","4","25","6","other, end of chem treatment","figure 2",NA,44.18,"SE","after ripening + chem","209.4",8,"mamut20exp1 8"
NA,NA,NA,NA,NA,"15","20/10",30,"alternating",20,10,"0/24",0,24,NA,NA,"GA3","dry","dry","24.5","0","percent.germ","dark",NA,"mamut20exp1","Leontice_incerta","44.32 86.14","44.32 86.14 717","mamut20","exp1","HHN","Leontice","incerta","Berberidaceae","N","N","General Hill, Shihezi City, Xinjiang Uyghur Autonomous Region, China",44.32,86.14,"717","Asia",NA,"2018","2018","dry","0 (control)","20 - 30","23 - 26","after ripening + chem",NA,NA,"alternating 20/10",NA,"0","GA3","2094",NA,"N",NA,"N",NA,NA,"N","per.germ","23.2","standard error","7.1","4","25","7","other, end of chem treatment","figure 2",NA,23.2,"SE","after ripening + chem","2094",8,"mamut20exp1 8"
NA,NA,NA,NA,NA,"20","25/15",30,"alternating",25,15,"0/24",0,24,NA,NA,"GA3","dry","dry","24.5","0","percent.germ","dark",NA,"mamut20exp1","Leontice_incerta","44.32 86.14","44.32 86.14 717","mamut20","exp1","HHN","Leontice","incerta","Berberidaceae","N","N","General Hill, Shihezi City, Xinjiang Uyghur Autonomous Region, China",44.32,86.14,"717","Asia",NA,"2018","2018","dry","0 (control)","20 - 30","23 - 26","after ripening + chem",NA,NA,"alternating 25/15",NA,"0","GA3","0 (control)",NA,"N",NA,"N",NA,NA,"N","per.germ","27.92","standard error","4.1","4","25","8","other, end of chem treatment","figure 2",NA,27.92,"SE","after ripening + chem","0",9,"mamut20exp1 9"
NA,NA,NA,NA,NA,"20","25/15",30,"alternating",25,15,"0/24",0,24,NA,NA,"GA3","dry","dry","24.5","0","percent.germ","dark",NA,"mamut20exp1","Leontice_incerta","44.32 86.14","44.32 86.14 717","mamut20","exp1","HHN","Leontice","incerta","Berberidaceae","N","N","General Hill, Shihezi City, Xinjiang Uyghur Autonomous Region, China",44.32,86.14,"717","Asia",NA,"2018","2018","dry","0 (control)","20 - 30","23 - 26","after ripening + chem",NA,NA,"alternating 25/15",NA,"0","GA3","20.94",NA,"N",NA,"N",NA,NA,"N","per.germ","39.15","standard error","5","4","25","9","other, end of chem treatment","figure 2",NA,39.15,"SE","after ripening + chem","20.94",9,"mamut20exp1 9"
NA,NA,NA,NA,NA,"20","25/15",30,"alternating",25,15,"0/24",0,24,NA,NA,"GA3","dry","dry","24.5","0","percent.germ","dark",NA,"mamut20exp1","Leontice_incerta","44.32 86.14","44.32 86.14 717","mamut20","exp1","HHN","Leontice","incerta","Berberidaceae","N","N","General Hill, Shihezi City, Xinjiang Uyghur Autonomous Region, China",44.32,86.14,"717","Asia",NA,"2018","2018","dry","0 (control)","20 - 30","23 - 26","after ripening + chem",NA,NA,"alternating 25/15",NA,"0","GA3","209.4",NA,"N",NA,"N",NA,NA,"N","per.germ","53.93","standard error","5.6","4","25","10","other, end of chem treatment","figure 2",NA,53.93,"SE","after ripening + chem","209.4",9,"mamut20exp1 9"
NA,NA,NA,NA,NA,"20","25/15",30,"alternating",25,15,"0/24",0,24,NA,NA,"GA3","dry","dry","24.5","0","percent.germ","dark",NA,"mamut20exp1","Leontice_incerta","44.32 86.14","44.32 86.14 717","mamut20","exp1","HHN","Leontice","incerta","Berberidaceae","N","N","General Hill, Shihezi City, Xinjiang Uyghur Autonomous Region, China",44.32,86.14,"717","Asia",NA,"2018","2018","dry","0 (control)","20 - 30","23 - 26","after ripening + chem",NA,NA,"alternating 25/15",NA,"0","GA3","2094",NA,"N",NA,"N",NA,NA,"N","per.germ","16.1","standard error","1.8","4","25","11","other, end of chem treatment","figure 2",NA,16.1,"SE","after ripening + chem","2094",9,"mamut20exp1 9"
NA,NA,NA,NA,NA,"22.5","30/15",30,"alternating",30,15,"0/24",0,24,NA,NA,"GA3","dry","dry","24.5","0","percent.germ","dark",NA,"mamut20exp1","Leontice_incerta","44.32 86.14","44.32 86.14 717","mamut20","exp1","HHN","Leontice","incerta","Berberidaceae","N","N","General Hill, Shihezi City, Xinjiang Uyghur Autonomous Region, China",44.32,86.14,"717","Asia",NA,"2018","2018","dry","0 (control)","20 - 30","23 - 26","after ripening + chem",NA,NA,"alternating 30/15",NA,"0","GA3","0 (control)",NA,"N",NA,"N",NA,NA,"N","per.germ","15.22","standard error","5.3","4","25","12","other, end of chem treatment","figure 2",NA,15.22,"SE","after ripening + chem","0",10,"mamut20exp1 10"
NA,NA,NA,NA,NA,"22.5","30/15",30,"alternating",30,15,"0/24",0,24,NA,NA,"GA3","dry","dry","24.5","0","percent.germ","dark",NA,"mamut20exp1","Leontice_incerta","44.32 86.14","44.32 86.14 717","mamut20","exp1","HHN","Leontice","incerta","Berberidaceae","N","N","General Hill, Shihezi City, Xinjiang Uyghur Autonomous Region, China",44.32,86.14,"717","Asia",NA,"2018","2018","dry","0 (control)","20 - 30","23 - 26","after ripening + chem",NA,NA,"alternating 30/15",NA,"0","GA3","20.94",NA,"N",NA,"N",NA,NA,"N","per.germ","19.06","standard error","5.9","4","25","13","other, end of chem treatment","figure 2",NA,19.06,"SE","after ripening + chem","20.94",10,"mamut20exp1 10"
NA,NA,NA,NA,NA,"22.5","30/15",30,"alternating",30,15,"0/24",0,24,NA,NA,"GA3","dry","dry","24.5","0","percent.germ","dark",NA,"mamut20exp1","Leontice_incerta","44.32 86.14","44.32 86.14 717","mamut20","exp1","HHN","Leontice","incerta","Berberidaceae","N","N","General Hill, Shihezi City, Xinjiang Uyghur Autonomous Region, China",44.32,86.14,"717","Asia",NA,"2018","2018","dry","0 (control)","20 - 30","23 - 26","after ripening + chem",NA,NA,"alternating 30/15",NA,"0","GA3","209.4",NA,"N",NA,"N",NA,NA,"N","per.germ","28.22","standard error","3.3","4","25","14","other, end of chem treatment","figure 2",NA,28.22,"SE","after ripening + chem","209.4",10,"mamut20exp1 10"
NA,NA,NA,NA,NA,"22.5","30/15",30,"alternating",30,15,"0/24",0,24,NA,NA,"GA3","dry","dry","24.5","0","percent.germ","dark",NA,"mamut20exp1","Leontice_incerta","44.32 86.14","44.32 86.14 717","mamut20","exp1","HHN","Leontice","incerta","Berberidaceae","N","N","General Hill, Shihezi City, Xinjiang Uyghur Autonomous Region, China",44.32,86.14,"717","Asia",NA,"2018","2018","dry","0 (control)","20 - 30","23 - 26","after ripening + chem",NA,NA,"alternating 30/15",NA,"0","GA3","2094",NA,"N",NA,"N",NA,NA,"N","per.germ","14.33","standard error","2.7","4","25","1","other, end of chem treatment","figure 2",NA,14.33,"SE","after ripening + chem","2094",10,"mamut20exp1 10"
NA,NA,NA,NA,NA,"3.5","5/2",30,"alternating",5,2,"12/12",12,12,NA,NA,"GA3","dry","dry","24.5","30","percent.germ","light",NA,"mamut20exp1","Leontice_incerta","44.32 86.14","44.32 86.14 717","mamut20","exp1","HHN","Leontice","incerta","Berberidaceae","N","N","General Hill, Shihezi City, Xinjiang Uyghur Autonomous Region, China",44.32,86.14,"717","Asia",NA,"2018","2018","dry","30","20 - 30","23 - 26","after ripening + chem",NA,NA,"alternating 5/2",NA,"cool-white alternating 12/12","GA3","20.94",NA,"N",NA,"N",NA,NA,"N","per.germ","30.28","standard error","5.1","4","25","3","other, end of chem treatment","figure 2",NA,30.28,"SE","after ripening + chem","20.94",11,"mamut20exp1 11"
NA,NA,NA,NA,NA,"3.5","5/2",30,"alternating",5,2,"12/12",12,12,NA,NA,"GA3","dry","dry","24.5","30","percent.germ","light",NA,"mamut20exp1","Leontice_incerta","44.32 86.14","44.32 86.14 717","mamut20","exp1","HHN","Leontice","incerta","Berberidaceae","N","N","General Hill, Shihezi City, Xinjiang Uyghur Autonomous Region, China",44.32,86.14,"717","Asia",NA,"2018","2018","dry","30","20 - 30","23 - 26","after ripening + chem",NA,NA,"alternating 5/2",NA,"cool-white alternating 12/12","GA3","209.4",NA,"N",NA,"N",NA,NA,"N","per.germ","31.19","standard error","2.1","4","25","4","other, end of chem treatment","figure 2",NA,31.19,"SE","after ripening + chem","209.4",11,"mamut20exp1 11"
NA,NA,NA,NA,NA,"3.5","5/2",30,"alternating",5,2,"12/12",12,12,NA,NA,"GA3","dry","dry","24.5","30","percent.germ","light",NA,"mamut20exp1","Leontice_incerta","44.32 86.14","44.32 86.14 717","mamut20","exp1","HHN","Leontice","incerta","Berberidaceae","N","N","General Hill, Shihezi City, Xinjiang Uyghur Autonomous Region, China",44.32,86.14,"717","Asia",NA,"2018","2018","dry","30","20 - 30","23 - 26","after ripening + chem",NA,NA,"alternating 5/2",NA,"cool-white alternating 12/12","GA3","2094",NA,"N",NA,"N",NA,NA,"N","per.germ","30.58","standard error","3","4","25","5","other, end of chem treatment","figure 2",NA,30.58,"SE","after ripening + chem","2094",11,"mamut20exp1 11"
NA,NA,NA,NA,NA,"3.5","5/2",30,"alternating",5,2,"12/12",12,12,NA,NA,"GA3","dry","dry","24.5","30","percent.germ","light",NA,"mamut20exp1","Leontice_incerta","44.32 86.14","44.32 86.14 717","mamut20","exp1","HHN","Leontice","incerta","Berberidaceae","N","N","General Hill, Shihezi City, Xinjiang Uyghur Autonomous Region, China",44.32,86.14,"717","Asia",NA,"2018","2018","dry","30","20 - 30","23 - 26","after ripening + chem",NA,NA,"alternating 5/2",NA,"cool-white alternating 12/12","GA3","0 (control)",NA,"N",NA,"N",NA,NA,"N","per.germ","29.23","standard error","3.2","4","25","2","other, end of chem treatment","figure 2",NA,29.23,"SE","after ripening + chem","0",11,"mamut20exp1 11"
NA,NA,NA,NA,NA,"8.5","15/2",30,"alternating",15,2,"12/12",12,12,NA,NA,"GA3","dry","dry","24.5","30","percent.germ","light",NA,"mamut20exp1","Leontice_incerta","44.32 86.14","44.32 86.14 717","mamut20","exp1","HHN","Leontice","incerta","Berberidaceae","N","N","General Hill, Shihezi City, Xinjiang Uyghur Autonomous Region, China",44.32,86.14,"717","Asia",NA,"2018","2018","dry","30","20 - 30","23 - 26","after ripening + chem",NA,NA,"alternating 15/2",NA,"cool-white alternating 12/12","GA3","20.94",NA,"N",NA,"N",NA,NA,"N","per.germ","39.35","standard error","4.2","4","25","7","other, end of chem treatment","figure 2",NA,39.35,"SE","after ripening + chem","20.94",12,"mamut20exp1 12"
NA,NA,NA,NA,NA,"8.5","15/2",30,"alternating",15,2,"12/12",12,12,NA,NA,"GA3","dry","dry","24.5","30","percent.germ","light",NA,"mamut20exp1","Leontice_incerta","44.32 86.14","44.32 86.14 717","mamut20","exp1","HHN","Leontice","incerta","Berberidaceae","N","N","General Hill, Shihezi City, Xinjiang Uyghur Autonomous Region, China",44.32,86.14,"717","Asia",NA,"2018","2018","dry","30","20 - 30","23 - 26","after ripening + chem",NA,NA,"alternating 15/2",NA,"cool-white alternating 12/12","GA3","209.4",NA,"N",NA,"N",NA,NA,"N","per.germ","49.63","standard error","5.4","4","25","8","other, end of chem treatment","figure 2",NA,49.63,"SE","after ripening + chem","209.4",12,"mamut20exp1 12"
NA,NA,NA,NA,NA,"8.5","15/2",30,"alternating",15,2,"12/12",12,12,NA,NA,"GA3","dry","dry","24.5","30","percent.germ","light",NA,"mamut20exp1","Leontice_incerta","44.32 86.14","44.32 86.14 717","mamut20","exp1","HHN","Leontice","incerta","Berberidaceae","N","N","General Hill, Shihezi City, Xinjiang Uyghur Autonomous Region, China",44.32,86.14,"717","Asia",NA,"2018","2018","dry","30","20 - 30","23 - 26","after ripening + chem",NA,NA,"alternating 15/2",NA,"cool-white alternating 12/12","GA3","2094",NA,"N",NA,"N",NA,NA,"N","per.germ","40.26","standard error","4.2","4","25","9","other, end of chem treatment","figure 2",NA,40.26,"SE","after ripening + chem","2094",12,"mamut20exp1 12"
NA,NA,NA,NA,NA,"8.5","15/2",30,"alternating",15,2,"12/12",12,12,NA,NA,"GA3","dry","dry","24.5","30","percent.germ","light",NA,"mamut20exp1","Leontice_incerta","44.32 86.14","44.32 86.14 717","mamut20","exp1","HHN","Leontice","incerta","Berberidaceae","N","N","General Hill, Shihezi City, Xinjiang Uyghur Autonomous Region, China",44.32,86.14,"717","Asia",NA,"2018","2018","dry","30","20 - 30","23 - 26","after ripening + chem",NA,NA,"alternating 15/2",NA,"cool-white alternating 12/12","GA3","0 (control)",NA,"N",NA,"N",NA,NA,"N","per.germ","37.23","standard error","3.3","4","25","6","other, end of chem treatment","figure 2",NA,37.23,"SE","after ripening + chem","0",12,"mamut20exp1 12"
NA,NA,NA,NA,NA,"15","20/10",30,"alternating",20,10,"12/12",12,12,NA,NA,"GA3","dry","dry","24.5","30","percent.germ","light",NA,"mamut20exp1","Leontice_incerta","44.32 86.14","44.32 86.14 717","mamut20","exp1","HHN","Leontice","incerta","Berberidaceae","N","N","General Hill, Shihezi City, Xinjiang Uyghur Autonomous Region, China",44.32,86.14,"717","Asia",NA,"2018","2018","dry","30","20 - 30","23 - 26","after ripening + chem",NA,NA,"alternating 20/10",NA,"cool-white alternating 12/12","GA3","20.94",NA,"N",NA,"N",NA,NA,"N","per.germ","44.19","standard error","4.2","4","25","11","other, end of chem treatment","figure 2",NA,44.19,"SE","after ripening + chem","20.94",13,"mamut20exp1 13"
NA,NA,NA,NA,NA,"15","20/10",30,"alternating",20,10,"12/12",12,12,NA,NA,"GA3","dry","dry","24.5","30","percent.germ","light",NA,"mamut20exp1","Leontice_incerta","44.32 86.14","44.32 86.14 717","mamut20","exp1","HHN","Leontice","incerta","Berberidaceae","N","N","General Hill, Shihezi City, Xinjiang Uyghur Autonomous Region, China",44.32,86.14,"717","Asia",NA,"2018","2018","dry","30","20 - 30","23 - 26","after ripening + chem",NA,NA,"alternating 20/10",NA,"cool-white alternating 12/12","GA3","209.4",NA,"N",NA,"N",NA,NA,"N","per.germ","48.12","standard error","3.3","4","25","12","other, end of chem treatment","figure 2",NA,48.12,"SE","after ripening + chem","209.4",13,"mamut20exp1 13"
NA,NA,NA,NA,NA,"15","20/10",30,"alternating",20,10,"12/12",12,12,NA,NA,"GA3","dry","dry","24.5","30","percent.germ","light",NA,"mamut20exp1","Leontice_incerta","44.32 86.14","44.32 86.14 717","mamut20","exp1","HHN","Leontice","incerta","Berberidaceae","N","N","General Hill, Shihezi City, Xinjiang Uyghur Autonomous Region, China",44.32,86.14,"717","Asia",NA,"2018","2018","dry","30","20 - 30","23 - 26","after ripening + chem",NA,NA,"alternating 20/10",NA,"cool-white alternating 12/12","GA3","2094",NA,"N",NA,"N",NA,NA,"N","per.germ","38.75","standard error","4.5","4","25","13","other, end of chem treatment","figure 2",NA,38.75,"SE","after ripening + chem","2094",13,"mamut20exp1 13"
NA,NA,NA,NA,NA,"15","20/10",30,"alternating",20,10,"12/12",12,12,NA,NA,"GA3","dry","dry","24.5","30","percent.germ","light",NA,"mamut20exp1","Leontice_incerta","44.32 86.14","44.32 86.14 717","mamut20","exp1","HHN","Leontice","incerta","Berberidaceae","N","N","General Hill, Shihezi City, Xinjiang Uyghur Autonomous Region, China",44.32,86.14,"717","Asia",NA,"2018","2018","dry","30","20 - 30","23 - 26","after ripening + chem",NA,NA,"alternating 20/10",NA,"cool-white alternating 12/12","GA3","0 (control)",NA,"N",NA,"N",NA,NA,"N","per.germ","42.07","standard error","3.6","4","25","10","other, end of chem treatment","figure 2",NA,42.07,"SE","after ripening + chem","0",13,"mamut20exp1 13"
NA,NA,NA,NA,NA,"20","25/15",30,"alternating",25,15,"12/12",12,12,NA,NA,"GA3","dry","dry","24.5","30","percent.germ","light",NA,"mamut20exp1","Leontice_incerta","44.32 86.14","44.32 86.14 717","mamut20","exp1","HHN","Leontice","incerta","Berberidaceae","N","N","General Hill, Shihezi City, Xinjiang Uyghur Autonomous Region, China",44.32,86.14,"717","Asia",NA,"2018","2018","dry","30","20 - 30","23 - 26","after ripening + chem",NA,NA,"alternating 25/15",NA,"cool-white alternating 12/12","GA3","20.94",NA,"N",NA,"N",NA,NA,"N","per.germ","72.91","standard error","2.7","4","25","1","other, end of chem treatment","figure 2",NA,72.91,"SE","after ripening + chem","20.94",14,"mamut20exp1 14"
NA,NA,NA,NA,NA,"20","25/15",30,"alternating",25,15,"12/12",12,12,NA,NA,"GA3","dry","dry","24.5","30","percent.germ","light",NA,"mamut20exp1","Leontice_incerta","44.32 86.14","44.32 86.14 717","mamut20","exp1","HHN","Leontice","incerta","Berberidaceae","N","N","General Hill, Shihezi City, Xinjiang Uyghur Autonomous Region, China",44.32,86.14,"717","Asia",NA,"2018","2018","dry","30","20 - 30","23 - 26","after ripening + chem",NA,NA,"alternating 25/15",NA,"cool-white alternating 12/12","GA3","209.4",NA,"N",NA,"N",NA,NA,"N","per.germ","83.19","standard error","3.9","4","25","2","other, end of chem treatment","figure 2",NA,83.19,"SE","after ripening + chem","209.4",14,"mamut20exp1 14"
NA,NA,NA,NA,NA,"20","25/15",30,"alternating",25,15,"12/12",12,12,NA,NA,"GA3","dry","dry","24.5","30","percent.germ","light",NA,"mamut20exp1","Leontice_incerta","44.32 86.14","44.32 86.14 717","mamut20","exp1","HHN","Leontice","incerta","Berberidaceae","N","N","General Hill, Shihezi City, Xinjiang Uyghur Autonomous Region, China",44.32,86.14,"717","Asia",NA,"2018","2018","dry","30","20 - 30","23 - 26","after ripening + chem",NA,NA,"alternating 25/15",NA,"cool-white alternating 12/12","GA3","2094",NA,"N",NA,"N",NA,NA,"N","per.germ","45.4","standard error","4.5","4","25","3","other, end of chem treatment","figure 2",NA,45.4,"SE","after ripening + chem","2094",14,"mamut20exp1 14"
NA,NA,NA,NA,NA,"20","25/15",30,"alternating",25,15,"12/12",12,12,NA,NA,"GA3","dry","dry","24.5","30","percent.germ","light",NA,"mamut20exp1","Leontice_incerta","44.32 86.14","44.32 86.14 717","mamut20","exp1","HHN","Leontice","incerta","Berberidaceae","N","N","General Hill, Shihezi City, Xinjiang Uyghur Autonomous Region, China",44.32,86.14,"717","Asia",NA,"2018","2018","dry","30","20 - 30","23 - 26","after ripening + chem",NA,NA,"alternating 25/15",NA,"cool-white alternating 12/12","GA3","0 (control)",NA,"N",NA,"N",NA,NA,"N","per.germ","65.65","standard error","3.9","4","25","14","other, end of chem treatment","figure 2",NA,65.65,"SE","after ripening + chem","0",14,"mamut20exp1 14"
NA,NA,NA,NA,NA,"22.5","30/15",30,"alternating",30,15,"12/12",12,12,NA,NA,"GA3","dry","dry","24.5","30","percent.germ","light",NA,"mamut20exp1","Leontice_incerta","44.32 86.14","44.32 86.14 717","mamut20","exp1","HHN","Leontice","incerta","Berberidaceae","N","N","General Hill, Shihezi City, Xinjiang Uyghur Autonomous Region, China",44.32,86.14,"717","Asia",NA,"2018","2018","dry","30","20 - 30","23 - 26","after ripening + chem",NA,NA,"alternating 30/15",NA,"cool-white alternating 12/12","GA3","209.4",NA,"N",NA,"N",NA,NA,"N","per.germ","47.82","standard error","3.3","4","25","6","other, end of chem treatment","figure 2",NA,47.82,"SE","after ripening + chem","209.4",15,"mamut20exp1 15"
NA,NA,NA,NA,NA,"22.5","30/15",30,"alternating",30,15,"12/12",12,12,NA,NA,"GA3","dry","dry","24.5","30","percent.germ","light",NA,"mamut20exp1","Leontice_incerta","44.32 86.14","44.32 86.14 717","mamut20","exp1","HHN","Leontice","incerta","Berberidaceae","N","N","General Hill, Shihezi City, Xinjiang Uyghur Autonomous Region, China",44.32,86.14,"717","Asia",NA,"2018","2018","dry","30","20 - 30","23 - 26","after ripening + chem",NA,NA,"alternating 30/15",NA,"cool-white alternating 12/12","GA3","2094",NA,"N",NA,"N",NA,NA,"N","per.germ","41.47","standard error","3","4","25","7","other, end of chem treatment","figure 2",NA,41.47,"SE","after ripening + chem","2094",15,"mamut20exp1 15"
NA,NA,NA,NA,NA,"22.5","30/15",30,"alternating",30,15,"12/12",12,12,NA,NA,"GA3","dry","dry","24.5","30","percent.germ","light",NA,"mamut20exp1","Leontice_incerta","44.32 86.14","44.32 86.14 717","mamut20","exp1","HHN","Leontice","incerta","Berberidaceae","N","N","General Hill, Shihezi City, Xinjiang Uyghur Autonomous Region, China",44.32,86.14,"717","Asia",NA,"2018","2018","dry","30","20 - 30","23 - 26","after ripening + chem",NA,NA,"alternating 30/15",NA,"cool-white alternating 12/12","GA3","0 (control)",NA,"N",NA,"N",NA,NA,"N","per.germ","35.12","standard error","6.3","4","25","4","other, end of chem treatment","figure 2",NA,35.12,"SE","after ripening + chem","0",15,"mamut20exp1 15"
NA,NA,NA,NA,NA,"22.5","30/15",30,"alternating",30,15,"12/12",12,12,NA,NA,"GA3","dry","dry","24.5","30","percent.germ","light",NA,"mamut20exp1","Leontice_incerta","44.32 86.14","44.32 86.14 717","mamut20","exp1","HHN","Leontice","incerta","Berberidaceae","N","N","General Hill, Shihezi City, Xinjiang Uyghur Autonomous Region, China",44.32,86.14,"717","Asia",NA,"2018","2018","dry","30","20 - 30","23 - 26","after ripening + chem",NA,NA,"alternating 30/15",NA,"cool-white alternating 12/12","GA3","20.94",NA,"N",NA,"N",NA,NA,"N","per.germ","42.07","standard error","7","4","25","5","other, end of chem treatment","figure 2",NA,42.07,"SE","after ripening + chem","20.94",15,"mamut20exp1 15"
NA,NA,NA,NA,NA,"3.5","5/2",30,"alternating",5,2,"0/24",0,24,NA,NA,"GA3","dry","dry","24.5","30","percent.germ","dark",NA,"mamut20exp1","Leontice_incerta","44.32 86.14","44.32 86.14 717","mamut20","exp1","HHN","Leontice","incerta","Berberidaceae","N","N","General Hill, Shihezi City, Xinjiang Uyghur Autonomous Region, China",44.32,86.14,"717","Asia",NA,"2018","2018","dry","30","20 - 30","23 - 26","after ripening + chem",NA,NA,"alternating 5/2",NA,"0","GA3","209.4",NA,"N",NA,"N",NA,NA,"N","per.germ","32.36","standard error","4","4","25","10","other, end of chem treatment","figure 2",NA,32.36,"SE","after ripening + chem","209.4",16,"mamut20exp1 16"
NA,NA,NA,NA,NA,"3.5","5/2",30,"alternating",5,2,"0/24",0,24,NA,NA,"GA3","dry","dry","24.5","30","percent.germ","dark",NA,"mamut20exp1","Leontice_incerta","44.32 86.14","44.32 86.14 717","mamut20","exp1","HHN","Leontice","incerta","Berberidaceae","N","N","General Hill, Shihezi City, Xinjiang Uyghur Autonomous Region, China",44.32,86.14,"717","Asia",NA,"2018","2018","dry","30","20 - 30","23 - 26","after ripening + chem",NA,NA,"alternating 5/2",NA,"0","GA3","2094",NA,"N",NA,"N",NA,NA,"N","per.germ","31.65","standard error","3","4","25","11","other, end of chem treatment","figure 2",NA,31.65,"SE","after ripening + chem","2094",16,"mamut20exp1 16"
NA,NA,NA,NA,NA,"3.5","5/2",30,"alternating",5,2,"0/24",0,24,NA,NA,"GA3","dry","dry","24.5","30","percent.germ","dark",NA,"mamut20exp1","Leontice_incerta","44.32 86.14","44.32 86.14 717","mamut20","exp1","HHN","Leontice","incerta","Berberidaceae","N","N","General Hill, Shihezi City, Xinjiang Uyghur Autonomous Region, China",44.32,86.14,"717","Asia",NA,"2018","2018","dry","30","20 - 30","23 - 26","after ripening + chem",NA,NA,"alternating 5/2",NA,"0","GA3","0 (control)",NA,"N",NA,"N",NA,NA,"N","per.germ","25.19","standard error","1.9","4","25","8","other, end of chem treatment","figure 2",NA,25.19,"SE","after ripening + chem","0",16,"mamut20exp1 16"
NA,NA,NA,NA,NA,"3.5","5/2",30,"alternating",5,2,"0/24",0,24,NA,NA,"GA3","dry","dry","24.5","30","percent.germ","dark",NA,"mamut20exp1","Leontice_incerta","44.32 86.14","44.32 86.14 717","mamut20","exp1","HHN","Leontice","incerta","Berberidaceae","N","N","General Hill, Shihezi City, Xinjiang Uyghur Autonomous Region, China",44.32,86.14,"717","Asia",NA,"2018","2018","dry","30","20 - 30","23 - 26","after ripening + chem",NA,NA,"alternating 5/2",NA,"0","GA3","20.94",NA,"N",NA,"N",NA,NA,"N","per.germ","36.22","standard error","4.6","4","25","9","other, end of chem treatment","figure 2",NA,36.22,"SE","after ripening + chem","20.94",16,"mamut20exp1 16"
NA,NA,NA,NA,NA,"8.5","15/2",30,"alternating",15,2,"0/24",0,24,NA,NA,"GA3","dry","dry","24.5","30","percent.germ","dark",NA,"mamut20exp1","Leontice_incerta","44.32 86.14","44.32 86.14 717","mamut20","exp1","HHN","Leontice","incerta","Berberidaceae","N","N","General Hill, Shihezi City, Xinjiang Uyghur Autonomous Region, China",44.32,86.14,"717","Asia",NA,"2018","2018","dry","30","20 - 30","23 - 26","after ripening + chem",NA,NA,"alternating 15/2",NA,"0","GA3","209.4",NA,"N",NA,"N",NA,NA,"N","per.germ","49.32","standard error","3.4","4","25","14","other, end of chem treatment","figure 2",NA,49.32,"SE","after ripening + chem","209.4",17,"mamut20exp1 17"
NA,NA,NA,NA,NA,"8.5","15/2",30,"alternating",15,2,"0/24",0,24,NA,NA,"GA3","dry","dry","24.5","30","percent.germ","dark",NA,"mamut20exp1","Leontice_incerta","44.32 86.14","44.32 86.14 717","mamut20","exp1","HHN","Leontice","incerta","Berberidaceae","N","N","General Hill, Shihezi City, Xinjiang Uyghur Autonomous Region, China",44.32,86.14,"717","Asia",NA,"2018","2018","dry","30","20 - 30","23 - 26","after ripening + chem",NA,NA,"alternating 15/2",NA,"0","GA3","2094",NA,"N",NA,"N",NA,NA,"N","per.germ","34.39","standard error","5.5","4","25","1","other, end of chem treatment","figure 2",NA,34.39,"SE","after ripening + chem","2094",17,"mamut20exp1 17"
NA,NA,NA,NA,NA,"8.5","15/2",30,"alternating",15,2,"0/24",0,24,NA,NA,"GA3","dry","dry","24.5","30","percent.germ","dark",NA,"mamut20exp1","Leontice_incerta","44.32 86.14","44.32 86.14 717","mamut20","exp1","HHN","Leontice","incerta","Berberidaceae","N","N","General Hill, Shihezi City, Xinjiang Uyghur Autonomous Region, China",44.32,86.14,"717","Asia",NA,"2018","2018","dry","30","20 - 30","23 - 26","after ripening + chem",NA,NA,"alternating 15/2",NA,"0","GA3","0 (control)",NA,"N",NA,"N",NA,NA,"N","per.germ","41.4","standard error","2.1","4","25","12","other, end of chem treatment","figure 2",NA,41.4,"SE","after ripening + chem","0",17,"mamut20exp1 17"
NA,NA,NA,NA,NA,"8.5","15/2",30,"alternating",15,2,"0/24",0,24,NA,NA,"GA3","dry","dry","24.5","30","percent.germ","dark",NA,"mamut20exp1","Leontice_incerta","44.32 86.14","44.32 86.14 717","mamut20","exp1","HHN","Leontice","incerta","Berberidaceae","N","N","General Hill, Shihezi City, Xinjiang Uyghur Autonomous Region, China",44.32,86.14,"717","Asia",NA,"2018","2018","dry","30","20 - 30","23 - 26","after ripening + chem",NA,NA,"alternating 15/2",NA,"0","GA3","20.94",NA,"N",NA,"N",NA,NA,"N","per.germ","43.23","standard error","4","4","25","13","other, end of chem treatment","figure 2",NA,43.23,"SE","after ripening + chem","20.94",17,"mamut20exp1 17"
NA,NA,NA,NA,NA,"15","20/10",30,"alternating",20,10,"0/24",0,24,NA,NA,"GA3","dry","dry","24.5","30","percent.germ","dark",NA,"mamut20exp1","Leontice_incerta","44.32 86.14","44.32 86.14 717","mamut20","exp1","HHN","Leontice","incerta","Berberidaceae","N","N","General Hill, Shihezi City, Xinjiang Uyghur Autonomous Region, China",44.32,86.14,"717","Asia",NA,"2018","2018","dry","30","20 - 30","23 - 26","after ripening + chem",NA,NA,"alternating 20/10",NA,"0","GA3","0 (control)",NA,"N",NA,"N",NA,NA,"N","per.germ","30.74","standard error","3.7","4","25","2","other, end of chem treatment","figure 2",NA,30.74,"SE","after ripening + chem","0",18,"mamut20exp1 18"
NA,NA,NA,NA,NA,"15","20/10",30,"alternating",20,10,"0/24",0,24,NA,NA,"GA3","dry","dry","24.5","30","percent.germ","dark",NA,"mamut20exp1","Leontice_incerta","44.32 86.14","44.32 86.14 717","mamut20","exp1","HHN","Leontice","incerta","Berberidaceae","N","N","General Hill, Shihezi City, Xinjiang Uyghur Autonomous Region, China",44.32,86.14,"717","Asia",NA,"2018","2018","dry","30","20 - 30","23 - 26","after ripening + chem",NA,NA,"alternating 20/10",NA,"0","GA3","20.94",NA,"N",NA,"N",NA,NA,"N","per.germ","44.14","standard error","3","4","25","3","other, end of chem treatment","figure 2",NA,44.14,"SE","after ripening + chem","20.94",18,"mamut20exp1 18"
NA,NA,NA,NA,NA,"15","20/10",30,"alternating",20,10,"0/24",0,24,NA,NA,"GA3","dry","dry","24.5","30","percent.germ","dark",NA,"mamut20exp1","Leontice_incerta","44.32 86.14","44.32 86.14 717","mamut20","exp1","HHN","Leontice","incerta","Berberidaceae","N","N","General Hill, Shihezi City, Xinjiang Uyghur Autonomous Region, China",44.32,86.14,"717","Asia",NA,"2018","2018","dry","30","20 - 30","23 - 26","after ripening + chem",NA,NA,"alternating 20/10",NA,"0","GA3","209.4",NA,"N",NA,"N",NA,NA,"N","per.germ","45.97","standard error","4","4","25","4","other, end of chem treatment","figure 2",NA,45.97,"SE","after ripening + chem","209.4",18,"mamut20exp1 18"
NA,NA,NA,NA,NA,"15","20/10",30,"alternating",20,10,"0/24",0,24,NA,NA,"GA3","dry","dry","24.5","30","percent.germ","dark",NA,"mamut20exp1","Leontice_incerta","44.32 86.14","44.32 86.14 717","mamut20","exp1","HHN","Leontice","incerta","Berberidaceae","N","N","General Hill, Shihezi City, Xinjiang Uyghur Autonomous Region, China",44.32,86.14,"717","Asia",NA,"2018","2018","dry","30","20 - 30","23 - 26","after ripening + chem",NA,NA,"alternating 20/10",NA,"0","GA3","2094",NA,"N",NA,"N",NA,NA,"N","per.germ","44.14","standard error","4.6","4","25","5","other, end of chem treatment","figure 2",NA,44.14,"SE","after ripening + chem","2094",18,"mamut20exp1 18"
NA,NA,NA,NA,NA,"20","25/15",30,"alternating",25,15,"0/24",0,24,NA,NA,"GA3","dry","dry","24.5","30","percent.germ","dark",NA,"mamut20exp1","Leontice_incerta","44.32 86.14","44.32 86.14 717","mamut20","exp1","HHN","Leontice","incerta","Berberidaceae","N","N","General Hill, Shihezi City, Xinjiang Uyghur Autonomous Region, China",44.32,86.14,"717","Asia",NA,"2018","2018","dry","30","20 - 30","23 - 26","after ripening + chem",NA,NA,"alternating 25/15",NA,"0","GA3","0 (control)",NA,"N",NA,"N",NA,NA,"N","per.germ","51.45","standard error","4.9","4","25","6","other, end of chem treatment","figure 2",NA,51.45,"SE","after ripening + chem","0",19,"mamut20exp1 19"
NA,NA,NA,NA,NA,"20","25/15",30,"alternating",25,15,"0/24",0,24,NA,NA,"GA3","dry","dry","24.5","30","percent.germ","dark",NA,"mamut20exp1","Leontice_incerta","44.32 86.14","44.32 86.14 717","mamut20","exp1","HHN","Leontice","incerta","Berberidaceae","N","N","General Hill, Shihezi City, Xinjiang Uyghur Autonomous Region, China",44.32,86.14,"717","Asia",NA,"2018","2018","dry","30","20 - 30","23 - 26","after ripening + chem",NA,NA,"alternating 25/15",NA,"0","GA3","20.94",NA,"N",NA,"N",NA,NA,"N","per.germ","56.94","standard error","3.7","4","25","7","other, end of chem treatment","figure 2",NA,56.94,"SE","after ripening + chem","20.94",19,"mamut20exp1 19"
NA,NA,NA,NA,NA,"20","25/15",30,"alternating",25,15,"0/24",0,24,NA,NA,"GA3","dry","dry","24.5","30","percent.germ","dark",NA,"mamut20exp1","Leontice_incerta","44.32 86.14","44.32 86.14 717","mamut20","exp1","HHN","Leontice","incerta","Berberidaceae","N","N","General Hill, Shihezi City, Xinjiang Uyghur Autonomous Region, China",44.32,86.14,"717","Asia",NA,"2018","2018","dry","30","20 - 30","23 - 26","after ripening + chem",NA,NA,"alternating 25/15",NA,"0","GA3","209.4",NA,"N",NA,"N",NA,NA,"N","per.germ","65.47","standard error","4.3","4","25","8","other, end of chem treatment","figure 2",NA,65.47,"SE","after ripening + chem","209.4",19,"mamut20exp1 19"
NA,NA,NA,NA,NA,"20","25/15",30,"alternating",25,15,"0/24",0,24,NA,NA,"GA3","dry","dry","24.5","30","percent.germ","dark",NA,"mamut20exp1","Leontice_incerta","44.32 86.14","44.32 86.14 717","mamut20","exp1","HHN","Leontice","incerta","Berberidaceae","N","N","General Hill, Shihezi City, Xinjiang Uyghur Autonomous Region, China",44.32,86.14,"717","Asia",NA,"2018","2018","dry","30","20 - 30","23 - 26","after ripening + chem",NA,NA,"alternating 25/15",NA,"0","GA3","2094",NA,"N",NA,"N",NA,NA,"N","per.germ","45.36","standard error","3","4","25","9","other, end of chem treatment","figure 2",NA,45.36,"SE","after ripening + chem","2094",19,"mamut20exp1 19"
NA,NA,NA,NA,NA,"22.5","30/15",30,"alternating",30,15,"0/24",0,24,NA,NA,"GA3","dry","dry","24.5","30","percent.germ","dark",NA,"mamut20exp1","Leontice_incerta","44.32 86.14","44.32 86.14 717","mamut20","exp1","HHN","Leontice","incerta","Berberidaceae","N","N","General Hill, Shihezi City, Xinjiang Uyghur Autonomous Region, China",44.32,86.14,"717","Asia",NA,"2018","2018","dry","30","20 - 30","23 - 26","after ripening + chem",NA,NA,"alternating 30/15",NA,"0","GA3","0 (control)",NA,"N",NA,"N",NA,NA,"N","per.germ","47.49","standard error","4","4","25","10","other, end of chem treatment","figure 2",NA,47.49,"SE","after ripening + chem","0",20,"mamut20exp1 20"
NA,NA,NA,NA,NA,"22.5","30/15",30,"alternating",30,15,"0/24",0,24,NA,NA,"GA3","dry","dry","24.5","30","percent.germ","dark",NA,"mamut20exp1","Leontice_incerta","44.32 86.14","44.32 86.14 717","mamut20","exp1","HHN","Leontice","incerta","Berberidaceae","N","N","General Hill, Shihezi City, Xinjiang Uyghur Autonomous Region, China",44.32,86.14,"717","Asia",NA,"2018","2018","dry","30","20 - 30","23 - 26","after ripening + chem",NA,NA,"alternating 30/15",NA,"0","GA3","20.94",NA,"N",NA,"N",NA,NA,"N","per.germ","55.41","standard error","3.4","4","25","11","other, end of chem treatment","figure 2",NA,55.41,"SE","after ripening + chem","20.94",20,"mamut20exp1 20"
NA,NA,NA,NA,NA,"22.5","30/15",30,"alternating",30,15,"0/24",0,24,NA,NA,"GA3","dry","dry","24.5","30","percent.germ","dark",NA,"mamut20exp1","Leontice_incerta","44.32 86.14","44.32 86.14 717","mamut20","exp1","HHN","Leontice","incerta","Berberidaceae","N","N","General Hill, Shihezi City, Xinjiang Uyghur Autonomous Region, China",44.32,86.14,"717","Asia",NA,"2018","2018","dry","30","20 - 30","23 - 26","after ripening + chem",NA,NA,"alternating 30/15",NA,"0","GA3","209.4",NA,"N",NA,"N",NA,NA,"N","per.germ","58.46","standard error","4.3","4","25","12","other, end of chem treatment","figure 2",NA,58.46,"SE","after ripening + chem","209.4",20,"mamut20exp1 20"
NA,NA,NA,NA,NA,"22.5","30/15",30,"alternating",30,15,"0/24",0,24,NA,NA,"GA3","dry","dry","24.5","30","percent.germ","dark",NA,"mamut20exp1","Leontice_incerta","44.32 86.14","44.32 86.14 717","mamut20","exp1","HHN","Leontice","incerta","Berberidaceae","N","N","General Hill, Shihezi City, Xinjiang Uyghur Autonomous Region, China",44.32,86.14,"717","Asia",NA,"2018","2018","dry","30","20 - 30","23 - 26","after ripening + chem",NA,NA,"alternating 30/15",NA,"0","GA3","2094",NA,"N",NA,"N",NA,NA,"N","per.germ","43.53","standard error","3.4","4","25","13","other, end of chem treatment","figure 2",NA,43.53,"SE","after ripening + chem","2094",20,"mamut20exp1 20"
NA,NA,NA,NA,NA,"3.5","5/2",30,"alternating",5,2,"12/12",12,12,NA,NA,"GA3","dry","dry","24.5","91","percent.germ","light",NA,"mamut20exp1","Leontice_incerta","44.32 86.14","44.32 86.14 717","mamut20","exp1","HHN","Leontice","incerta","Berberidaceae","N","N","General Hill, Shihezi City, Xinjiang Uyghur Autonomous Region, China",44.32,86.14,"717","Asia",NA,"2018","2018","dry","91","20 - 30","23 - 26","after ripening + chem",NA,NA,"alternating 5/2",NA,"cool-white alternating 12/12","GA3","20.94",NA,"N",NA,"N",NA,NA,"N","per.germ","46.71","standard error","3","4","25","1","other, end of chem treatment","figure 2",NA,46.71,"SE","after ripening + chem","20.94",21,"mamut20exp1 21"
NA,NA,NA,NA,NA,"3.5","5/2",30,"alternating",5,2,"12/12",12,12,NA,NA,"GA3","dry","dry","24.5","91","percent.germ","light",NA,"mamut20exp1","Leontice_incerta","44.32 86.14","44.32 86.14 717","mamut20","exp1","HHN","Leontice","incerta","Berberidaceae","N","N","General Hill, Shihezi City, Xinjiang Uyghur Autonomous Region, China",44.32,86.14,"717","Asia",NA,"2018","2018","dry","91","20 - 30","23 - 26","after ripening + chem",NA,NA,"alternating 5/2",NA,"cool-white alternating 12/12","GA3","209.4",NA,"N",NA,"N",NA,NA,"N","per.germ","50.72","standard error","2","4","25","2","other, end of chem treatment","figure 2",NA,50.72,"SE","after ripening + chem","209.4",21,"mamut20exp1 21"
NA,NA,NA,NA,NA,"3.5","5/2",30,"alternating",5,2,"12/12",12,12,NA,NA,"GA3","dry","dry","24.5","91","percent.germ","light",NA,"mamut20exp1","Leontice_incerta","44.32 86.14","44.32 86.14 717","mamut20","exp1","HHN","Leontice","incerta","Berberidaceae","N","N","General Hill, Shihezi City, Xinjiang Uyghur Autonomous Region, China",44.32,86.14,"717","Asia",NA,"2018","2018","dry","91","20 - 30","23 - 26","after ripening + chem",NA,NA,"alternating 5/2",NA,"cool-white alternating 12/12","GA3","2094",NA,"N",NA,"N",NA,NA,"N","per.germ","47.05","standard error","4.3","4","25","3","other, end of chem treatment","figure 2",NA,47.05,"SE","after ripening + chem","2094",21,"mamut20exp1 21"
NA,NA,NA,NA,NA,"3.5","5/2",30,"alternating",5,2,"12/12",12,12,NA,NA,"GA3","dry","dry","24.5","91","percent.germ","light",NA,"mamut20exp1","Leontice_incerta","44.32 86.14","44.32 86.14 717","mamut20","exp1","HHN","Leontice","incerta","Berberidaceae","N","N","General Hill, Shihezi City, Xinjiang Uyghur Autonomous Region, China",44.32,86.14,"717","Asia",NA,"2018","2018","dry","91","20 - 30","23 - 26","after ripening + chem",NA,NA,"alternating 5/2",NA,"cool-white alternating 12/12","GA3","0 (control)",NA,"N",NA,"N",NA,NA,"N","per.germ","36.51","standard error","1.9","4","25","14","other, end of chem treatment","figure 2",NA,36.51,"SE","after ripening + chem","0",21,"mamut20exp1 21"
NA,NA,NA,NA,NA,"8.5","15/2",30,"alternating",15,2,"12/12",12,12,NA,NA,"GA3","dry","dry","24.5","91","percent.germ","light",NA,"mamut20exp1","Leontice_incerta","44.32 86.14","44.32 86.14 717","mamut20","exp1","HHN","Leontice","incerta","Berberidaceae","N","N","General Hill, Shihezi City, Xinjiang Uyghur Autonomous Region, China",44.32,86.14,"717","Asia",NA,"2018","2018","dry","91","20 - 30","23 - 26","after ripening + chem",NA,NA,"alternating 15/2",NA,"cool-white alternating 12/12","GA3","20.94",NA,"N",NA,"N",NA,NA,"N","per.germ","50.05","standard error","5","4","25","5","other, end of chem treatment","figure 2",NA,50.05,"SE","after ripening + chem","20.94",22,"mamut20exp1 22"
NA,NA,NA,NA,NA,"8.5","15/2",30,"alternating",15,2,"12/12",12,12,NA,NA,"GA3","dry","dry","24.5","91","percent.germ","light",NA,"mamut20exp1","Leontice_incerta","44.32 86.14","44.32 86.14 717","mamut20","exp1","HHN","Leontice","incerta","Berberidaceae","N","N","General Hill, Shihezi City, Xinjiang Uyghur Autonomous Region, China",44.32,86.14,"717","Asia",NA,"2018","2018","dry","91","20 - 30","23 - 26","after ripening + chem",NA,NA,"alternating 15/2",NA,"cool-white alternating 12/12","GA3","209.4",NA,"N",NA,"N",NA,NA,"N","per.germ","64.05","standard error","2","4","25","6","other, end of chem treatment","figure 2",NA,64.05,"SE","after ripening + chem","209.4",22,"mamut20exp1 22"
NA,NA,NA,NA,NA,"8.5","15/2",30,"alternating",15,2,"12/12",12,12,NA,NA,"GA3","dry","dry","24.5","91","percent.germ","light",NA,"mamut20exp1","Leontice_incerta","44.32 86.14","44.32 86.14 717","mamut20","exp1","HHN","Leontice","incerta","Berberidaceae","N","N","General Hill, Shihezi City, Xinjiang Uyghur Autonomous Region, China",44.32,86.14,"717","Asia",NA,"2018","2018","dry","91","20 - 30","23 - 26","after ripening + chem",NA,NA,"alternating 15/2",NA,"cool-white alternating 12/12","GA3","2094",NA,"N",NA,"N",NA,NA,"N","per.germ","54.05","standard error","3.3","4","25","7","other, end of chem treatment","figure 2",NA,54.05,"SE","after ripening + chem","2094",22,"mamut20exp1 22"
NA,NA,NA,NA,NA,"8.5","15/2",30,"alternating",15,2,"12/12",12,12,NA,NA,"GA3","dry","dry","24.5","91","percent.germ","light",NA,"mamut20exp1","Leontice_incerta","44.32 86.14","44.32 86.14 717","mamut20","exp1","HHN","Leontice","incerta","Berberidaceae","N","N","General Hill, Shihezi City, Xinjiang Uyghur Autonomous Region, China",44.32,86.14,"717","Asia",NA,"2018","2018","dry","91","20 - 30","23 - 26","after ripening + chem",NA,NA,"alternating 15/2",NA,"cool-white alternating 12/12","GA3","0 (control)",NA,"N",NA,"N",NA,NA,"N","per.germ","42.05","standard error","4.7","4","25","4","other, end of chem treatment","figure 2",NA,42.05,"SE","after ripening + chem","0",22,"mamut20exp1 22"
NA,NA,NA,NA,NA,"15","20/10",30,"alternating",20,10,"12/12",12,12,NA,NA,"GA3","dry","dry","24.5","91","percent.germ","light",NA,"mamut20exp1","Leontice_incerta","44.32 86.14","44.32 86.14 717","mamut20","exp1","HHN","Leontice","incerta","Berberidaceae","N","N","General Hill, Shihezi City, Xinjiang Uyghur Autonomous Region, China",44.32,86.14,"717","Asia",NA,"2018","2018","dry","91","20 - 30","23 - 26","after ripening + chem",NA,NA,"alternating 20/10",NA,"cool-white alternating 12/12","GA3","20.94",NA,"N",NA,"N",NA,NA,"N","per.germ","65.39","standard error","5.3","4","25","9","other, end of chem treatment","figure 2",NA,65.39,"SE","after ripening + chem","20.94",23,"mamut20exp1 23"
NA,NA,NA,NA,NA,"15","20/10",30,"alternating",20,10,"12/12",12,12,NA,NA,"GA3","dry","dry","24.5","91","percent.germ","light",NA,"mamut20exp1","Leontice_incerta","44.32 86.14","44.32 86.14 717","mamut20","exp1","HHN","Leontice","incerta","Berberidaceae","N","N","General Hill, Shihezi City, Xinjiang Uyghur Autonomous Region, China",44.32,86.14,"717","Asia",NA,"2018","2018","dry","91","20 - 30","23 - 26","after ripening + chem",NA,NA,"alternating 20/10",NA,"cool-white alternating 12/12","GA3","209.4",NA,"N",NA,"N",NA,NA,"N","per.germ","77.39","standard error","3","4","25","10","other, end of chem treatment","figure 2",NA,77.39,"SE","after ripening + chem","209.4",23,"mamut20exp1 23"
NA,NA,NA,NA,NA,"15","20/10",30,"alternating",20,10,"12/12",12,12,NA,NA,"GA3","dry","dry","24.5","91","percent.germ","light",NA,"mamut20exp1","Leontice_incerta","44.32 86.14","44.32 86.14 717","mamut20","exp1","HHN","Leontice","incerta","Berberidaceae","N","N","General Hill, Shihezi City, Xinjiang Uyghur Autonomous Region, China",44.32,86.14,"717","Asia",NA,"2018","2018","dry","91","20 - 30","23 - 26","after ripening + chem",NA,NA,"alternating 20/10",NA,"cool-white alternating 12/12","GA3","2094",NA,"N",NA,"N",NA,NA,"N","per.germ","49.72","standard error","4.7","4","25","11","other, end of chem treatment","figure 2",NA,49.72,"SE","after ripening + chem","2094",23,"mamut20exp1 23"
NA,NA,NA,NA,NA,"15","20/10",30,"alternating",20,10,"12/12",12,12,NA,NA,"GA3","dry","dry","24.5","91","percent.germ","light",NA,"mamut20exp1","Leontice_incerta","44.32 86.14","44.32 86.14 717","mamut20","exp1","HHN","Leontice","incerta","Berberidaceae","N","N","General Hill, Shihezi City, Xinjiang Uyghur Autonomous Region, China",44.32,86.14,"717","Asia",NA,"2018","2018","dry","91","20 - 30","23 - 26","after ripening + chem",NA,NA,"alternating 20/10",NA,"cool-white alternating 12/12","GA3","0 (control)",NA,"N",NA,"N",NA,NA,"N","per.germ","49.38","standard error","3.3","4","25","8","other, end of chem treatment","figure 2",NA,49.38,"SE","after ripening + chem","0",23,"mamut20exp1 23"
NA,NA,NA,NA,NA,"20","25/15",30,"alternating",25,15,"12/12",12,12,NA,NA,"GA3","dry","dry","24.5","91","percent.germ","light",NA,"mamut20exp1","Leontice_incerta","44.32 86.14","44.32 86.14 717","mamut20","exp1","HHN","Leontice","incerta","Berberidaceae","N","N","General Hill, Shihezi City, Xinjiang Uyghur Autonomous Region, China",44.32,86.14,"717","Asia",NA,"2018","2018","dry","91","20 - 30","23 - 26","after ripening + chem",NA,NA,"alternating 25/15",NA,"cool-white alternating 12/12","GA3","20.94",NA,"N",NA,"N",NA,NA,"N","per.germ","73.06","standard error","3.7","4","25","13","other, end of chem treatment","figure 2",NA,73.06,"SE","after ripening + chem","20.94",24,"mamut20exp1 24"
NA,NA,NA,NA,NA,"20","25/15",30,"alternating",25,15,"12/12",12,12,NA,NA,"GA3","dry","dry","24.5","91","percent.germ","light",NA,"mamut20exp1","Leontice_incerta","44.32 86.14","44.32 86.14 717","mamut20","exp1","HHN","Leontice","incerta","Berberidaceae","N","N","General Hill, Shihezi City, Xinjiang Uyghur Autonomous Region, China",44.32,86.14,"717","Asia",NA,"2018","2018","dry","91","20 - 30","23 - 26","after ripening + chem",NA,NA,"alternating 25/15",NA,"cool-white alternating 12/12","GA3","209.4",NA,"N",NA,"N",NA,NA,"N","per.germ","84.06","standard error","2.3","4","25","14","other, end of chem treatment","figure 2",NA,84.06,"SE","after ripening + chem","209.4",24,"mamut20exp1 24"
NA,NA,NA,NA,NA,"20","25/15",30,"alternating",25,15,"12/12",12,12,NA,NA,"GA3","dry","dry","24.5","91","percent.germ","light",NA,"mamut20exp1","Leontice_incerta","44.32 86.14","44.32 86.14 717","mamut20","exp1","HHN","Leontice","incerta","Berberidaceae","N","N","General Hill, Shihezi City, Xinjiang Uyghur Autonomous Region, China",44.32,86.14,"717","Asia",NA,"2018","2018","dry","91","20 - 30","23 - 26","after ripening + chem",NA,NA,"alternating 25/15",NA,"cool-white alternating 12/12","GA3","2094",NA,"N",NA,"N",NA,NA,"N","per.germ","75.06","standard error","5.3","4","25","1","other, end of chem treatment","figure 2",NA,75.06,"SE","after ripening + chem","2094",24,"mamut20exp1 24"
NA,NA,NA,NA,NA,"20","25/15",30,"alternating",25,15,"12/12",12,12,NA,NA,"GA3","dry","dry","24.5","91","percent.germ","light",NA,"mamut20exp1","Leontice_incerta","44.32 86.14","44.32 86.14 717","mamut20","exp1","HHN","Leontice","incerta","Berberidaceae","N","N","General Hill, Shihezi City, Xinjiang Uyghur Autonomous Region, China",44.32,86.14,"717","Asia",NA,"2018","2018","dry","91","20 - 30","23 - 26","after ripening + chem",NA,NA,"alternating 25/15",NA,"cool-white alternating 12/12","GA3","0 (control)",NA,"N",NA,"N",NA,NA,"N","per.germ","72.06","standard error","2","4","25","12","other, end of chem treatment","figure 2",NA,72.06,"SE","after ripening + chem","0",24,"mamut20exp1 24"
NA,NA,NA,NA,NA,"22.5","30/15",30,"alternating",30,15,"12/12",12,12,NA,NA,"GA3","dry","dry","24.5","91","percent.germ","light",NA,"mamut20exp1","Leontice_incerta","44.32 86.14","44.32 86.14 717","mamut20","exp1","HHN","Leontice","incerta","Berberidaceae","N","N","General Hill, Shihezi City, Xinjiang Uyghur Autonomous Region, China",44.32,86.14,"717","Asia",NA,"2018","2018","dry","91","20 - 30","23 - 26","after ripening + chem",NA,NA,"alternating 30/15",NA,"cool-white alternating 12/12","GA3","209.4",NA,"N",NA,"N",NA,NA,"N","per.germ","72.39","standard error","2","4","25","4","other, end of chem treatment","figure 2",NA,72.39,"SE","after ripening + chem","209.4",25,"mamut20exp1 25"
NA,NA,NA,NA,NA,"22.5","30/15",30,"alternating",30,15,"12/12",12,12,NA,NA,"GA3","dry","dry","24.5","91","percent.germ","light",NA,"mamut20exp1","Leontice_incerta","44.32 86.14","44.32 86.14 717","mamut20","exp1","HHN","Leontice","incerta","Berberidaceae","N","N","General Hill, Shihezi City, Xinjiang Uyghur Autonomous Region, China",44.32,86.14,"717","Asia",NA,"2018","2018","dry","91","20 - 30","23 - 26","after ripening + chem",NA,NA,"alternating 30/15",NA,"cool-white alternating 12/12","GA3","2094",NA,"N",NA,"N",NA,NA,"N","per.germ","69.72","standard error","4.3","4","25","5","other, end of chem treatment","figure 2",NA,69.72,"SE","after ripening + chem","2094",25,"mamut20exp1 25"
NA,NA,NA,NA,NA,"22.5","30/15",30,"alternating",30,15,"12/12",12,12,NA,NA,"GA3","dry","dry","24.5","91","percent.germ","light",NA,"mamut20exp1","Leontice_incerta","44.32 86.14","44.32 86.14 717","mamut20","exp1","HHN","Leontice","incerta","Berberidaceae","N","N","General Hill, Shihezi City, Xinjiang Uyghur Autonomous Region, China",44.32,86.14,"717","Asia",NA,"2018","2018","dry","91","20 - 30","23 - 26","after ripening + chem",NA,NA,"alternating 30/15",NA,"cool-white alternating 12/12","GA3","0 (control)",NA,"N",NA,"N",NA,NA,"N","per.germ","60.05","standard error","1.7","4","25","2","other, end of chem treatment","figure 2",NA,60.05,"SE","after ripening + chem","0",25,"mamut20exp1 25"
NA,NA,NA,NA,NA,"22.5","30/15",30,"alternating",30,15,"12/12",12,12,NA,NA,"GA3","dry","dry","24.5","91","percent.germ","light",NA,"mamut20exp1","Leontice_incerta","44.32 86.14","44.32 86.14 717","mamut20","exp1","HHN","Leontice","incerta","Berberidaceae","N","N","General Hill, Shihezi City, Xinjiang Uyghur Autonomous Region, China",44.32,86.14,"717","Asia",NA,"2018","2018","dry","91","20 - 30","23 - 26","after ripening + chem",NA,NA,"alternating 30/15",NA,"cool-white alternating 12/12","GA3","20.94",NA,"N",NA,"N",NA,NA,"N","per.germ","67.06","standard error","3.3","4","25","3","other, end of chem treatment","figure 2",NA,67.06,"SE","after ripening + chem","20.94",25,"mamut20exp1 25"
NA,NA,NA,NA,NA,"3.5","5/2",30,"alternating",5,2,"0/24",0,24,NA,NA,"GA3","dry","dry","24.5","91","percent.germ","dark",NA,"mamut20exp1","Leontice_incerta","44.32 86.14","44.32 86.14 717","mamut20","exp1","HHN","Leontice","incerta","Berberidaceae","N","N","General Hill, Shihezi City, Xinjiang Uyghur Autonomous Region, China",44.32,86.14,"717","Asia",NA,"2018","2018","dry","91","20 - 30","23 - 26","after ripening + chem",NA,NA,"alternating 5/2",NA,"0","GA3","209.4",NA,"N",NA,"N",NA,NA,"N","per.germ","56.81","standard error","4","4","25","8","other, end of chem treatment","figure 2",NA,56.81,"SE","after ripening + chem","209.4",26,"mamut20exp1 26"
NA,NA,NA,NA,NA,"3.5","5/2",30,"alternating",5,2,"0/24",0,24,NA,NA,"GA3","dry","dry","24.5","91","percent.germ","dark",NA,"mamut20exp1","Leontice_incerta","44.32 86.14","44.32 86.14 717","mamut20","exp1","HHN","Leontice","incerta","Berberidaceae","N","N","General Hill, Shihezi City, Xinjiang Uyghur Autonomous Region, China",44.32,86.14,"717","Asia",NA,"2018","2018","dry","91","20 - 30","23 - 26","after ripening + chem",NA,NA,"alternating 5/2",NA,"0","GA3","2094",NA,"N",NA,"N",NA,NA,"N","per.germ","36.96","standard error","2.3","4","25","9","other, end of chem treatment","figure 2",NA,36.96,"SE","after ripening + chem","2094",26,"mamut20exp1 26"
NA,NA,NA,NA,NA,"3.5","5/2",30,"alternating",5,2,"0/24",0,24,NA,NA,"GA3","dry","dry","24.5","91","percent.germ","dark",NA,"mamut20exp1","Leontice_incerta","44.32 86.14","44.32 86.14 717","mamut20","exp1","HHN","Leontice","incerta","Berberidaceae","N","N","General Hill, Shihezi City, Xinjiang Uyghur Autonomous Region, China",44.32,86.14,"717","Asia",NA,"2018","2018","dry","91","20 - 30","23 - 26","after ripening + chem",NA,NA,"alternating 5/2",NA,"0","GA3","0 (control)",NA,"N",NA,"N",NA,NA,"N","per.germ","33.07","standard error","2.2","4","25","6","other, end of chem treatment","figure 2",NA,33.07,"SE","after ripening + chem","0",26,"mamut20exp1 26"
NA,NA,NA,NA,NA,"3.5","5/2",30,"alternating",5,2,"0/24",0,24,NA,NA,"GA3","dry","dry","24.5","91","percent.germ","dark",NA,"mamut20exp1","Leontice_incerta","44.32 86.14","44.32 86.14 717","mamut20","exp1","HHN","Leontice","incerta","Berberidaceae","N","N","General Hill, Shihezi City, Xinjiang Uyghur Autonomous Region, China",44.32,86.14,"717","Asia",NA,"2018","2018","dry","91","20 - 30","23 - 26","after ripening + chem",NA,NA,"alternating 5/2",NA,"0","GA3","20.94",NA,"N",NA,"N",NA,NA,"N","per.germ","34.97","standard error","5.6","4","25","7","other, end of chem treatment","figure 2",NA,34.97,"SE","after ripening + chem","20.94",26,"mamut20exp1 26"
NA,NA,NA,NA,NA,"8.5","15/2",30,"alternating",15,2,"0/24",0,24,NA,NA,"GA3","dry","dry","24.5","91","percent.germ","dark",NA,"mamut20exp1","Leontice_incerta","44.32 86.14","44.32 86.14 717","mamut20","exp1","HHN","Leontice","incerta","Berberidaceae","N","N","General Hill, Shihezi City, Xinjiang Uyghur Autonomous Region, China",44.32,86.14,"717","Asia",NA,"2018","2018","dry","91","20 - 30","23 - 26","after ripening + chem",NA,NA,"alternating 15/2",NA,"0","GA3","2094",NA,"N",NA,"N",NA,NA,"N","per.germ","48.54","standard error","4","4","25","13","other, end of chem treatment","figure 2",NA,48.54,"SE","after ripening + chem","2094",27,"mamut20exp1 27"
NA,NA,NA,NA,NA,"8.5","15/2",30,"alternating",15,2,"0/24",0,24,NA,NA,"GA3","dry","dry","24.5","91","percent.germ","dark",NA,"mamut20exp1","Leontice_incerta","44.32 86.14","44.32 86.14 717","mamut20","exp1","HHN","Leontice","incerta","Berberidaceae","N","N","General Hill, Shihezi City, Xinjiang Uyghur Autonomous Region, China",44.32,86.14,"717","Asia",NA,"2018","2018","dry","91","20 - 30","23 - 26","after ripening + chem",NA,NA,"alternating 15/2",NA,"0","GA3","209.4",NA,"N",NA,"N",NA,NA,"N","per.germ","64.42","standard error","4","4","25","12","other, end of chem treatment","figure 2",NA,64.42,"SE","after ripening + chem","209.4",27,"mamut20exp1 27"
NA,NA,NA,NA,NA,"8.5","15/2",30,"alternating",15,2,"0/24",0,24,NA,NA,"GA3","dry","dry","24.5","91","percent.germ","dark",NA,"mamut20exp1","Leontice_incerta","44.32 86.14","44.32 86.14 717","mamut20","exp1","HHN","Leontice","incerta","Berberidaceae","N","N","General Hill, Shihezi City, Xinjiang Uyghur Autonomous Region, China",44.32,86.14,"717","Asia",NA,"2018","2018","dry","91","20 - 30","23 - 26","after ripening + chem",NA,NA,"alternating 15/2",NA,"0","GA3","0 (control)",NA,"N",NA,"N",NA,NA,"N","per.germ","37.62","standard error","2","4","25","10","other, end of chem treatment","figure 2",NA,37.62,"SE","after ripening + chem","0",27,"mamut20exp1 27"
NA,NA,NA,NA,NA,"8.5","15/2",30,"alternating",15,2,"0/24",0,24,NA,NA,"GA3","dry","dry","24.5","91","percent.germ","dark",NA,"mamut20exp1","Leontice_incerta","44.32 86.14","44.32 86.14 717","mamut20","exp1","HHN","Leontice","incerta","Berberidaceae","N","N","General Hill, Shihezi City, Xinjiang Uyghur Autonomous Region, China",44.32,86.14,"717","Asia",NA,"2018","2018","dry","91","20 - 30","23 - 26","after ripening + chem",NA,NA,"alternating 15/2",NA,"0","GA3","20.94",NA,"N",NA,"N",NA,NA,"N","per.germ","55.82","standard error","4.6","4","25","11","other, end of chem treatment","figure 2",NA,55.82,"SE","after ripening + chem","20.94",27,"mamut20exp1 27"
NA,NA,NA,NA,NA,"15","20/10",30,"alternating",20,10,"0/24",0,24,NA,NA,"GA3","dry","dry","24.5","91","percent.germ","dark",NA,"mamut20exp1","Leontice_incerta","44.32 86.14","44.32 86.14 717","mamut20","exp1","HHN","Leontice","incerta","Berberidaceae","N","N","General Hill, Shihezi City, Xinjiang Uyghur Autonomous Region, China",44.32,86.14,"717","Asia",NA,"2018","2018","dry","91","20 - 30","23 - 26","after ripening + chem",NA,NA,"alternating 20/10",NA,"0","GA3","20.94",NA,"N",NA,"N",NA,NA,"N","per.germ","62.76","standard error","4.6","4","25","1","other, end of chem treatment","figure 2",NA,62.76,"SE","after ripening + chem","20.94",28,"mamut20exp1 28"
NA,NA,NA,NA,NA,"15","20/10",30,"alternating",20,10,"0/24",0,24,NA,NA,"GA3","dry","dry","24.5","91","percent.germ","dark",NA,"mamut20exp1","Leontice_incerta","44.32 86.14","44.32 86.14 717","mamut20","exp1","HHN","Leontice","incerta","Berberidaceae","N","N","General Hill, Shihezi City, Xinjiang Uyghur Autonomous Region, China",44.32,86.14,"717","Asia",NA,"2018","2018","dry","91","20 - 30","23 - 26","after ripening + chem",NA,NA,"alternating 20/10",NA,"0","GA3","209.4",NA,"N",NA,"N",NA,NA,"N","per.germ","75.67","standard error","4.3","4","25","2","other, end of chem treatment","figure 2",NA,75.67,"SE","after ripening + chem","209.4",28,"mamut20exp1 28"
NA,NA,NA,NA,NA,"15","20/10",30,"alternating",20,10,"0/24",0,24,NA,NA,"GA3","dry","dry","24.5","91","percent.germ","dark",NA,"mamut20exp1","Leontice_incerta","44.32 86.14","44.32 86.14 717","mamut20","exp1","HHN","Leontice","incerta","Berberidaceae","N","N","General Hill, Shihezi City, Xinjiang Uyghur Autonomous Region, China",44.32,86.14,"717","Asia",NA,"2018","2018","dry","91","20 - 30","23 - 26","after ripening + chem",NA,NA,"alternating 20/10",NA,"0","GA3","2094",NA,"N",NA,"N",NA,NA,"N","per.germ","57.8","standard error","3.6","4","25","3","other, end of chem treatment","figure 2",NA,57.8,"SE","after ripening + chem","2094",28,"mamut20exp1 28"
NA,NA,NA,NA,NA,"15","20/10",30,"alternating",20,10,"0/24",0,24,NA,NA,"GA3","dry","dry","24.5","91","percent.germ","dark",NA,"mamut20exp1","Leontice_incerta","44.32 86.14","44.32 86.14 717","mamut20","exp1","HHN","Leontice","incerta","Berberidaceae","N","N","General Hill, Shihezi City, Xinjiang Uyghur Autonomous Region, China",44.32,86.14,"717","Asia",NA,"2018","2018","dry","91","20 - 30","23 - 26","after ripening + chem",NA,NA,"alternating 20/10",NA,"0","GA3","0 (control)",NA,"N",NA,"N",NA,NA,"N","per.germ","39.27","standard error","2.3","4","25","14","other, end of chem treatment","figure 2",NA,39.27,"SE","after ripening + chem","0",28,"mamut20exp1 28"
NA,"0",NA,NA,NA,"25","25",5,"constant",25,NA,"0/24",0,24,NA,NA,"GA3","cold","cold","5",NA,"percent.germ","dark",NA,"watanabe02exp2","Nicandra_physalodes","38.75 140.75","38.75 140.75 NA","watanabe02","exp2","HHN","Nicandra","physalodes",NA,"N","N","Experimental Farm of Tohoku University, Miyagi Prefecture, Japan",38.75,140.75,NA,"Asia",NA,"1998","NA, possibly 1998 - 1999","cold",NA,NA,"5","chemical",NA,"0","25",NA,"0","GA3","0","5","N",NA,"N",NA,"0","N","per.germ","0","standard error","0","4","50","5","other, start chemical treatment","figure 3",NA,0,"SE","hormone","0",1,"watanabe02exp2 1"
NA,"0",NA,NA,NA,"25","25",5,"constant",25,NA,"0/24",0,24,NA,NA,"GA3","cold","cold","5",NA,"percent.germ","dark",NA,"watanabe02exp2","Nicandra_physalodes","38.75 140.75","38.75 140.75 NA","watanabe02","exp2","HHN","Nicandra","physalodes",NA,"N","N","Experimental Farm of Tohoku University, Miyagi Prefecture, Japan",38.75,140.75,NA,"Asia",NA,"1998","NA, possibly 1998 - 1999","cold",NA,NA,"5","chemical",NA,"0","25",NA,"0","GA3","0.034637","5","N",NA,"N",NA,"0","N","per.germ","0","standard error","0","4","50","5","other, start chemical treatment","figure 3",NA,0,"SE","hormone","0.034637",1,"watanabe02exp2 1"
NA,"0",NA,NA,NA,"25","25",5,"constant",25,NA,"0/24",0,24,NA,NA,"GA3","cold","cold","5",NA,"percent.germ","dark",NA,"watanabe02exp2","Nicandra_physalodes","38.75 140.75","38.75 140.75 NA","watanabe02","exp2","HHN","Nicandra","physalodes",NA,"N","N","Experimental Farm of Tohoku University, Miyagi Prefecture, Japan",38.75,140.75,NA,"Asia",NA,"1998","NA, possibly 1998 - 1999","cold",NA,NA,"5","chemical",NA,"0","25",NA,"0","GA3","0.34637","5","N",NA,"N",NA,"0","N","per.germ","0","standard error","0","4","50","5","other, start chemical treatment","figure 3",NA,0,"SE","hormone","0.34637",1,"watanabe02exp2 1"
NA,"0",NA,NA,NA,"25","25",5,"constant",25,NA,"0/24",0,24,NA,NA,"GA3","cold","cold","5",NA,"percent.germ","dark",NA,"watanabe02exp2","Nicandra_physalodes","38.75 140.75","38.75 140.75 NA","watanabe02","exp2","HHN","Nicandra","physalodes",NA,"N","N","Experimental Farm of Tohoku University, Miyagi Prefecture, Japan",38.75,140.75,NA,"Asia",NA,"1998","NA, possibly 1998 - 1999","cold",NA,NA,"5","chemical",NA,"0","25",NA,"0","GA3","3.4637","5","N",NA,"N",NA,"0","N","per.germ","5.33","standard error","2.08","4","50","5","other, start chemical treatment","figure 3",NA,5.33,"SE","hormone","3.4637",1,"watanabe02exp2 1"
NA,"0",NA,NA,NA,"25","25",5,"constant",25,NA,"0/24",0,24,NA,NA,"GA3","cold","cold","5",NA,"percent.germ","dark",NA,"watanabe02exp2","Nicandra_physalodes","38.75 140.75","38.75 140.75 NA","watanabe02","exp2","HHN","Nicandra","physalodes",NA,"N","N","Experimental Farm of Tohoku University, Miyagi Prefecture, Japan",38.75,140.75,NA,"Asia",NA,"1998","NA, possibly 1998 - 1999","cold",NA,NA,"5","chemical",NA,"0","25",NA,"0","GA3","34.637","5","N",NA,"N",NA,"0","N","per.germ","69.77","standard error","4.61","4","50","5","other, start chemical treatment","figure 3",NA,69.77,"SE","hormone","34.637",1,"watanabe02exp2 1"
NA,"0",NA,NA,NA,"25","25",5,"constant",25,NA,"0/24",0,24,NA,NA,"GA3","cold","cold","5",NA,"percent.germ","dark",NA,"watanabe02exp2","Nicandra_physalodes","38.75 140.75","38.75 140.75 NA","watanabe02","exp2","HHN","Nicandra","physalodes",NA,"N","N","Experimental Farm of Tohoku University, Miyagi Prefecture, Japan",38.75,140.75,NA,"Asia",NA,"1998","NA, possibly 1998 - 1999","cold",NA,NA,"5","chemical",NA,"0","25",NA,"0","GA3","346.37","5","N",NA,"N",NA,"0","N","per.germ","73.64","standard error","0.89","4","50","5","other, start chemical treatment","figure 3",NA,73.64,"SE","hormone","346.37",1,"watanabe02exp2 1"
"4","0",NA,NA,NA,"15","10/20",NA,"alternating",20,10,"12/12",12,12,NA,NA,"GA3","dry","dry",NA,"30","percent.germ","light",NA,"ren08exp1","Pedicularis_rex","27.9 99.633333","27.9 99.633333 NA","ren08","exp1","DM","Pedicularis","rex",NA,"N","N","Zhongdian, Yunnan, China",27.9,99.633333,NA,"Asia",NA,"2006",NA,"dry","30-31",NA,NA,"moist chilling","4","0","10/20","alternating temp at day/night","12/12","GA3","500","1","N",NA,NA,NA,NA,NA,"per.germ","26","SD","8.49","3","25",NA,NA,"Table 1","trt.duration is duration of chemical application",26,"SD","moist chilling","500",1,"ren08exp1 1"
"4","0",NA,NA,NA,"15","10/20",NA,"alternating",20,10,"12/12",12,12,NA,NA,"GA3","dry","dry",NA,"30","percent.germ","light",NA,"ren08exp1","Pedicularis_rex","27.9 99.633333","27.9 99.633333 NA","ren08","exp1","DM","Pedicularis","rex",NA,"N","N","Zhongdian, Yunnan, China",27.9,99.633333,NA,"Asia",NA,"2006",NA,"dry","30-31",NA,NA,"moist chilling","4","0","10/20","alternating temp at day/night","12/12","GA3","100","1","N",NA,NA,NA,NA,NA,"per.germ","20","SD","5.66","3","25",NA,NA,"Table 1","trt.duration is duration of chemical application",20,"SD","moist chilling","100",1,"ren08exp1 1"
"4","0",NA,NA,NA,"15","10/20",NA,"alternating",20,10,"12/12",12,12,NA,NA,"GA3","dry","dry",NA,"30","percent.germ","light",NA,"ren08exp1","Pedicularis_rex","27.9 99.633333","27.9 99.633333 NA","ren08","exp1","DM","Pedicularis","rex",NA,"N","N","Zhongdian, Yunnan, China",27.9,99.633333,NA,"Asia",NA,"2006",NA,"dry","30-31",NA,NA,"moist chilling","4","0","10/20","alternating temp at day/night","12/12","GA3","1000","1","N",NA,NA,NA,NA,NA,"per.germ","22.67","SD","2.31","3","25",NA,NA,"Table 1","trt.duration is duration of chemical application",22.67,"SD","moist chilling","1000",1,"ren08exp1 1"
"4","0",NA,NA,NA,"15","10/20",NA,"alternating",20,10,"12/12",12,12,NA,NA,"GA3","dry","dry",NA,"30","percent.germ","light",NA,"ren08exp1","Pedicularis_rex","27.9 99.633333","27.9 99.633333 NA","ren08","exp1","DM","Pedicularis","rex",NA,"N","N","Zhongdian, Yunnan, China",27.9,99.633333,NA,"Asia",NA,"2006",NA,"dry","30-31",NA,NA,"moist chilling","4","0","10/20","alternating temp at day/night","12/12","GA3","0","1","N",NA,NA,NA,NA,NA,"per.germ","6.67","SD","2.31","3","25",NA,NA,"Table 1","trt.duration is duration of chemical application",6.67,"SD","moist chilling","0",1,"ren08exp1 1"
"4","15",NA,NA,NA,"15","10/20",NA,"alternating",20,10,"12/12",12,12,NA,NA,"GA3","dry","dry",NA,"30","percent.germ","light",NA,"ren08exp1","Pedicularis_rex","27.9 99.633333","27.9 99.633333 NA","ren08","exp1","DM","Pedicularis","rex",NA,"N","N","Zhongdian, Yunnan, China",27.9,99.633333,NA,"Asia",NA,"2006",NA,"dry","30-31",NA,NA,"moist chilling","4","15","10/20","alternating temp at day/night","12/12","GA3","0","1","N",NA,NA,NA,NA,NA,"per.germ","41.33","SD","15.14","3","25",NA,NA,"Table 1","trt.duration is duration of chemical application",41.33,"SD","moist chilling","0",2,"ren08exp1 2"
"4","15",NA,NA,NA,"15","10/20",NA,"alternating",20,10,"12/12",12,12,NA,NA,"GA3","dry","dry",NA,"30","percent.germ","light",NA,"ren08exp1","Pedicularis_rex","27.9 99.633333","27.9 99.633333 NA","ren08","exp1","DM","Pedicularis","rex",NA,"N","N","Zhongdian, Yunnan, China",27.9,99.633333,NA,"Asia",NA,"2006",NA,"dry","30-31",NA,NA,"moist chilling","4","15","10/20","alternating temp at day/night","12/12","GA3","500","1","N",NA,NA,NA,NA,NA,"per.germ","62.67","SD","2.31","3","25",NA,NA,"Table 1","trt.duration is duration of chemical application",62.67,"SD","moist chilling","500",2,"ren08exp1 2"
"4","15",NA,NA,NA,"15","10/20",NA,"alternating",20,10,"12/12",12,12,NA,NA,"GA3","dry","dry",NA,"30","percent.germ","light",NA,"ren08exp1","Pedicularis_rex","27.9 99.633333","27.9 99.633333 NA","ren08","exp1","DM","Pedicularis","rex",NA,"N","N","Zhongdian, Yunnan, China",27.9,99.633333,NA,"Asia",NA,"2006",NA,"dry","30-31",NA,NA,"moist chilling","4","15","10/20","alternating temp at day/night","12/12","GA3","100","1","N",NA,NA,NA,NA,NA,"per.germ","37.33","SD","6.11","3","25",NA,NA,"Table 1","trt.duration is duration of chemical application",37.33,"SD","moist chilling","100",2,"ren08exp1 2"
"4","15",NA,NA,NA,"15","10/20",NA,"alternating",20,10,"12/12",12,12,NA,NA,"GA3","dry","dry",NA,"30","percent.germ","light",NA,"ren08exp1","Pedicularis_rex","27.9 99.633333","27.9 99.633333 NA","ren08","exp1","DM","Pedicularis","rex",NA,"N","N","Zhongdian, Yunnan, China",27.9,99.633333,NA,"Asia",NA,"2006",NA,"dry","30-31",NA,NA,"moist chilling","4","15","10/20","alternating temp at day/night","12/12","GA3","1000","1","N",NA,NA,NA,NA,NA,"per.germ","56","SD","8","3","25",NA,NA,"Table 1","trt.duration is duration of chemical application",56,"SD","moist chilling","1000",2,"ren08exp1 2"
"4","30",NA,NA,NA,"15","10/20",NA,"alternating",20,10,"12/12",12,12,NA,NA,"GA3","dry","dry",NA,"30","percent.germ","light",NA,"ren08exp1","Pedicularis_rex","27.9 99.633333","27.9 99.633333 NA","ren08","exp1","DM","Pedicularis","rex",NA,"N","N","Zhongdian, Yunnan, China",27.9,99.633333,NA,"Asia",NA,"2006",NA,"dry","30-31",NA,NA,"moist chilling","4","30","10/20","alternating temp at day/night","12/12","GA3","0","1","N",NA,NA,NA,NA,NA,"per.germ","52","SD","6.93","3","25",NA,NA,"Table 1","trt.duration is duration of chemical application",52,"SD","moist chilling","0",3,"ren08exp1 3"
"4","30",NA,NA,NA,"15","10/20",NA,"alternating",20,10,"12/12",12,12,NA,NA,"GA3","dry","dry",NA,"30","percent.germ","light",NA,"ren08exp1","Pedicularis_rex","27.9 99.633333","27.9 99.633333 NA","ren08","exp1","DM","Pedicularis","rex",NA,"N","N","Zhongdian, Yunnan, China",27.9,99.633333,NA,"Asia",NA,"2006",NA,"dry","30-31",NA,NA,"moist chilling","4","30","10/20","alternating temp at day/night","12/12","GA3","1000","1","N",NA,NA,NA,NA,NA,"per.germ","62.67","SD","11.55","3","25",NA,NA,"Table 1","trt.duration is duration of chemical application",62.67,"SD","moist chilling","1000",3,"ren08exp1 3"
"4","30",NA,NA,NA,"15","10/20",NA,"alternating",20,10,"12/12",12,12,NA,NA,"GA3","dry","dry",NA,"30","percent.germ","light",NA,"ren08exp1","Pedicularis_rex","27.9 99.633333","27.9 99.633333 NA","ren08","exp1","DM","Pedicularis","rex",NA,"N","N","Zhongdian, Yunnan, China",27.9,99.633333,NA,"Asia",NA,"2006",NA,"dry","30-31",NA,NA,"moist chilling","4","30","10/20","alternating temp at day/night","12/12","GA3","500","1","N",NA,NA,NA,NA,NA,"per.germ","65.33","SD","11.55","3","25",NA,NA,"Table 1","trt.duration is duration of chemical application",65.33,"SD","moist chilling","500",3,"ren08exp1 3"
"4","30",NA,NA,NA,"15","10/20",NA,"alternating",20,10,"12/12",12,12,NA,NA,"GA3","dry","dry",NA,"30","percent.germ","light",NA,"ren08exp1","Pedicularis_rex","27.9 99.633333","27.9 99.633333 NA","ren08","exp1","DM","Pedicularis","rex",NA,"N","N","Zhongdian, Yunnan, China",27.9,99.633333,NA,"Asia",NA,"2006",NA,"dry","30-31",NA,NA,"moist chilling","4","30","10/20","alternating temp at day/night","12/12","GA3","100","1","N",NA,NA,NA,NA,NA,"per.germ","52","SD","10.58","3","25",NA,NA,"Table 1","trt.duration is duration of chemical application",52,"SD","moist chilling","100",3,"ren08exp1 3"
"4","45",NA,NA,NA,"15","10/20",NA,"alternating",20,10,"12/12",12,12,NA,NA,"GA3","dry","dry",NA,"30","percent.germ","light",NA,"ren08exp1","Pedicularis_rex","27.9 99.633333","27.9 99.633333 NA","ren08","exp1","DM","Pedicularis","rex",NA,"N","N","Zhongdian, Yunnan, China",27.9,99.633333,NA,"Asia",NA,"2006",NA,"dry","30-31",NA,NA,"moist chilling","4","45","10/20","alternating temp at day/night","12/12","GA3","0","1","N",NA,NA,NA,NA,NA,"per.germ","36","SD","6.93","3","25",NA,NA,"Table 1","trt.duration is duration of chemical application",36,"SD","moist chilling","0",4,"ren08exp1 4"
"4","45",NA,NA,NA,"15","10/20",NA,"alternating",20,10,"12/12",12,12,NA,NA,"GA3","dry","dry",NA,"30","percent.germ","light",NA,"ren08exp1","Pedicularis_rex","27.9 99.633333","27.9 99.633333 NA","ren08","exp1","DM","Pedicularis","rex",NA,"N","N","Zhongdian, Yunnan, China",27.9,99.633333,NA,"Asia",NA,"2006",NA,"dry","30-31",NA,NA,"moist chilling","4","45","10/20","alternating temp at day/night","12/12","GA3","100","1","N",NA,NA,NA,NA,NA,"per.germ","48","SD","13.86","3","25",NA,NA,"Table 1","trt.duration is duration of chemical application",48,"SD","moist chilling","100",4,"ren08exp1 4"
"4","45",NA,NA,NA,"15","10/20",NA,"alternating",20,10,"12/12",12,12,NA,NA,"GA3","dry","dry",NA,"30","percent.germ","light",NA,"ren08exp1","Pedicularis_rex","27.9 99.633333","27.9 99.633333 NA","ren08","exp1","DM","Pedicularis","rex",NA,"N","N","Zhongdian, Yunnan, China",27.9,99.633333,NA,"Asia",NA,"2006",NA,"dry","30-31",NA,NA,"moist chilling","4","45","10/20","alternating temp at day/night","12/12","GA3","1000","1","N",NA,NA,NA,NA,NA,"per.germ","54.67","SD","2.31","3","25",NA,NA,"Table 1","trt.duration is duration of chemical application",54.67,"SD","moist chilling","1000",4,"ren08exp1 4"
"4","45",NA,NA,NA,"15","10/20",NA,"alternating",20,10,"12/12",12,12,NA,NA,"GA3","dry","dry",NA,"30","percent.germ","light",NA,"ren08exp1","Pedicularis_rex","27.9 99.633333","27.9 99.633333 NA","ren08","exp1","DM","Pedicularis","rex",NA,"N","N","Zhongdian, Yunnan, China",27.9,99.633333,NA,"Asia",NA,"2006",NA,"dry","30-31",NA,NA,"moist chilling","4","45","10/20","alternating temp at day/night","12/12","GA3","500","1","N",NA,NA,NA,NA,NA,"per.germ","50.67","SD","4.62","3","25",NA,NA,"Table 1","trt.duration is duration of chemical application",50.67,"SD","moist chilling","500",4,"ren08exp1 4"
"4","60",NA,NA,NA,"15","10/20",NA,"alternating",20,10,"12/12",12,12,NA,NA,"GA3","dry","dry",NA,"30","percent.germ","light",NA,"ren08exp1","Pedicularis_rex","27.9 99.633333","27.9 99.633333 NA","ren08","exp1","DM","Pedicularis","rex",NA,"N","N","Zhongdian, Yunnan, China",27.9,99.633333,NA,"Asia",NA,"2006",NA,"dry","30-31",NA,NA,"moist chilling","4","60","10/20","alternating temp at day/night","12/12","GA3","0","1","N",NA,NA,NA,NA,NA,"per.germ","45.33","SD","4.62","3","25",NA,NA,"Table 1","trt.duration is duration of chemical application",45.33,"SD","moist chilling","0",5,"ren08exp1 5"
"4","60",NA,NA,NA,"15","10/20",NA,"alternating",20,10,"12/12",12,12,NA,NA,"GA3","dry","dry",NA,"30","percent.germ","light",NA,"ren08exp1","Pedicularis_rex","27.9 99.633333","27.9 99.633333 NA","ren08","exp1","DM","Pedicularis","rex",NA,"N","N","Zhongdian, Yunnan, China",27.9,99.633333,NA,"Asia",NA,"2006",NA,"dry","30-31",NA,NA,"moist chilling","4","60","10/20","alternating temp at day/night","12/12","GA3","100","1","N",NA,NA,NA,NA,NA,"per.germ","37.33","SD","12.86","3","25",NA,NA,"Table 1","trt.duration is duration of chemical application",37.33,"SD","moist chilling","100",5,"ren08exp1 5"
"4","60",NA,NA,NA,"15","10/20",NA,"alternating",20,10,"12/12",12,12,NA,NA,"GA3","dry","dry",NA,"30","percent.germ","light",NA,"ren08exp1","Pedicularis_rex","27.9 99.633333","27.9 99.633333 NA","ren08","exp1","DM","Pedicularis","rex",NA,"N","N","Zhongdian, Yunnan, China",27.9,99.633333,NA,"Asia",NA,"2006",NA,"dry","30-31",NA,NA,"moist chilling","4","60","10/20","alternating temp at day/night","12/12","GA3","1000","1","N",NA,NA,NA,NA,NA,"per.germ","50.67","SD","6.11","3","25",NA,NA,"Table 1","trt.duration is duration of chemical application",50.67,"SD","moist chilling","1000",5,"ren08exp1 5"
"4","60",NA,NA,NA,"15","10/20",NA,"alternating",20,10,"12/12",12,12,NA,NA,"GA3","dry","dry",NA,"30","percent.germ","light",NA,"ren08exp1","Pedicularis_rex","27.9 99.633333","27.9 99.633333 NA","ren08","exp1","DM","Pedicularis","rex",NA,"N","N","Zhongdian, Yunnan, China",27.9,99.633333,NA,"Asia",NA,"2006",NA,"dry","30-31",NA,NA,"moist chilling","4","60","10/20","alternating temp at day/night","12/12","GA3","500","1","N",NA,NA,NA,NA,NA,"per.germ","48","SD","13.86","3","25",NA,NA,"Table 1","trt.duration is duration of chemical application",48,"SD","moist chilling","500",5,"ren08exp1 5"
"4","75",NA,NA,NA,"15","10/20",NA,"alternating",20,10,"12/12",12,12,NA,NA,"GA3","dry","dry",NA,"30","percent.germ","light",NA,"ren08exp1","Pedicularis_rex","27.9 99.633333","27.9 99.633333 NA","ren08","exp1","DM","Pedicularis","rex",NA,"N","N","Zhongdian, Yunnan, China",27.9,99.633333,NA,"Asia",NA,"2006",NA,"dry","30-31",NA,NA,"moist chilling","4","75","10/20","alternating temp at day/night","12/12","GA3","0","1","N",NA,NA,NA,NA,NA,"per.germ","25.33","SD","6.11","3","25",NA,NA,"Table 1","trt.duration is duration of chemical application",25.33,"SD","moist chilling","0",6,"ren08exp1 6"
"4","75",NA,NA,NA,"15","10/20",NA,"alternating",20,10,"12/12",12,12,NA,NA,"GA3","dry","dry",NA,"30","percent.germ","light",NA,"ren08exp1","Pedicularis_rex","27.9 99.633333","27.9 99.633333 NA","ren08","exp1","DM","Pedicularis","rex",NA,"N","N","Zhongdian, Yunnan, China",27.9,99.633333,NA,"Asia",NA,"2006",NA,"dry","30-31",NA,NA,"moist chilling","4","75","10/20","alternating temp at day/night","12/12","GA3","500","1","N",NA,NA,NA,NA,NA,"per.germ","37.33","SD","6.11","3","25",NA,NA,"Table 1","trt.duration is duration of chemical application",37.33,"SD","moist chilling","500",6,"ren08exp1 6"
"4","75",NA,NA,NA,"15","10/20",NA,"alternating",20,10,"12/12",12,12,NA,NA,"GA3","dry","dry",NA,"30","percent.germ","light",NA,"ren08exp1","Pedicularis_rex","27.9 99.633333","27.9 99.633333 NA","ren08","exp1","DM","Pedicularis","rex",NA,"N","N","Zhongdian, Yunnan, China",27.9,99.633333,NA,"Asia",NA,"2006",NA,"dry","30-31",NA,NA,"moist chilling","4","75","10/20","alternating temp at day/night","12/12","GA3","100","1","N",NA,NA,NA,NA,NA,"per.germ","14.67","SD","2.31","3","25",NA,NA,"Table 1","trt.duration is duration of chemical application",14.67,"SD","moist chilling","100",6,"ren08exp1 6"
"4","75",NA,NA,NA,"15","10/20",NA,"alternating",20,10,"12/12",12,12,NA,NA,"GA3","dry","dry",NA,"30","percent.germ","light",NA,"ren08exp1","Pedicularis_rex","27.9 99.633333","27.9 99.633333 NA","ren08","exp1","DM","Pedicularis","rex",NA,"N","N","Zhongdian, Yunnan, China",27.9,99.633333,NA,"Asia",NA,"2006",NA,"dry","30-31",NA,NA,"moist chilling","4","75","10/20","alternating temp at day/night","12/12","GA3","1000","1","N",NA,NA,NA,NA,NA,"per.germ","30.67","SD","6.11","3","25",NA,NA,"Table 1","trt.duration is duration of chemical application",30.67,"SD","moist chilling","1000",6,"ren08exp1 6"
"4","90",NA,NA,NA,"15","10/20",NA,"alternating",20,10,"12/12",12,12,NA,NA,"GA3","dry","dry",NA,"30","percent.germ","light",NA,"ren08exp1","Pedicularis_rex","27.9 99.633333","27.9 99.633333 NA","ren08","exp1","DM","Pedicularis","rex",NA,"N","N","Zhongdian, Yunnan, China",27.9,99.633333,NA,"Asia",NA,"2006",NA,"dry","30-31",NA,NA,"moist chilling","4","90","10/20","alternating temp at day/night","12/12","GA3","0","1","N",NA,NA,NA,NA,NA,"per.germ","26.67","SD","4.62","3","25",NA,NA,"Table 1","trt.duration is duration of chemical application",26.67,"SD","moist chilling","0",7,"ren08exp1 7"
"4","90",NA,NA,NA,"15","10/20",NA,"alternating",20,10,"12/12",12,12,NA,NA,"GA3","dry","dry",NA,"30","percent.germ","light",NA,"ren08exp1","Pedicularis_rex","27.9 99.633333","27.9 99.633333 NA","ren08","exp1","DM","Pedicularis","rex",NA,"N","N","Zhongdian, Yunnan, China",27.9,99.633333,NA,"Asia",NA,"2006",NA,"dry","30-31",NA,NA,"moist chilling","4","90","10/20","alternating temp at day/night","12/12","GA3","500","1","N",NA,NA,NA,NA,NA,"per.germ","24","SD","4","3","25",NA,NA,"Table 1","trt.duration is duration of chemical application",24,"SD","moist chilling","500",7,"ren08exp1 7"
"4","90",NA,NA,NA,"15","10/20",NA,"alternating",20,10,"12/12",12,12,NA,NA,"GA3","dry","dry",NA,"30","percent.germ","light",NA,"ren08exp1","Pedicularis_rex","27.9 99.633333","27.9 99.633333 NA","ren08","exp1","DM","Pedicularis","rex",NA,"N","N","Zhongdian, Yunnan, China",27.9,99.633333,NA,"Asia",NA,"2006",NA,"dry","30-31",NA,NA,"moist chilling","4","90","10/20","alternating temp at day/night","12/12","GA3","1000","1","N",NA,NA,NA,NA,NA,"per.germ","16","SD","4","3","25",NA,NA,"Table 1","trt.duration is duration of chemical application",16,"SD","moist chilling","1000",7,"ren08exp1 7"
"4","90",NA,NA,NA,"15","10/20",NA,"alternating",20,10,"12/12",12,12,NA,NA,"GA3","dry","dry",NA,"30","percent.germ","light",NA,"ren08exp1","Pedicularis_rex","27.9 99.633333","27.9 99.633333 NA","ren08","exp1","DM","Pedicularis","rex",NA,"N","N","Zhongdian, Yunnan, China",27.9,99.633333,NA,"Asia",NA,"2006",NA,"dry","30-31",NA,NA,"moist chilling","4","90","10/20","alternating temp at day/night","12/12","GA3","100","1","N",NA,NA,NA,NA,NA,"per.germ","16","SD","0","3","25",NA,NA,"Table 1","trt.duration is duration of chemical application",16,"SD","moist chilling","100",7,"ren08exp1 7"
"4","0",NA,NA,NA,"15","10/20",NA,"alternating",20,10,"12/12",12,12,NA,NA,"GA3","dry","dry",NA,"30","percent.germ","light",NA,"ren08exp1","Pedicularis_rhinanthoides","27.9 99.633333","27.9 99.633333 NA","ren08","exp1","DM","Pedicularis","rhinanthoides",NA,"N","N","Zhongdian, Yunnan, China",27.9,99.633333,NA,"Asia",NA,"2006",NA,"dry","30-31",NA,NA,"moist chilling","4","0","10/20","alternating temp at day/night","12/12","GA3","0","1","N",NA,NA,NA,NA,NA,"per.germ","4","SD","0","3","25",NA,NA,"Table 1","trt.duration is duration of chemical application",4,"SD","moist chilling","0",8,"ren08exp1 8"
"4","0",NA,NA,NA,"15","10/20",NA,"alternating",20,10,"12/12",12,12,NA,NA,"GA3","dry","dry",NA,"30","percent.germ","light",NA,"ren08exp1","Pedicularis_rhinanthoides","27.9 99.633333","27.9 99.633333 NA","ren08","exp1","DM","Pedicularis","rhinanthoides",NA,"N","N","Zhongdian, Yunnan, China",27.9,99.633333,NA,"Asia",NA,"2006",NA,"dry","30-31",NA,NA,"moist chilling","4","0","10/20","alternating temp at day/night","12/12","GA3","500","1","N",NA,NA,NA,NA,NA,"per.germ","100","SD","0","3","25",NA,NA,"Table 1","trt.duration is duration of chemical application",100,"SD","moist chilling","500",8,"ren08exp1 8"
"4","0",NA,NA,NA,"15","10/20",NA,"alternating",20,10,"12/12",12,12,NA,NA,"GA3","dry","dry",NA,"30","percent.germ","light",NA,"ren08exp1","Pedicularis_rhinanthoides","27.9 99.633333","27.9 99.633333 NA","ren08","exp1","DM","Pedicularis","rhinanthoides",NA,"N","N","Zhongdian, Yunnan, China",27.9,99.633333,NA,"Asia",NA,"2006",NA,"dry","30-31",NA,NA,"moist chilling","4","0","10/20","alternating temp at day/night","12/12","GA3","100","1","N",NA,NA,NA,NA,NA,"per.germ","69","SD","25.38","3","25",NA,NA,"Table 1","trt.duration is duration of chemical application",69,"SD","moist chilling","100",8,"ren08exp1 8"
"4","0",NA,NA,NA,"15","10/20",NA,"alternating",20,10,"12/12",12,12,NA,NA,"GA3","dry","dry",NA,"30","percent.germ","light",NA,"ren08exp1","Pedicularis_rhinanthoides","27.9 99.633333","27.9 99.633333 NA","ren08","exp1","DM","Pedicularis","rhinanthoides",NA,"N","N","Zhongdian, Yunnan, China",27.9,99.633333,NA,"Asia",NA,"2006",NA,"dry","30-31",NA,NA,"moist chilling","4","0","10/20","alternating temp at day/night","12/12","GA3","1000","1","N",NA,NA,NA,NA,NA,"per.germ","100","SD","0","3","25",NA,NA,"Table 1","trt.duration is duration of chemical application",100,"SD","moist chilling","1000",8,"ren08exp1 8"
"4","15",NA,NA,NA,"15","10/20",NA,"alternating",20,10,"12/12",12,12,NA,NA,"GA3","dry","dry",NA,"30","percent.germ","light",NA,"ren08exp1","Pedicularis_rhinanthoides","27.9 99.633333","27.9 99.633333 NA","ren08","exp1","DM","Pedicularis","rhinanthoides",NA,"N","N","Zhongdian, Yunnan, China",27.9,99.633333,NA,"Asia",NA,"2006",NA,"dry","30-31",NA,NA,"moist chilling","4","15","10/20","alternating temp at day/night","12/12","GA3","0","1","N",NA,NA,NA,NA,NA,"per.germ","46.67","SD","16.17","3","25",NA,NA,"Table 1","trt.duration is duration of chemical application",46.67,"SD","moist chilling","0",9,"ren08exp1 9"
"4","15",NA,NA,NA,"15","10/20",NA,"alternating",20,10,"12/12",12,12,NA,NA,"GA3","dry","dry",NA,"30","percent.germ","light",NA,"ren08exp1","Pedicularis_rhinanthoides","27.9 99.633333","27.9 99.633333 NA","ren08","exp1","DM","Pedicularis","rhinanthoides",NA,"N","N","Zhongdian, Yunnan, China",27.9,99.633333,NA,"Asia",NA,"2006",NA,"dry","30-31",NA,NA,"moist chilling","4","15","10/20","alternating temp at day/night","12/12","GA3","1000","1","N",NA,NA,NA,NA,NA,"per.germ","94.67","SD","4.62","3","25",NA,NA,"Table 1","trt.duration is duration of chemical application",94.67,"SD","moist chilling","1000",9,"ren08exp1 9"
"4","15",NA,NA,NA,"15","10/20",NA,"alternating",20,10,"12/12",12,12,NA,NA,"GA3","dry","dry",NA,"30","percent.germ","light",NA,"ren08exp1","Pedicularis_rhinanthoides","27.9 99.633333","27.9 99.633333 NA","ren08","exp1","DM","Pedicularis","rhinanthoides",NA,"N","N","Zhongdian, Yunnan, China",27.9,99.633333,NA,"Asia",NA,"2006",NA,"dry","30-31",NA,NA,"moist chilling","4","15","10/20","alternating temp at day/night","12/12","GA3","500","1","N",NA,NA,NA,NA,NA,"per.germ","100","SD","0","3","25",NA,NA,"Table 1","trt.duration is duration of chemical application",100,"SD","moist chilling","500",9,"ren08exp1 9"
"4","15",NA,NA,NA,"15","10/20",NA,"alternating",20,10,"12/12",12,12,NA,NA,"GA3","dry","dry",NA,"30","percent.germ","light",NA,"ren08exp1","Pedicularis_rhinanthoides","27.9 99.633333","27.9 99.633333 NA","ren08","exp1","DM","Pedicularis","rhinanthoides",NA,"N","N","Zhongdian, Yunnan, China",27.9,99.633333,NA,"Asia",NA,"2006",NA,"dry","30-31",NA,NA,"moist chilling","4","15","10/20","alternating temp at day/night","12/12","GA3","100","1","N",NA,NA,NA,NA,NA,"per.germ","92","SD","6.93","3","25",NA,NA,"Table 1","trt.duration is duration of chemical application",92,"SD","moist chilling","100",9,"ren08exp1 9"
"4","30",NA,NA,NA,"15","10/20",NA,"alternating",20,10,"12/12",12,12,NA,NA,"GA3","dry","dry",NA,"30","percent.germ","light",NA,"ren08exp1","Pedicularis_rhinanthoides","27.9 99.633333","27.9 99.633333 NA","ren08","exp1","DM","Pedicularis","rhinanthoides",NA,"N","N","Zhongdian, Yunnan, China",27.9,99.633333,NA,"Asia",NA,"2006",NA,"dry","30-31",NA,NA,"moist chilling","4","30","10/20","alternating temp at day/night","12/12","GA3","0","1","N",NA,NA,NA,NA,NA,"per.germ","78.67","SD","2.31","3","25",NA,NA,"Table 1","trt.duration is duration of chemical application",78.67,"SD","moist chilling","0",10,"ren08exp1 10"
"4","30",NA,NA,NA,"15","10/20",NA,"alternating",20,10,"12/12",12,12,NA,NA,"GA3","dry","dry",NA,"30","percent.germ","light",NA,"ren08exp1","Pedicularis_rhinanthoides","27.9 99.633333","27.9 99.633333 NA","ren08","exp1","DM","Pedicularis","rhinanthoides",NA,"N","N","Zhongdian, Yunnan, China",27.9,99.633333,NA,"Asia",NA,"2006",NA,"dry","30-31",NA,NA,"moist chilling","4","30","10/20","alternating temp at day/night","12/12","GA3","100","1","N",NA,NA,NA,NA,NA,"per.germ","97.33","SD","2.31","3","25",NA,NA,"Table 1","trt.duration is duration of chemical application",97.33,"SD","moist chilling","100",10,"ren08exp1 10"
"4","30",NA,NA,NA,"15","10/20",NA,"alternating",20,10,"12/12",12,12,NA,NA,"GA3","dry","dry",NA,"30","percent.germ","light",NA,"ren08exp1","Pedicularis_rhinanthoides","27.9 99.633333","27.9 99.633333 NA","ren08","exp1","DM","Pedicularis","rhinanthoides",NA,"N","N","Zhongdian, Yunnan, China",27.9,99.633333,NA,"Asia",NA,"2006",NA,"dry","30-31",NA,NA,"moist chilling","4","30","10/20","alternating temp at day/night","12/12","GA3","1000","1","N",NA,NA,NA,NA,NA,"per.germ","96","SD","4","3","25",NA,NA,"Table 1","trt.duration is duration of chemical application",96,"SD","moist chilling","1000",10,"ren08exp1 10"
"4","30",NA,NA,NA,"15","10/20",NA,"alternating",20,10,"12/12",12,12,NA,NA,"GA3","dry","dry",NA,"30","percent.germ","light",NA,"ren08exp1","Pedicularis_rhinanthoides","27.9 99.633333","27.9 99.633333 NA","ren08","exp1","DM","Pedicularis","rhinanthoides",NA,"N","N","Zhongdian, Yunnan, China",27.9,99.633333,NA,"Asia",NA,"2006",NA,"dry","30-31",NA,NA,"moist chilling","4","30","10/20","alternating temp at day/night","12/12","GA3","500","1","N",NA,NA,NA,NA,NA,"per.germ","100","SD","0","3","25",NA,NA,"Table 1","trt.duration is duration of chemical application",100,"SD","moist chilling","500",10,"ren08exp1 10"
"4","45",NA,NA,NA,"15","10/20",NA,"alternating",20,10,"12/12",12,12,NA,NA,"GA3","dry","dry",NA,"30","percent.germ","light",NA,"ren08exp1","Pedicularis_rhinanthoides","27.9 99.633333","27.9 99.633333 NA","ren08","exp1","DM","Pedicularis","rhinanthoides",NA,"N","N","Zhongdian, Yunnan, China",27.9,99.633333,NA,"Asia",NA,"2006",NA,"dry","30-31",NA,NA,"moist chilling","4","45","10/20","alternating temp at day/night","12/12","GA3","0","1","N",NA,NA,NA,NA,NA,"per.germ","90.67","SD","2.31","3","25",NA,NA,"Table 1","trt.duration is duration of chemical application",90.67,"SD","moist chilling","0",11,"ren08exp1 11"
"4","45",NA,NA,NA,"15","10/20",NA,"alternating",20,10,"12/12",12,12,NA,NA,"GA3","dry","dry",NA,"30","percent.germ","light",NA,"ren08exp1","Pedicularis_rhinanthoides","27.9 99.633333","27.9 99.633333 NA","ren08","exp1","DM","Pedicularis","rhinanthoides",NA,"N","N","Zhongdian, Yunnan, China",27.9,99.633333,NA,"Asia",NA,"2006",NA,"dry","30-31",NA,NA,"moist chilling","4","45","10/20","alternating temp at day/night","12/12","GA3","100","1","N",NA,NA,NA,NA,NA,"per.germ","93.33","SD","4.62","3","25",NA,NA,"Table 1","trt.duration is duration of chemical application",93.33,"SD","moist chilling","100",11,"ren08exp1 11"
"4","45",NA,NA,NA,"15","10/20",NA,"alternating",20,10,"12/12",12,12,NA,NA,"GA3","dry","dry",NA,"30","percent.germ","light",NA,"ren08exp1","Pedicularis_rhinanthoides","27.9 99.633333","27.9 99.633333 NA","ren08","exp1","DM","Pedicularis","rhinanthoides",NA,"N","N","Zhongdian, Yunnan, China",27.9,99.633333,NA,"Asia",NA,"2006",NA,"dry","30-31",NA,NA,"moist chilling","4","45","10/20","alternating temp at day/night","12/12","GA3","1000","1","N",NA,NA,NA,NA,NA,"per.germ","81.33","SD","8.33","3","25",NA,NA,"Table 1","trt.duration is duration of chemical application",81.33,"SD","moist chilling","1000",11,"ren08exp1 11"
"4","45",NA,NA,NA,"15","10/20",NA,"alternating",20,10,"12/12",12,12,NA,NA,"GA3","dry","dry",NA,"30","percent.germ","light",NA,"ren08exp1","Pedicularis_rhinanthoides","27.9 99.633333","27.9 99.633333 NA","ren08","exp1","DM","Pedicularis","rhinanthoides",NA,"N","N","Zhongdian, Yunnan, China",27.9,99.633333,NA,"Asia",NA,"2006",NA,"dry","30-31",NA,NA,"moist chilling","4","45","10/20","alternating temp at day/night","12/12","GA3","500","1","N",NA,NA,NA,NA,NA,"per.germ","82.67","SD","8.33","3","25",NA,NA,"Table 1","trt.duration is duration of chemical application",82.67,"SD","moist chilling","500",11,"ren08exp1 11"
"4","60",NA,NA,NA,"15","10/20",NA,"alternating",20,10,"12/12",12,12,NA,NA,"GA3","dry","dry",NA,"30","percent.germ","light",NA,"ren08exp1","Pedicularis_rhinanthoides","27.9 99.633333","27.9 99.633333 NA","ren08","exp1","DM","Pedicularis","rhinanthoides",NA,"N","N","Zhongdian, Yunnan, China",27.9,99.633333,NA,"Asia",NA,"2006",NA,"dry","30-31",NA,NA,"moist chilling","4","60","10/20","alternating temp at day/night","12/12","GA3","0","1","N",NA,NA,NA,NA,NA,"per.germ","85.33","SD","11.55","3","25",NA,NA,"Table 1","trt.duration is duration of chemical application",85.33,"SD","moist chilling","0",12,"ren08exp1 12"
"4","60",NA,NA,NA,"15","10/20",NA,"alternating",20,10,"12/12",12,12,NA,NA,"GA3","dry","dry",NA,"30","percent.germ","light",NA,"ren08exp1","Pedicularis_rhinanthoides","27.9 99.633333","27.9 99.633333 NA","ren08","exp1","DM","Pedicularis","rhinanthoides",NA,"N","N","Zhongdian, Yunnan, China",27.9,99.633333,NA,"Asia",NA,"2006",NA,"dry","30-31",NA,NA,"moist chilling","4","60","10/20","alternating temp at day/night","12/12","GA3","500","1","N",NA,NA,NA,NA,NA,"per.germ","46.67","SD","6.11","3","25",NA,NA,"Table 1","trt.duration is duration of chemical application",46.67,"SD","moist chilling","500",12,"ren08exp1 12"
"4","60",NA,NA,NA,"15","10/20",NA,"alternating",20,10,"12/12",12,12,NA,NA,"GA3","dry","dry",NA,"30","percent.germ","light",NA,"ren08exp1","Pedicularis_rhinanthoides","27.9 99.633333","27.9 99.633333 NA","ren08","exp1","DM","Pedicularis","rhinanthoides",NA,"N","N","Zhongdian, Yunnan, China",27.9,99.633333,NA,"Asia",NA,"2006",NA,"dry","30-31",NA,NA,"moist chilling","4","60","10/20","alternating temp at day/night","12/12","GA3","100","1","N",NA,NA,NA,NA,NA,"per.germ","81.3","SD","8.33","3","25",NA,NA,"Table 1","trt.duration is duration of chemical application",81.3,"SD","moist chilling","100",12,"ren08exp1 12"
"4","60",NA,NA,NA,"15","10/20",NA,"alternating",20,10,"12/12",12,12,NA,NA,"GA3","dry","dry",NA,"30","percent.germ","light",NA,"ren08exp1","Pedicularis_rhinanthoides","27.9 99.633333","27.9 99.633333 NA","ren08","exp1","DM","Pedicularis","rhinanthoides",NA,"N","N","Zhongdian, Yunnan, China",27.9,99.633333,NA,"Asia",NA,"2006",NA,"dry","30-31",NA,NA,"moist chilling","4","60","10/20","alternating temp at day/night","12/12","GA3","1000","1","N",NA,NA,NA,NA,NA,"per.germ","33.33","SD","8.33","3","25",NA,NA,"Table 1","trt.duration is duration of chemical application",33.33,"SD","moist chilling","1000",12,"ren08exp1 12"
"4","75",NA,NA,NA,"15","10/20",NA,"alternating",20,10,"12/12",12,12,NA,NA,"GA3","dry","dry",NA,"30","percent.germ","light",NA,"ren08exp1","Pedicularis_rhinanthoides","27.9 99.633333","27.9 99.633333 NA","ren08","exp1","DM","Pedicularis","rhinanthoides",NA,"N","N","Zhongdian, Yunnan, China",27.9,99.633333,NA,"Asia",NA,"2006",NA,"dry","30-31",NA,NA,"moist chilling","4","75","10/20","alternating temp at day/night","12/12","GA3","1000","1","N",NA,NA,NA,NA,NA,"per.germ","21.33","SD","2.31","3","25",NA,NA,"Table 1","trt.duration is duration of chemical application",21.33,"SD","moist chilling","1000",13,"ren08exp1 13"
"4","75",NA,NA,NA,"15","10/20",NA,"alternating",20,10,"12/12",12,12,NA,NA,"GA3","dry","dry",NA,"30","percent.germ","light",NA,"ren08exp1","Pedicularis_rhinanthoides","27.9 99.633333","27.9 99.633333 NA","ren08","exp1","DM","Pedicularis","rhinanthoides",NA,"N","N","Zhongdian, Yunnan, China",27.9,99.633333,NA,"Asia",NA,"2006",NA,"dry","30-31",NA,NA,"moist chilling","4","75","10/20","alternating temp at day/night","12/12","GA3","0","1","N",NA,NA,NA,NA,NA,"per.germ","76","SD","10.58","3","25",NA,NA,"Table 1","trt.duration is duration of chemical application",76,"SD","moist chilling","0",13,"ren08exp1 13"
"4","75",NA,NA,NA,"15","10/20",NA,"alternating",20,10,"12/12",12,12,NA,NA,"GA3","dry","dry",NA,"30","percent.germ","light",NA,"ren08exp1","Pedicularis_rhinanthoides","27.9 99.633333","27.9 99.633333 NA","ren08","exp1","DM","Pedicularis","rhinanthoides",NA,"N","N","Zhongdian, Yunnan, China",27.9,99.633333,NA,"Asia",NA,"2006",NA,"dry","30-31",NA,NA,"moist chilling","4","75","10/20","alternating temp at day/night","12/12","GA3","500","1","N",NA,NA,NA,NA,NA,"per.germ","28","SD","0","3","25",NA,NA,"Table 1","trt.duration is duration of chemical application",28,"SD","moist chilling","500",13,"ren08exp1 13"
"4","75",NA,NA,NA,"15","10/20",NA,"alternating",20,10,"12/12",12,12,NA,NA,"GA3","dry","dry",NA,"30","percent.germ","light",NA,"ren08exp1","Pedicularis_rhinanthoides","27.9 99.633333","27.9 99.633333 NA","ren08","exp1","DM","Pedicularis","rhinanthoides",NA,"N","N","Zhongdian, Yunnan, China",27.9,99.633333,NA,"Asia",NA,"2006",NA,"dry","30-31",NA,NA,"moist chilling","4","75","10/20","alternating temp at day/night","12/12","GA3","100","1","N",NA,NA,NA,NA,NA,"per.germ","54.67","SD","9.24","3","25",NA,NA,"Table 1","trt.duration is duration of chemical application",54.67,"SD","moist chilling","100",13,"ren08exp1 13"
"4","90",NA,NA,NA,"15","10/20",NA,"alternating",20,10,"12/12",12,12,NA,NA,"GA3","dry","dry",NA,"30","percent.germ","light",NA,"ren08exp1","Pedicularis_rhinanthoides","27.9 99.633333","27.9 99.633333 NA","ren08","exp1","DM","Pedicularis","rhinanthoides",NA,"N","N","Zhongdian, Yunnan, China",27.9,99.633333,NA,"Asia",NA,"2006",NA,"dry","30-31",NA,NA,"moist chilling","4","90","10/20","alternating temp at day/night","12/12","GA3","1000","1","N",NA,NA,NA,NA,NA,"per.germ","8","SD","0","3","25",NA,NA,"Table 1","trt.duration is duration of chemical application",8,"SD","moist chilling","1000",14,"ren08exp1 14"
"4","90",NA,NA,NA,"15","10/20",NA,"alternating",20,10,"12/12",12,12,NA,NA,"GA3","dry","dry",NA,"30","percent.germ","light",NA,"ren08exp1","Pedicularis_rhinanthoides","27.9 99.633333","27.9 99.633333 NA","ren08","exp1","DM","Pedicularis","rhinanthoides",NA,"N","N","Zhongdian, Yunnan, China",27.9,99.633333,NA,"Asia",NA,"2006",NA,"dry","30-31",NA,NA,"moist chilling","4","90","10/20","alternating temp at day/night","12/12","GA3","0","1","N",NA,NA,NA,NA,NA,"per.germ","73.33","SD","14.05","3","25",NA,NA,"Table 1","trt.duration is duration of chemical application",73.33,"SD","moist chilling","0",14,"ren08exp1 14"
"4","90",NA,NA,NA,"15","10/20",NA,"alternating",20,10,"12/12",12,12,NA,NA,"GA3","dry","dry",NA,"30","percent.germ","light",NA,"ren08exp1","Pedicularis_rhinanthoides","27.9 99.633333","27.9 99.633333 NA","ren08","exp1","DM","Pedicularis","rhinanthoides",NA,"N","N","Zhongdian, Yunnan, China",27.9,99.633333,NA,"Asia",NA,"2006",NA,"dry","30-31",NA,NA,"moist chilling","4","90","10/20","alternating temp at day/night","12/12","GA3","500","1","N",NA,NA,NA,NA,NA,"per.germ","9.33","SD","6.11","3","25",NA,NA,"Table 1","trt.duration is duration of chemical application",9.33,"SD","moist chilling","500",14,"ren08exp1 14"
"4","90",NA,NA,NA,"15","10/20",NA,"alternating",20,10,"12/12",12,12,NA,NA,"GA3","dry","dry",NA,"30","percent.germ","light",NA,"ren08exp1","Pedicularis_rhinanthoides","27.9 99.633333","27.9 99.633333 NA","ren08","exp1","DM","Pedicularis","rhinanthoides",NA,"N","N","Zhongdian, Yunnan, China",27.9,99.633333,NA,"Asia",NA,"2006",NA,"dry","30-31",NA,NA,"moist chilling","4","90","10/20","alternating temp at day/night","12/12","GA3","100","1","N",NA,NA,NA,NA,NA,"per.germ","38.67","SD","12.86","3","25",NA,NA,"Table 1","trt.duration is duration of chemical application",38.67,"SD","moist chilling","100",14,"ren08exp1 14"
"4","0",NA,NA,NA,"15","10/20",NA,"alternating",20,10,"12/12",12,12,NA,NA,"GA3","dry","dry",NA,"30","percent.germ","light",NA,"ren08exp1","Pedicularis_longiflora","27.9 99.633333","27.9 99.633333 NA","ren08","exp1","DM","Pedicularis","longiflora","var. tubiformis","N","N","Zhongdian, Yunnan, China",27.9,99.633333,NA,"Asia",NA,"2006",NA,"dry","30-31",NA,NA,"moist chilling","4","0","10/20","alternating temp at day/night","12/12","GA3","500","1","N",NA,NA,NA,NA,NA,"per.germ","80","SD","5.66","3","25",NA,NA,"Table 1","trt.duration is duration of chemical application",80,"SD","moist chilling","500",15,"ren08exp1 15"
"4","0",NA,NA,NA,"15","10/20",NA,"alternating",20,10,"12/12",12,12,NA,NA,"GA3","dry","dry",NA,"30","percent.germ","light",NA,"ren08exp1","Pedicularis_longiflora","27.9 99.633333","27.9 99.633333 NA","ren08","exp1","DM","Pedicularis","longiflora","var. tubiformis","N","N","Zhongdian, Yunnan, China",27.9,99.633333,NA,"Asia",NA,"2006",NA,"dry","30-31",NA,NA,"moist chilling","4","0","10/20","alternating temp at day/night","12/12","GA3","100","1","N",NA,NA,NA,NA,NA,"per.germ","65","SD","17","3","25",NA,NA,"Table 1","trt.duration is duration of chemical application",65,"SD","moist chilling","100",15,"ren08exp1 15"
"4","0",NA,NA,NA,"15","10/20",NA,"alternating",20,10,"12/12",12,12,NA,NA,"GA3","dry","dry",NA,"30","percent.germ","light",NA,"ren08exp1","Pedicularis_longiflora","27.9 99.633333","27.9 99.633333 NA","ren08","exp1","DM","Pedicularis","longiflora","var. tubiformis","N","N","Zhongdian, Yunnan, China",27.9,99.633333,NA,"Asia",NA,"2006",NA,"dry","30-31",NA,NA,"moist chilling","4","0","10/20","alternating temp at day/night","12/12","GA3","0","1","N",NA,NA,NA,NA,NA,"per.germ","12","SD","5.66","3","25",NA,NA,"Table 1","trt.duration is duration of chemical application",12,"SD","moist chilling","0",15,"ren08exp1 15"
"4","0",NA,NA,NA,"15","10/20",NA,"alternating",20,10,"12/12",12,12,NA,NA,"GA3","dry","dry",NA,"30","percent.germ","light",NA,"ren08exp1","Pedicularis_longiflora","27.9 99.633333","27.9 99.633333 NA","ren08","exp1","DM","Pedicularis","longiflora","var. tubiformis","N","N","Zhongdian, Yunnan, China",27.9,99.633333,NA,"Asia",NA,"2006",NA,"dry","30-31",NA,NA,"moist chilling","4","0","10/20","alternating temp at day/night","12/12","GA3","1000","1","N",NA,NA,NA,NA,NA,"per.germ","94.67","SD","4.62","3","25",NA,NA,"Table 1","trt.duration is duration of chemical application",94.67,"SD","moist chilling","1000",15,"ren08exp1 15"
"4","15",NA,NA,NA,"15","10/20",NA,"alternating",20,10,"12/12",12,12,NA,NA,"GA3","dry","dry",NA,"30","percent.germ","light",NA,"ren08exp1","Pedicularis_longiflora","27.9 99.633333","27.9 99.633333 NA","ren08","exp1","DM","Pedicularis","longiflora","var. tubiformis","N","N","Zhongdian, Yunnan, China",27.9,99.633333,NA,"Asia",NA,"2006",NA,"dry","30-31",NA,NA,"moist chilling","4","15","10/20","alternating temp at day/night","12/12","GA3","500","1","N",NA,NA,NA,NA,NA,"per.germ","82.67","SD","12.22","3","25",NA,NA,"Table 1","trt.duration is duration of chemical application",82.67,"SD","moist chilling","500",16,"ren08exp1 16"
"4","15",NA,NA,NA,"15","10/20",NA,"alternating",20,10,"12/12",12,12,NA,NA,"GA3","dry","dry",NA,"30","percent.germ","light",NA,"ren08exp1","Pedicularis_longiflora","27.9 99.633333","27.9 99.633333 NA","ren08","exp1","DM","Pedicularis","longiflora","var. tubiformis","N","N","Zhongdian, Yunnan, China",27.9,99.633333,NA,"Asia",NA,"2006",NA,"dry","30-31",NA,NA,"moist chilling","4","15","10/20","alternating temp at day/night","12/12","GA3","1000","1","N",NA,NA,NA,NA,NA,"per.germ","96","SD","4","3","25",NA,NA,"Table 1","trt.duration is duration of chemical application",96,"SD","moist chilling","1000",16,"ren08exp1 16"
"4","15",NA,NA,NA,"15","10/20",NA,"alternating",20,10,"12/12",12,12,NA,NA,"GA3","dry","dry",NA,"30","percent.germ","light",NA,"ren08exp1","Pedicularis_longiflora","27.9 99.633333","27.9 99.633333 NA","ren08","exp1","DM","Pedicularis","longiflora","var. tubiformis","N","N","Zhongdian, Yunnan, China",27.9,99.633333,NA,"Asia",NA,"2006",NA,"dry","30-31",NA,NA,"moist chilling","4","15","10/20","alternating temp at day/night","12/12","GA3","100","1","N",NA,NA,NA,NA,NA,"per.germ","40","SD","13.86","3","25",NA,NA,"Table 1","trt.duration is duration of chemical application",40,"SD","moist chilling","100",16,"ren08exp1 16"
"4","15",NA,NA,NA,"15","10/20",NA,"alternating",20,10,"12/12",12,12,NA,NA,"GA3","dry","dry",NA,"30","percent.germ","light",NA,"ren08exp1","Pedicularis_longiflora","27.9 99.633333","27.9 99.633333 NA","ren08","exp1","DM","Pedicularis","longiflora","var. tubiformis","N","N","Zhongdian, Yunnan, China",27.9,99.633333,NA,"Asia",NA,"2006",NA,"dry","30-31",NA,NA,"moist chilling","4","15","10/20","alternating temp at day/night","12/12","GA3","0","1","N",NA,NA,NA,NA,NA,"per.germ","14.67","SD","2.31","3","25",NA,NA,"Table 1","trt.duration is duration of chemical application",14.67,"SD","moist chilling","0",16,"ren08exp1 16"
"4","30",NA,NA,NA,"15","10/20",NA,"alternating",20,10,"12/12",12,12,NA,NA,"GA3","dry","dry",NA,"30","percent.germ","light",NA,"ren08exp1","Pedicularis_longiflora","27.9 99.633333","27.9 99.633333 NA","ren08","exp1","DM","Pedicularis","longiflora","var. tubiformis","N","N","Zhongdian, Yunnan, China",27.9,99.633333,NA,"Asia",NA,"2006",NA,"dry","30-31",NA,NA,"moist chilling","4","30","10/20","alternating temp at day/night","12/12","GA3","500","1","N",NA,NA,NA,NA,NA,"per.germ","81.33","SD","4.62","3","25",NA,NA,"Table 1","trt.duration is duration of chemical application",81.33,"SD","moist chilling","500",17,"ren08exp1 17"
"4","30",NA,NA,NA,"15","10/20",NA,"alternating",20,10,"12/12",12,12,NA,NA,"GA3","dry","dry",NA,"30","percent.germ","light",NA,"ren08exp1","Pedicularis_longiflora","27.9 99.633333","27.9 99.633333 NA","ren08","exp1","DM","Pedicularis","longiflora","var. tubiformis","N","N","Zhongdian, Yunnan, China",27.9,99.633333,NA,"Asia",NA,"2006",NA,"dry","30-31",NA,NA,"moist chilling","4","30","10/20","alternating temp at day/night","12/12","GA3","1000","1","N",NA,NA,NA,NA,NA,"per.germ","92","SD","8","3","25",NA,NA,"Table 1","trt.duration is duration of chemical application",92,"SD","moist chilling","1000",17,"ren08exp1 17"
"4","30",NA,NA,NA,"15","10/20",NA,"alternating",20,10,"12/12",12,12,NA,NA,"GA3","dry","dry",NA,"30","percent.germ","light",NA,"ren08exp1","Pedicularis_longiflora","27.9 99.633333","27.9 99.633333 NA","ren08","exp1","DM","Pedicularis","longiflora","var. tubiformis","N","N","Zhongdian, Yunnan, China",27.9,99.633333,NA,"Asia",NA,"2006",NA,"dry","30-31",NA,NA,"moist chilling","4","30","10/20","alternating temp at day/night","12/12","GA3","100","1","N",NA,NA,NA,NA,NA,"per.germ","61.33","SD","8.33","3","25",NA,NA,"Table 1","trt.duration is duration of chemical application",61.33,"SD","moist chilling","100",17,"ren08exp1 17"
"4","30",NA,NA,NA,"15","10/20",NA,"alternating",20,10,"12/12",12,12,NA,NA,"GA3","dry","dry",NA,"30","percent.germ","light",NA,"ren08exp1","Pedicularis_longiflora","27.9 99.633333","27.9 99.633333 NA","ren08","exp1","DM","Pedicularis","longiflora","var. tubiformis","N","N","Zhongdian, Yunnan, China",27.9,99.633333,NA,"Asia",NA,"2006",NA,"dry","30-31",NA,NA,"moist chilling","4","30","10/20","alternating temp at day/night","12/12","GA3","0","1","N",NA,NA,NA,NA,NA,"per.germ","44","SD","6.93","3","25",NA,NA,"Table 1","trt.duration is duration of chemical application",44,"SD","moist chilling","0",17,"ren08exp1 17"
"4","45",NA,NA,NA,"15","10/20",NA,"alternating",20,10,"12/12",12,12,NA,NA,"GA3","dry","dry",NA,"30","percent.germ","light",NA,"ren08exp1","Pedicularis_longiflora","27.9 99.633333","27.9 99.633333 NA","ren08","exp1","DM","Pedicularis","longiflora","var. tubiformis","N","N","Zhongdian, Yunnan, China",27.9,99.633333,NA,"Asia",NA,"2006",NA,"dry","30-31",NA,NA,"moist chilling","4","45","10/20","alternating temp at day/night","12/12","GA3","500","1","N",NA,NA,NA,NA,NA,"per.germ","77.33","SD","11.55","3","25",NA,NA,"Table 1","trt.duration is duration of chemical application",77.33,"SD","moist chilling","500",18,"ren08exp1 18"
"4","45",NA,NA,NA,"15","10/20",NA,"alternating",20,10,"12/12",12,12,NA,NA,"GA3","dry","dry",NA,"30","percent.germ","light",NA,"ren08exp1","Pedicularis_longiflora","27.9 99.633333","27.9 99.633333 NA","ren08","exp1","DM","Pedicularis","longiflora","var. tubiformis","N","N","Zhongdian, Yunnan, China",27.9,99.633333,NA,"Asia",NA,"2006",NA,"dry","30-31",NA,NA,"moist chilling","4","45","10/20","alternating temp at day/night","12/12","GA3","0","1","N",NA,NA,NA,NA,NA,"per.germ","72","SD","6.93","3","25",NA,NA,"Table 1","trt.duration is duration of chemical application",72,"SD","moist chilling","0",18,"ren08exp1 18"
"4","45",NA,NA,NA,"15","10/20",NA,"alternating",20,10,"12/12",12,12,NA,NA,"GA3","dry","dry",NA,"30","percent.germ","light",NA,"ren08exp1","Pedicularis_longiflora","27.9 99.633333","27.9 99.633333 NA","ren08","exp1","DM","Pedicularis","longiflora","var. tubiformis","N","N","Zhongdian, Yunnan, China",27.9,99.633333,NA,"Asia",NA,"2006",NA,"dry","30-31",NA,NA,"moist chilling","4","45","10/20","alternating temp at day/night","12/12","GA3","1000","1","N",NA,NA,NA,NA,NA,"per.germ","76","SD","10.58","3","25",NA,NA,"Table 1","trt.duration is duration of chemical application",76,"SD","moist chilling","1000",18,"ren08exp1 18"
"4","45",NA,NA,NA,"15","10/20",NA,"alternating",20,10,"12/12",12,12,NA,NA,"GA3","dry","dry",NA,"30","percent.germ","light",NA,"ren08exp1","Pedicularis_longiflora","27.9 99.633333","27.9 99.633333 NA","ren08","exp1","DM","Pedicularis","longiflora","var. tubiformis","N","N","Zhongdian, Yunnan, China",27.9,99.633333,NA,"Asia",NA,"2006",NA,"dry","30-31",NA,NA,"moist chilling","4","45","10/20","alternating temp at day/night","12/12","GA3","100","1","N",NA,NA,NA,NA,NA,"per.germ","92","SD","0","3","25",NA,NA,"Table 1","trt.duration is duration of chemical application",92,"SD","moist chilling","100",18,"ren08exp1 18"
"4","60",NA,NA,NA,"15","10/20",NA,"alternating",20,10,"12/12",12,12,NA,NA,"GA3","dry","dry",NA,"30","percent.germ","light",NA,"ren08exp1","Pedicularis_longiflora","27.9 99.633333","27.9 99.633333 NA","ren08","exp1","DM","Pedicularis","longiflora","var. tubiformis","N","N","Zhongdian, Yunnan, China",27.9,99.633333,NA,"Asia",NA,"2006",NA,"dry","30-31",NA,NA,"moist chilling","4","60","10/20","alternating temp at day/night","12/12","GA3","1000","1","N",NA,NA,NA,NA,NA,"per.germ","41.33","SD","4.62","3","25",NA,NA,"Table 1","trt.duration is duration of chemical application",41.33,"SD","moist chilling","1000",19,"ren08exp1 19"
"4","60",NA,NA,NA,"15","10/20",NA,"alternating",20,10,"12/12",12,12,NA,NA,"GA3","dry","dry",NA,"30","percent.germ","light",NA,"ren08exp1","Pedicularis_longiflora","27.9 99.633333","27.9 99.633333 NA","ren08","exp1","DM","Pedicularis","longiflora","var. tubiformis","N","N","Zhongdian, Yunnan, China",27.9,99.633333,NA,"Asia",NA,"2006",NA,"dry","30-31",NA,NA,"moist chilling","4","60","10/20","alternating temp at day/night","12/12","GA3","500","1","N",NA,NA,NA,NA,NA,"per.germ","68","SD","10.58","3","25",NA,NA,"Table 1","trt.duration is duration of chemical application",68,"SD","moist chilling","500",19,"ren08exp1 19"
"4","60",NA,NA,NA,"15","10/20",NA,"alternating",20,10,"12/12",12,12,NA,NA,"GA3","dry","dry",NA,"30","percent.germ","light",NA,"ren08exp1","Pedicularis_longiflora","27.9 99.633333","27.9 99.633333 NA","ren08","exp1","DM","Pedicularis","longiflora","var. tubiformis","N","N","Zhongdian, Yunnan, China",27.9,99.633333,NA,"Asia",NA,"2006",NA,"dry","30-31",NA,NA,"moist chilling","4","60","10/20","alternating temp at day/night","12/12","GA3","0","1","N",NA,NA,NA,NA,NA,"per.germ","72","SD","8","3","25",NA,NA,"Table 1","trt.duration is duration of chemical application",72,"SD","moist chilling","0",19,"ren08exp1 19"
"4","60",NA,NA,NA,"15","10/20",NA,"alternating",20,10,"12/12",12,12,NA,NA,"GA3","dry","dry",NA,"30","percent.germ","light",NA,"ren08exp1","Pedicularis_longiflora","27.9 99.633333","27.9 99.633333 NA","ren08","exp1","DM","Pedicularis","longiflora","var. tubiformis","N","N","Zhongdian, Yunnan, China",27.9,99.633333,NA,"Asia",NA,"2006",NA,"dry","30-31",NA,NA,"moist chilling","4","60","10/20","alternating temp at day/night","12/12","GA3","100","1","N",NA,NA,NA,NA,NA,"per.germ","60","SD","10.58","3","25",NA,NA,"Table 1","trt.duration is duration of chemical application",60,"SD","moist chilling","100",19,"ren08exp1 19"
"4","75",NA,NA,NA,"15","10/20",NA,"alternating",20,10,"12/12",12,12,NA,NA,"GA3","dry","dry",NA,"30","percent.germ","light",NA,"ren08exp1","Pedicularis_longiflora","27.9 99.633333","27.9 99.633333 NA","ren08","exp1","DM","Pedicularis","longiflora","var. tubiformis","N","N","Zhongdian, Yunnan, China",27.9,99.633333,NA,"Asia",NA,"2006",NA,"dry","30-31",NA,NA,"moist chilling","4","75","10/20","alternating temp at day/night","12/12","GA3","1000","1","N",NA,NA,NA,NA,NA,"per.germ","36","SD","10.58","3","25",NA,NA,"Table 1","trt.duration is duration of chemical application",36,"SD","moist chilling","1000",20,"ren08exp1 20"
"4","75",NA,NA,NA,"15","10/20",NA,"alternating",20,10,"12/12",12,12,NA,NA,"GA3","dry","dry",NA,"30","percent.germ","light",NA,"ren08exp1","Pedicularis_longiflora","27.9 99.633333","27.9 99.633333 NA","ren08","exp1","DM","Pedicularis","longiflora","var. tubiformis","N","N","Zhongdian, Yunnan, China",27.9,99.633333,NA,"Asia",NA,"2006",NA,"dry","30-31",NA,NA,"moist chilling","4","75","10/20","alternating temp at day/night","12/12","GA3","500","1","N",NA,NA,NA,NA,NA,"per.germ","61.33","SD","2.31","3","25",NA,NA,"Table 1","trt.duration is duration of chemical application",61.33,"SD","moist chilling","500",20,"ren08exp1 20"
"4","75",NA,NA,NA,"15","10/20",NA,"alternating",20,10,"12/12",12,12,NA,NA,"GA3","dry","dry",NA,"30","percent.germ","light",NA,"ren08exp1","Pedicularis_longiflora","27.9 99.633333","27.9 99.633333 NA","ren08","exp1","DM","Pedicularis","longiflora","var. tubiformis","N","N","Zhongdian, Yunnan, China",27.9,99.633333,NA,"Asia",NA,"2006",NA,"dry","30-31",NA,NA,"moist chilling","4","75","10/20","alternating temp at day/night","12/12","GA3","0","1","N",NA,NA,NA,NA,NA,"per.germ","57.33","SD","2.31","3","25",NA,NA,"Table 1","trt.duration is duration of chemical application",57.33,"SD","moist chilling","0",20,"ren08exp1 20"
"4","75",NA,NA,NA,"15","10/20",NA,"alternating",20,10,"12/12",12,12,NA,NA,"GA3","dry","dry",NA,"30","percent.germ","light",NA,"ren08exp1","Pedicularis_longiflora","27.9 99.633333","27.9 99.633333 NA","ren08","exp1","DM","Pedicularis","longiflora","var. tubiformis","N","N","Zhongdian, Yunnan, China",27.9,99.633333,NA,"Asia",NA,"2006",NA,"dry","30-31",NA,NA,"moist chilling","4","75","10/20","alternating temp at day/night","12/12","GA3","100","1","N",NA,NA,NA,NA,NA,"per.germ","49.33","SD","4.62","3","25",NA,NA,"Table 1","trt.duration is duration of chemical application",49.33,"SD","moist chilling","100",20,"ren08exp1 20"
"4","90",NA,NA,NA,"15","10/20",NA,"alternating",20,10,"12/12",12,12,NA,NA,"GA3","dry","dry",NA,"30","percent.germ","light",NA,"ren08exp1","Pedicularis_longiflora","27.9 99.633333","27.9 99.633333 NA","ren08","exp1","DM","Pedicularis","longiflora","var. tubiformis","N","N","Zhongdian, Yunnan, China",27.9,99.633333,NA,"Asia",NA,"2006",NA,"dry","30-31",NA,NA,"moist chilling","4","90","10/20","alternating temp at day/night","12/12","GA3","100","1","N",NA,NA,NA,NA,NA,"per.germ","41.33","SD","20.53","3","25",NA,NA,"Table 1","trt.duration is duration of chemical application",41.33,"SD","moist chilling","100",21,"ren08exp1 21"
"4","90",NA,NA,NA,"15","10/20",NA,"alternating",20,10,"12/12",12,12,NA,NA,"GA3","dry","dry",NA,"30","percent.germ","light",NA,"ren08exp1","Pedicularis_longiflora","27.9 99.633333","27.9 99.633333 NA","ren08","exp1","DM","Pedicularis","longiflora","var. tubiformis","N","N","Zhongdian, Yunnan, China",27.9,99.633333,NA,"Asia",NA,"2006",NA,"dry","30-31",NA,NA,"moist chilling","4","90","10/20","alternating temp at day/night","12/12","GA3","1000","1","N",NA,NA,NA,NA,NA,"per.germ","13.33","SD","2.31","3","25",NA,NA,"Table 1","trt.duration is duration of chemical application",13.33,"SD","moist chilling","1000",21,"ren08exp1 21"
"4","90",NA,NA,NA,"15","10/20",NA,"alternating",20,10,"12/12",12,12,NA,NA,"GA3","dry","dry",NA,"30","percent.germ","light",NA,"ren08exp1","Pedicularis_longiflora","27.9 99.633333","27.9 99.633333 NA","ren08","exp1","DM","Pedicularis","longiflora","var. tubiformis","N","N","Zhongdian, Yunnan, China",27.9,99.633333,NA,"Asia",NA,"2006",NA,"dry","30-31",NA,NA,"moist chilling","4","90","10/20","alternating temp at day/night","12/12","GA3","500","1","N",NA,NA,NA,NA,NA,"per.germ","32","SD","10.58","3","25",NA,NA,"Table 1","trt.duration is duration of chemical application",32,"SD","moist chilling","500",21,"ren08exp1 21"
"4","90",NA,NA,NA,"15","10/20",NA,"alternating",20,10,"12/12",12,12,NA,NA,"GA3","dry","dry",NA,"30","percent.germ","light",NA,"ren08exp1","Pedicularis_longiflora","27.9 99.633333","27.9 99.633333 NA","ren08","exp1","DM","Pedicularis","longiflora","var. tubiformis","N","N","Zhongdian, Yunnan, China",27.9,99.633333,NA,"Asia",NA,"2006",NA,"dry","30-31",NA,NA,"moist chilling","4","90","10/20","alternating temp at day/night","12/12","GA3","0","1","N",NA,NA,NA,NA,NA,"per.germ","48","SD","4","3","25",NA,NA,"Table 1","trt.duration is duration of chemical application",48,"SD","moist chilling","0",21,"ren08exp1 21"
"4","0",NA,NA,NA,"15","10/20",NA,"alternating",20,10,"12/12",12,12,NA,NA,"GA3","dry","dry",NA,"30","mgt","light",NA,"ren08exp1","Pedicularis_rex","27.9 99.633333","27.9 99.633333 NA","ren08","exp1","DM","Pedicularis","rex",NA,"N","N","Zhongdian, Yunnan, China",27.9,99.633333,NA,"Asia",NA,"2006",NA,"dry","30-31",NA,NA,"moist chilling","4","0","10/20","alternating temp at day/night","12/12","GA3","0","1","N",NA,NA,NA,NA,NA,"mgt","9.61","SD","0.56","3","25",NA,NA,"Table 2","trt.duration is duration of chemical application",9.61,"SD","moist chilling","0",22,"ren08exp1 22"
"4","0",NA,NA,NA,"15","10/20",NA,"alternating",20,10,"12/12",12,12,NA,NA,"GA3","dry","dry",NA,"30","mgt","light",NA,"ren08exp1","Pedicularis_rex","27.9 99.633333","27.9 99.633333 NA","ren08","exp1","DM","Pedicularis","rex",NA,"N","N","Zhongdian, Yunnan, China",27.9,99.633333,NA,"Asia",NA,"2006",NA,"dry","30-31",NA,NA,"moist chilling","4","0","10/20","alternating temp at day/night","12/12","GA3","100","1","N",NA,NA,NA,NA,NA,"mgt","9.39","SD","1.02","3","25",NA,NA,"Table 2","trt.duration is duration of chemical application",9.39,"SD","moist chilling","100",22,"ren08exp1 22"
"4","0",NA,NA,NA,"15","10/20",NA,"alternating",20,10,"12/12",12,12,NA,NA,"GA3","dry","dry",NA,"30","mgt","light",NA,"ren08exp1","Pedicularis_rex","27.9 99.633333","27.9 99.633333 NA","ren08","exp1","DM","Pedicularis","rex",NA,"N","N","Zhongdian, Yunnan, China",27.9,99.633333,NA,"Asia",NA,"2006",NA,"dry","30-31",NA,NA,"moist chilling","4","0","10/20","alternating temp at day/night","12/12","GA3","1000","1","N",NA,NA,NA,NA,NA,"mgt","9.94","SD","0.95","3","25",NA,NA,"Table 2","trt.duration is duration of chemical application",9.94,"SD","moist chilling","1000",22,"ren08exp1 22"
"4","0",NA,NA,NA,"15","10/20",NA,"alternating",20,10,"12/12",12,12,NA,NA,"GA3","dry","dry",NA,"30","mgt","light",NA,"ren08exp1","Pedicularis_rex","27.9 99.633333","27.9 99.633333 NA","ren08","exp1","DM","Pedicularis","rex",NA,"N","N","Zhongdian, Yunnan, China",27.9,99.633333,NA,"Asia",NA,"2006",NA,"dry","30-31",NA,NA,"moist chilling","4","0","10/20","alternating temp at day/night","12/12","GA3","500","1","N",NA,NA,NA,NA,NA,"mgt","10.39","SD","1.43","3","25",NA,NA,"Table 2","trt.duration is duration of chemical application",10.39,"SD","moist chilling","500",22,"ren08exp1 22"
"4","15",NA,NA,NA,"15","10/20",NA,"alternating",20,10,"12/12",12,12,NA,NA,"GA3","dry","dry",NA,"30","mgt","light",NA,"ren08exp1","Pedicularis_rex","27.9 99.633333","27.9 99.633333 NA","ren08","exp1","DM","Pedicularis","rex",NA,"N","N","Zhongdian, Yunnan, China",27.9,99.633333,NA,"Asia",NA,"2006",NA,"dry","30-31",NA,NA,"moist chilling","4","15","10/20","alternating temp at day/night","12/12","GA3","0","1","N",NA,NA,NA,NA,NA,"mgt","8.42","SD","0.94","3","25",NA,NA,"Table 2","trt.duration is duration of chemical application",8.42,"SD","moist chilling","0",23,"ren08exp1 23"
"4","15",NA,NA,NA,"15","10/20",NA,"alternating",20,10,"12/12",12,12,NA,NA,"GA3","dry","dry",NA,"30","mgt","light",NA,"ren08exp1","Pedicularis_rex","27.9 99.633333","27.9 99.633333 NA","ren08","exp1","DM","Pedicularis","rex",NA,"N","N","Zhongdian, Yunnan, China",27.9,99.633333,NA,"Asia",NA,"2006",NA,"dry","30-31",NA,NA,"moist chilling","4","15","10/20","alternating temp at day/night","12/12","GA3","500","1","N",NA,NA,NA,NA,NA,"mgt","8.49","SD","0.99","3","25",NA,NA,"Table 2","trt.duration is duration of chemical application",8.49,"SD","moist chilling","500",23,"ren08exp1 23"
"4","15",NA,NA,NA,"15","10/20",NA,"alternating",20,10,"12/12",12,12,NA,NA,"GA3","dry","dry",NA,"30","mgt","light",NA,"ren08exp1","Pedicularis_rex","27.9 99.633333","27.9 99.633333 NA","ren08","exp1","DM","Pedicularis","rex",NA,"N","N","Zhongdian, Yunnan, China",27.9,99.633333,NA,"Asia",NA,"2006",NA,"dry","30-31",NA,NA,"moist chilling","4","15","10/20","alternating temp at day/night","12/12","GA3","100","1","N",NA,NA,NA,NA,NA,"mgt","7.61","SD","0.66","3","25",NA,NA,"Table 2","trt.duration is duration of chemical application",7.61,"SD","moist chilling","100",23,"ren08exp1 23"
"4","15",NA,NA,NA,"15","10/20",NA,"alternating",20,10,"12/12",12,12,NA,NA,"GA3","dry","dry",NA,"30","mgt","light",NA,"ren08exp1","Pedicularis_rex","27.9 99.633333","27.9 99.633333 NA","ren08","exp1","DM","Pedicularis","rex",NA,"N","N","Zhongdian, Yunnan, China",27.9,99.633333,NA,"Asia",NA,"2006",NA,"dry","30-31",NA,NA,"moist chilling","4","15","10/20","alternating temp at day/night","12/12","GA3","1000","1","N",NA,NA,NA,NA,NA,"mgt","8.9","SD","0.62","3","25",NA,NA,"Table 2","trt.duration is duration of chemical application",8.9,"SD","moist chilling","1000",23,"ren08exp1 23"
"4","30",NA,NA,NA,"15","10/20",NA,"alternating",20,10,"12/12",12,12,NA,NA,"GA3","dry","dry",NA,"30","mgt","light",NA,"ren08exp1","Pedicularis_rex","27.9 99.633333","27.9 99.633333 NA","ren08","exp1","DM","Pedicularis","rex",NA,"N","N","Zhongdian, Yunnan, China",27.9,99.633333,NA,"Asia",NA,"2006",NA,"dry","30-31",NA,NA,"moist chilling","4","30","10/20","alternating temp at day/night","12/12","GA3","0","1","N",NA,NA,NA,NA,NA,"mgt","9.67","SD","0.87","3","25",NA,NA,"Table 2","trt.duration is duration of chemical application",9.67,"SD","moist chilling","0",24,"ren08exp1 24"
"4","30",NA,NA,NA,"15","10/20",NA,"alternating",20,10,"12/12",12,12,NA,NA,"GA3","dry","dry",NA,"30","mgt","light",NA,"ren08exp1","Pedicularis_rex","27.9 99.633333","27.9 99.633333 NA","ren08","exp1","DM","Pedicularis","rex",NA,"N","N","Zhongdian, Yunnan, China",27.9,99.633333,NA,"Asia",NA,"2006",NA,"dry","30-31",NA,NA,"moist chilling","4","30","10/20","alternating temp at day/night","12/12","GA3","500","1","N",NA,NA,NA,NA,NA,"mgt","9.25","SD","0.59","3","25",NA,NA,"Table 2","trt.duration is duration of chemical application",9.25,"SD","moist chilling","500",24,"ren08exp1 24"
"4","30",NA,NA,NA,"15","10/20",NA,"alternating",20,10,"12/12",12,12,NA,NA,"GA3","dry","dry",NA,"30","mgt","light",NA,"ren08exp1","Pedicularis_rex","27.9 99.633333","27.9 99.633333 NA","ren08","exp1","DM","Pedicularis","rex",NA,"N","N","Zhongdian, Yunnan, China",27.9,99.633333,NA,"Asia",NA,"2006",NA,"dry","30-31",NA,NA,"moist chilling","4","30","10/20","alternating temp at day/night","12/12","GA3","100","1","N",NA,NA,NA,NA,NA,"mgt","9.41","SD","0.17","3","25",NA,NA,"Table 2","trt.duration is duration of chemical application",9.41,"SD","moist chilling","100",24,"ren08exp1 24"
"4","30",NA,NA,NA,"15","10/20",NA,"alternating",20,10,"12/12",12,12,NA,NA,"GA3","dry","dry",NA,"30","mgt","light",NA,"ren08exp1","Pedicularis_rex","27.9 99.633333","27.9 99.633333 NA","ren08","exp1","DM","Pedicularis","rex",NA,"N","N","Zhongdian, Yunnan, China",27.9,99.633333,NA,"Asia",NA,"2006",NA,"dry","30-31",NA,NA,"moist chilling","4","30","10/20","alternating temp at day/night","12/12","GA3","1000","1","N",NA,NA,NA,NA,NA,"mgt","9.38","SD","0.75","3","25",NA,NA,"Table 2","trt.duration is duration of chemical application",9.38,"SD","moist chilling","1000",24,"ren08exp1 24"
"4","45",NA,NA,NA,"15","10/20",NA,"alternating",20,10,"12/12",12,12,NA,NA,"GA3","dry","dry",NA,"30","mgt","light",NA,"ren08exp1","Pedicularis_rex","27.9 99.633333","27.9 99.633333 NA","ren08","exp1","DM","Pedicularis","rex",NA,"N","N","Zhongdian, Yunnan, China",27.9,99.633333,NA,"Asia",NA,"2006",NA,"dry","30-31",NA,NA,"moist chilling","4","45","10/20","alternating temp at day/night","12/12","GA3","100","1","N",NA,NA,NA,NA,NA,"mgt","9.25","SD","0.61","3","25",NA,NA,"Table 2","trt.duration is duration of chemical application",9.25,"SD","moist chilling","100",25,"ren08exp1 25"
"4","45",NA,NA,NA,"15","10/20",NA,"alternating",20,10,"12/12",12,12,NA,NA,"GA3","dry","dry",NA,"30","mgt","light",NA,"ren08exp1","Pedicularis_rex","27.9 99.633333","27.9 99.633333 NA","ren08","exp1","DM","Pedicularis","rex",NA,"N","N","Zhongdian, Yunnan, China",27.9,99.633333,NA,"Asia",NA,"2006",NA,"dry","30-31",NA,NA,"moist chilling","4","45","10/20","alternating temp at day/night","12/12","GA3","0","1","N",NA,NA,NA,NA,NA,"mgt","9.91","SD","1.38","3","25",NA,NA,"Table 2","trt.duration is duration of chemical application",9.91,"SD","moist chilling","0",25,"ren08exp1 25"
"4","45",NA,NA,NA,"15","10/20",NA,"alternating",20,10,"12/12",12,12,NA,NA,"GA3","dry","dry",NA,"30","mgt","light",NA,"ren08exp1","Pedicularis_rex","27.9 99.633333","27.9 99.633333 NA","ren08","exp1","DM","Pedicularis","rex",NA,"N","N","Zhongdian, Yunnan, China",27.9,99.633333,NA,"Asia",NA,"2006",NA,"dry","30-31",NA,NA,"moist chilling","4","45","10/20","alternating temp at day/night","12/12","GA3","500","1","N",NA,NA,NA,NA,NA,"mgt","9.85","SD","1.23","3","25",NA,NA,"Table 2","trt.duration is duration of chemical application",9.85,"SD","moist chilling","500",25,"ren08exp1 25"
"4","45",NA,NA,NA,"15","10/20",NA,"alternating",20,10,"12/12",12,12,NA,NA,"GA3","dry","dry",NA,"30","mgt","light",NA,"ren08exp1","Pedicularis_rex","27.9 99.633333","27.9 99.633333 NA","ren08","exp1","DM","Pedicularis","rex",NA,"N","N","Zhongdian, Yunnan, China",27.9,99.633333,NA,"Asia",NA,"2006",NA,"dry","30-31",NA,NA,"moist chilling","4","45","10/20","alternating temp at day/night","12/12","GA3","1000","1","N",NA,NA,NA,NA,NA,"mgt","10.18","SD","0.61","3","25",NA,NA,"Table 2","trt.duration is duration of chemical application",10.18,"SD","moist chilling","1000",25,"ren08exp1 25"
"4","60",NA,NA,NA,"15","10/20",NA,"alternating",20,10,"12/12",12,12,NA,NA,"GA3","dry","dry",NA,"30","mgt","light",NA,"ren08exp1","Pedicularis_rex","27.9 99.633333","27.9 99.633333 NA","ren08","exp1","DM","Pedicularis","rex",NA,"N","N","Zhongdian, Yunnan, China",27.9,99.633333,NA,"Asia",NA,"2006",NA,"dry","30-31",NA,NA,"moist chilling","4","60","10/20","alternating temp at day/night","12/12","GA3","1000","1","N",NA,NA,NA,NA,NA,"mgt","13.41","SD","0.82","3","25",NA,NA,"Table 2","trt.duration is duration of chemical application",13.41,"SD","moist chilling","1000",26,"ren08exp1 26"
"4","60",NA,NA,NA,"15","10/20",NA,"alternating",20,10,"12/12",12,12,NA,NA,"GA3","dry","dry",NA,"30","mgt","light",NA,"ren08exp1","Pedicularis_rex","27.9 99.633333","27.9 99.633333 NA","ren08","exp1","DM","Pedicularis","rex",NA,"N","N","Zhongdian, Yunnan, China",27.9,99.633333,NA,"Asia",NA,"2006",NA,"dry","30-31",NA,NA,"moist chilling","4","60","10/20","alternating temp at day/night","12/12","GA3","100","1","N",NA,NA,NA,NA,NA,"mgt","11.96","SD","1.97","3","25",NA,NA,"Table 2","trt.duration is duration of chemical application",11.96,"SD","moist chilling","100",26,"ren08exp1 26"
"4","60",NA,NA,NA,"15","10/20",NA,"alternating",20,10,"12/12",12,12,NA,NA,"GA3","dry","dry",NA,"30","mgt","light",NA,"ren08exp1","Pedicularis_rex","27.9 99.633333","27.9 99.633333 NA","ren08","exp1","DM","Pedicularis","rex",NA,"N","N","Zhongdian, Yunnan, China",27.9,99.633333,NA,"Asia",NA,"2006",NA,"dry","30-31",NA,NA,"moist chilling","4","60","10/20","alternating temp at day/night","12/12","GA3","0","1","N",NA,NA,NA,NA,NA,"mgt","12.1","SD","1.99","3","25",NA,NA,"Table 2","trt.duration is duration of chemical application",12.1,"SD","moist chilling","0",26,"ren08exp1 26"
"4","60",NA,NA,NA,"15","10/20",NA,"alternating",20,10,"12/12",12,12,NA,NA,"GA3","dry","dry",NA,"30","mgt","light",NA,"ren08exp1","Pedicularis_rex","27.9 99.633333","27.9 99.633333 NA","ren08","exp1","DM","Pedicularis","rex",NA,"N","N","Zhongdian, Yunnan, China",27.9,99.633333,NA,"Asia",NA,"2006",NA,"dry","30-31",NA,NA,"moist chilling","4","60","10/20","alternating temp at day/night","12/12","GA3","500","1","N",NA,NA,NA,NA,NA,"mgt","11.69","SD","0.46","3","25",NA,NA,"Table 2","trt.duration is duration of chemical application",11.69,"SD","moist chilling","500",26,"ren08exp1 26"
"4","75",NA,NA,NA,"15","10/20",NA,"alternating",20,10,"12/12",12,12,NA,NA,"GA3","dry","dry",NA,"30","mgt","light",NA,"ren08exp1","Pedicularis_rex","27.9 99.633333","27.9 99.633333 NA","ren08","exp1","DM","Pedicularis","rex",NA,"N","N","Zhongdian, Yunnan, China",27.9,99.633333,NA,"Asia",NA,"2006",NA,"dry","30-31",NA,NA,"moist chilling","4","75","10/20","alternating temp at day/night","12/12","GA3","1000","1","N",NA,NA,NA,NA,NA,"mgt","17.11","SD","0.27","3","25",NA,NA,"Table 2","trt.duration is duration of chemical application",17.11,"SD","moist chilling","1000",27,"ren08exp1 27"
"4","75",NA,NA,NA,"15","10/20",NA,"alternating",20,10,"12/12",12,12,NA,NA,"GA3","dry","dry",NA,"30","mgt","light",NA,"ren08exp1","Pedicularis_rex","27.9 99.633333","27.9 99.633333 NA","ren08","exp1","DM","Pedicularis","rex",NA,"N","N","Zhongdian, Yunnan, China",27.9,99.633333,NA,"Asia",NA,"2006",NA,"dry","30-31",NA,NA,"moist chilling","4","75","10/20","alternating temp at day/night","12/12","GA3","500","1","N",NA,NA,NA,NA,NA,"mgt","12","SD","0.38","3","25",NA,NA,"Table 2","trt.duration is duration of chemical application",12,"SD","moist chilling","500",27,"ren08exp1 27"
"4","75",NA,NA,NA,"15","10/20",NA,"alternating",20,10,"12/12",12,12,NA,NA,"GA3","dry","dry",NA,"30","mgt","light",NA,"ren08exp1","Pedicularis_rex","27.9 99.633333","27.9 99.633333 NA","ren08","exp1","DM","Pedicularis","rex",NA,"N","N","Zhongdian, Yunnan, China",27.9,99.633333,NA,"Asia",NA,"2006",NA,"dry","30-31",NA,NA,"moist chilling","4","75","10/20","alternating temp at day/night","12/12","GA3","100","1","N",NA,NA,NA,NA,NA,"mgt","13.89","SD","1.21","3","25",NA,NA,"Table 2","trt.duration is duration of chemical application",13.89,"SD","moist chilling","100",27,"ren08exp1 27"
"4","75",NA,NA,NA,"15","10/20",NA,"alternating",20,10,"12/12",12,12,NA,NA,"GA3","dry","dry",NA,"30","mgt","light",NA,"ren08exp1","Pedicularis_rex","27.9 99.633333","27.9 99.633333 NA","ren08","exp1","DM","Pedicularis","rex",NA,"N","N","Zhongdian, Yunnan, China",27.9,99.633333,NA,"Asia",NA,"2006",NA,"dry","30-31",NA,NA,"moist chilling","4","75","10/20","alternating temp at day/night","12/12","GA3","0","1","N",NA,NA,NA,NA,NA,"mgt","11.38","SD","1.38","3","25",NA,NA,"Table 2","trt.duration is duration of chemical application",11.38,"SD","moist chilling","0",27,"ren08exp1 27"
"4","90",NA,NA,NA,"15","10/20",NA,"alternating",20,10,"12/12",12,12,NA,NA,"GA3","dry","dry",NA,"30","mgt","light",NA,"ren08exp1","Pedicularis_rex","27.9 99.633333","27.9 99.633333 NA","ren08","exp1","DM","Pedicularis","rex",NA,"N","N","Zhongdian, Yunnan, China",27.9,99.633333,NA,"Asia",NA,"2006",NA,"dry","30-31",NA,NA,"moist chilling","4","90","10/20","alternating temp at day/night","12/12","GA3","1000","1","N",NA,NA,NA,NA,NA,"mgt","13.06","SD","3.14","3","25",NA,NA,"Table 2","trt.duration is duration of chemical application",13.06,"SD","moist chilling","1000",28,"ren08exp1 28"
"4","90",NA,NA,NA,"15","10/20",NA,"alternating",20,10,"12/12",12,12,NA,NA,"GA3","dry","dry",NA,"30","mgt","light",NA,"ren08exp1","Pedicularis_rex","27.9 99.633333","27.9 99.633333 NA","ren08","exp1","DM","Pedicularis","rex",NA,"N","N","Zhongdian, Yunnan, China",27.9,99.633333,NA,"Asia",NA,"2006",NA,"dry","30-31",NA,NA,"moist chilling","4","90","10/20","alternating temp at day/night","12/12","GA3","0","1","N",NA,NA,NA,NA,NA,"mgt","15.36","SD","1.59","3","25",NA,NA,"Table 2","trt.duration is duration of chemical application",15.36,"SD","moist chilling","0",28,"ren08exp1 28"
"4","90",NA,NA,NA,"15","10/20",NA,"alternating",20,10,"12/12",12,12,NA,NA,"GA3","dry","dry",NA,"30","mgt","light",NA,"ren08exp1","Pedicularis_rex","27.9 99.633333","27.9 99.633333 NA","ren08","exp1","DM","Pedicularis","rex",NA,"N","N","Zhongdian, Yunnan, China",27.9,99.633333,NA,"Asia",NA,"2006",NA,"dry","30-31",NA,NA,"moist chilling","4","90","10/20","alternating temp at day/night","12/12","GA3","500","1","N",NA,NA,NA,NA,NA,"mgt","13.84","SD","2.19","3","25",NA,NA,"Table 2","trt.duration is duration of chemical application",13.84,"SD","moist chilling","500",28,"ren08exp1 28"
"4","90",NA,NA,NA,"15","10/20",NA,"alternating",20,10,"12/12",12,12,NA,NA,"GA3","dry","dry",NA,"30","mgt","light",NA,"ren08exp1","Pedicularis_rex","27.9 99.633333","27.9 99.633333 NA","ren08","exp1","DM","Pedicularis","rex",NA,"N","N","Zhongdian, Yunnan, China",27.9,99.633333,NA,"Asia",NA,"2006",NA,"dry","30-31",NA,NA,"moist chilling","4","90","10/20","alternating temp at day/night","12/12","GA3","100","1","N",NA,NA,NA,NA,NA,"mgt","13.67","SD","2.1","3","25",NA,NA,"Table 2","trt.duration is duration of chemical application",13.67,"SD","moist chilling","100",28,"ren08exp1 28"
NA,NA,NA,NA,NA,"20","25/15",28,"alternating",25,15,"12/12",12,12,NA,NA,"GA3","dry","dry","20",NA,"percent.germ","light",NA,"rezvani14exp1","Capsella_bursa-pastoris","36.45 52.766667","36.45 52.766667 NA","rezvani14","exp1","DM","Capsella","bursa-pastoris",NA,"N","N","Mazandaran, Iran",36.45,52.766667,NA,"Asia",NA,"2010",NA,"dry",NA,NA,"20+-5","light",NA,NA,"25/15","alternating temp at day/night","12","GA3","200",NA,"N",NA,"N",NA,NA,"Y","per.germ","35.23","SE","0.94",NA,"50","28",NA,"Figure 1","seed.mass.given is per 1000 seeds",35.23,"SE","hormone x photoperiod","200",1,"rezvani14exp1 1"
NA,NA,NA,NA,NA,"20","25/15",28,"alternating",25,15,"12/12",12,12,NA,NA,"GA3","dry","dry","20",NA,"percent.germ","light",NA,"rezvani14exp1","Capsella_bursa-pastoris","36.45 52.766667","36.45 52.766667 NA","rezvani14","exp1","DM","Capsella","bursa-pastoris",NA,"N","N","Mazandaran, Iran",36.45,52.766667,NA,"Asia",NA,"2010",NA,"dry",NA,NA,"20+-5","light",NA,NA,"25/15","alternating temp at day/night","12","GA3","0",NA,"N",NA,"N",NA,NA,"Y","per.germ","13.29","SE","0.8",NA,"50","28",NA,"Figure 1","seed.mass.given is per 1000 seeds",13.29,"SE","hormone x photoperiod","0",1,"rezvani14exp1 1"
NA,NA,NA,NA,NA,"20","25/15",28,"alternating",25,15,"12/12",12,12,NA,NA,"GA3","dry","dry","20",NA,"percent.germ","light",NA,"rezvani14exp1","Capsella_bursa-pastoris","36.45 52.766667","36.45 52.766667 NA","rezvani14","exp1","DM","Capsella","bursa-pastoris",NA,"N","N","Mazandaran, Iran",36.45,52.766667,NA,"Asia",NA,"2010",NA,"dry",NA,NA,"20+-5","light",NA,NA,"25/15","alternating temp at day/night","12","GA3","400",NA,"N",NA,"N",NA,NA,"Y","per.germ","39.94","SE","1.37",NA,"50","28",NA,"Figure 1","seed.mass.given is per 1000 seeds",39.94,"SE","hormone x photoperiod","400",1,"rezvani14exp1 1"
NA,NA,NA,NA,NA,"20","25/15",28,"alternating",25,15,"12/12",12,12,NA,NA,"GA3","dry","dry","20",NA,"percent.germ","light",NA,"rezvani14exp1","Capsella_bursa-pastoris","36.45 52.766667","36.45 52.766667 NA","rezvani14","exp1","DM","Capsella","bursa-pastoris",NA,"N","N","Mazandaran, Iran",36.45,52.766667,NA,"Asia",NA,"2010",NA,"dry",NA,NA,"20+-5","light",NA,NA,"25/15","alternating temp at day/night","12","GA3","25",NA,"N",NA,"N",NA,NA,"Y","per.germ","25.97","SE","2",NA,"50","28",NA,"Figure 1","seed.mass.given is per 1000 seeds",25.97,"SE","hormone x photoperiod","25",1,"rezvani14exp1 1"
NA,NA,NA,NA,NA,"20","25/15",28,"alternating",25,15,"12/12",12,12,NA,NA,"GA3","dry","dry","20",NA,"percent.germ","light",NA,"rezvani14exp1","Capsella_bursa-pastoris","36.45 52.766667","36.45 52.766667 NA","rezvani14","exp1","DM","Capsella","bursa-pastoris",NA,"N","N","Mazandaran, Iran",36.45,52.766667,NA,"Asia",NA,"2010",NA,"dry",NA,NA,"20+-5","light",NA,NA,"25/15","alternating temp at day/night","12","GA3","600",NA,"N",NA,"N",NA,NA,"Y","per.germ","26.23","SE","0.69",NA,"50","28",NA,"Figure 1","seed.mass.given is per 1000 seeds",26.23,"SE","hormone x photoperiod","600",1,"rezvani14exp1 1"
NA,NA,NA,NA,NA,"20","25/15",28,"alternating",25,15,"12/12",12,12,NA,NA,"GA3","dry","dry","20",NA,"percent.germ","light",NA,"rezvani14exp1","Capsella_bursa-pastoris","36.45 52.766667","36.45 52.766667 NA","rezvani14","exp1","DM","Capsella","bursa-pastoris",NA,"N","N","Mazandaran, Iran",36.45,52.766667,NA,"Asia",NA,"2010",NA,"dry",NA,NA,"20+-5","light",NA,NA,"25/15","alternating temp at day/night","12","GA3","50",NA,"N",NA,"N",NA,NA,"Y","per.germ","26.66","SE","1.11",NA,"50","28",NA,"Figure 1","seed.mass.given is per 1000 seeds",26.66,"SE","hormone x photoperiod","50",1,"rezvani14exp1 1"
NA,NA,NA,NA,NA,"20","25/15",28,"alternating",25,15,"12/12",12,12,NA,NA,"GA3","dry","dry","20",NA,"percent.germ","light",NA,"rezvani14exp1","Capsella_bursa-pastoris","36.45 52.766667","36.45 52.766667 NA","rezvani14","exp1","DM","Capsella","bursa-pastoris",NA,"N","N","Mazandaran, Iran",36.45,52.766667,NA,"Asia",NA,"2010",NA,"dry",NA,NA,"20+-5","light",NA,NA,"25/15","alternating temp at day/night","12","GA3","800",NA,"N",NA,"N",NA,NA,"Y","per.germ","36.09","SE","1.37",NA,"50","28",NA,"Figure 1","seed.mass.given is per 1000 seeds",36.09,"SE","hormone x photoperiod","800",1,"rezvani14exp1 1"
NA,NA,NA,NA,NA,"20","25/15",28,"alternating",25,15,"12/12",12,12,NA,NA,"GA3","dry","dry","20",NA,"percent.germ","light",NA,"rezvani14exp1","Capsella_bursa-pastoris","36.45 52.766667","36.45 52.766667 NA","rezvani14","exp1","DM","Capsella","bursa-pastoris",NA,"N","N","Mazandaran, Iran",36.45,52.766667,NA,"Asia",NA,"2010",NA,"dry",NA,NA,"20+-5","light",NA,NA,"25/15","alternating temp at day/night","12","GA3","100",NA,"N",NA,"N",NA,NA,"Y","per.germ","25.37","SE","1.2",NA,"50","28",NA,"Figure 1","seed.mass.given is per 1000 seeds",25.37,"SE","hormone x photoperiod","100",1,"rezvani14exp1 1"
NA,NA,NA,NA,NA,"20","25/15",28,"alternating",25,15,"0/24",0,24,NA,NA,"GA3","dry","dry","20",NA,"percent.germ","dark",NA,"rezvani14exp1","Capsella_bursa-pastoris","36.45 52.766667","36.45 52.766667 NA","rezvani14","exp1","DM","Capsella","bursa-pastoris",NA,"N","N","Mazandaran, Iran",36.45,52.766667,NA,"Asia",NA,"2010",NA,"dry",NA,NA,"20+-5","darkness",NA,NA,"25/15","alternating temp at day/night","0","GA3","100",NA,"N",NA,"N",NA,NA,"Y","per.germ","28.71","SE","0.34",NA,"50","28",NA,"Figure 1","seed.mass.given is per 1000 seeds",28.71,"SE","hormone x photoperiod","100",2,"rezvani14exp1 2"
NA,NA,NA,NA,NA,"20","25/15",28,"alternating",25,15,"0/24",0,24,NA,NA,"GA3","dry","dry","20",NA,"percent.germ","dark",NA,"rezvani14exp1","Capsella_bursa-pastoris","36.45 52.766667","36.45 52.766667 NA","rezvani14","exp1","DM","Capsella","bursa-pastoris",NA,"N","N","Mazandaran, Iran",36.45,52.766667,NA,"Asia",NA,"2010",NA,"dry",NA,NA,"20+-5","darkness",NA,NA,"25/15","alternating temp at day/night","0","GA3","200",NA,"N",NA,"N",NA,NA,"Y","per.germ","30.17","SE","0.26",NA,"50","28",NA,"Figure 1","seed.mass.given is per 1000 seeds",30.17,"SE","hormone x photoperiod","200",2,"rezvani14exp1 2"
NA,NA,NA,NA,NA,"20","25/15",28,"alternating",25,15,"0/24",0,24,NA,NA,"GA3","dry","dry","20",NA,"percent.germ","dark",NA,"rezvani14exp1","Capsella_bursa-pastoris","36.45 52.766667","36.45 52.766667 NA","rezvani14","exp1","DM","Capsella","bursa-pastoris",NA,"N","N","Mazandaran, Iran",36.45,52.766667,NA,"Asia",NA,"2010",NA,"dry",NA,NA,"20+-5","darkness",NA,NA,"25/15","alternating temp at day/night","0","GA3","0",NA,"N",NA,"N",NA,NA,"Y","per.germ","13.8","SE","0.34",NA,"50","28",NA,"Figure 1","seed.mass.given is per 1000 seeds",13.8,"SE","hormone x photoperiod","0",2,"rezvani14exp1 2"
NA,NA,NA,NA,NA,"20","25/15",28,"alternating",25,15,"0/24",0,24,NA,NA,"GA3","dry","dry","20",NA,"percent.germ","dark",NA,"rezvani14exp1","Capsella_bursa-pastoris","36.45 52.766667","36.45 52.766667 NA","rezvani14","exp1","DM","Capsella","bursa-pastoris",NA,"N","N","Mazandaran, Iran",36.45,52.766667,NA,"Asia",NA,"2010",NA,"dry",NA,NA,"20+-5","darkness",NA,NA,"25/15","alternating temp at day/night","0","GA3","400",NA,"N",NA,"N",NA,NA,"Y","per.germ","29.49","SE","1.37",NA,"50","28",NA,"Figure 1","seed.mass.given is per 1000 seeds",29.49,"SE","hormone x photoperiod","400",2,"rezvani14exp1 2"
NA,NA,NA,NA,NA,"20","25/15",28,"alternating",25,15,"0/24",0,24,NA,NA,"GA3","dry","dry","20",NA,"percent.germ","dark",NA,"rezvani14exp1","Capsella_bursa-pastoris","36.45 52.766667","36.45 52.766667 NA","rezvani14","exp1","DM","Capsella","bursa-pastoris",NA,"N","N","Mazandaran, Iran",36.45,52.766667,NA,"Asia",NA,"2010",NA,"dry",NA,NA,"20+-5","darkness",NA,NA,"25/15","alternating temp at day/night","0","GA3","25",NA,"N",NA,"N",NA,NA,"Y","per.germ","19.54","SE","0.17",NA,"50","28",NA,"Figure 1","seed.mass.given is per 1000 seeds",19.54,"SE","hormone x photoperiod","25",2,"rezvani14exp1 2"
NA,NA,NA,NA,NA,"20","25/15",28,"alternating",25,15,"0/24",0,24,NA,NA,"GA3","dry","dry","20",NA,"percent.germ","dark",NA,"rezvani14exp1","Capsella_bursa-pastoris","36.45 52.766667","36.45 52.766667 NA","rezvani14","exp1","DM","Capsella","bursa-pastoris",NA,"N","N","Mazandaran, Iran",36.45,52.766667,NA,"Asia",NA,"2010",NA,"dry",NA,NA,"20+-5","darkness",NA,NA,"25/15","alternating temp at day/night","0","GA3","600",NA,"N",NA,"N",NA,NA,"Y","per.germ","30","SE","1.11",NA,"50","28",NA,"Figure 1","seed.mass.given is per 1000 seeds",30,"SE","hormone x photoperiod","600",2,"rezvani14exp1 2"
NA,NA,NA,NA,NA,"20","25/15",28,"alternating",25,15,"0/24",0,24,NA,NA,"GA3","dry","dry","20",NA,"percent.germ","dark",NA,"rezvani14exp1","Capsella_bursa-pastoris","36.45 52.766667","36.45 52.766667 NA","rezvani14","exp1","DM","Capsella","bursa-pastoris",NA,"N","N","Mazandaran, Iran",36.45,52.766667,NA,"Asia",NA,"2010",NA,"dry",NA,NA,"20+-5","darkness",NA,NA,"25/15","alternating temp at day/night","0","GA3","50",NA,"N",NA,"N",NA,NA,"Y","per.germ","24.69","SE","0.34",NA,"50","28",NA,"Figure 1","seed.mass.given is per 1000 seeds",24.69,"SE","hormone x photoperiod","50",2,"rezvani14exp1 2"
NA,NA,NA,NA,NA,"20","25/15",28,"alternating",25,15,"0/24",0,24,NA,NA,"GA3","dry","dry","20",NA,"percent.germ","dark",NA,"rezvani14exp1","Capsella_bursa-pastoris","36.45 52.766667","36.45 52.766667 NA","rezvani14","exp1","DM","Capsella","bursa-pastoris",NA,"N","N","Mazandaran, Iran",36.45,52.766667,NA,"Asia",NA,"2010",NA,"dry",NA,NA,"20+-5","darkness",NA,NA,"25/15","alternating temp at day/night","0","GA3","800",NA,"N",NA,"N",NA,NA,"Y","per.germ","21.94","SE","0.1",NA,"50","28",NA,"Figure 1","seed.mass.given is per 1000 seeds",21.94,"SE","hormone x photoperiod","800",2,"rezvani14exp1 2"
NA,NA,NA,NA,NA,"22","22",20,"constant",22,NA,"14/10",14,10,NA,NA,"GA3","dry","dry",NA,"2","percent.germ","light",NA,"kolodziejek15exp4","Juncus_ranarius","52 19.18333333","52 19.18333333 116","kolodziejek15","exp4","AZ","Juncus","ranarius",NA,"N","N","Pełczyska village, Poland",52,19.18333333,"116","Europe","30","2013",NA,"dry","2",NA,NA,"GA3",NA,NA,"22",NA,"14","GA3","1","2","N",NA,"N",NA,NA,"No","per.germ","93","SE","2.5","4","25","20",NA,"table 4",NA,93,"SE","hormone","1",1,"kolodziejek15exp4 1"
NA,NA,NA,NA,NA,"22","22",20,"constant",22,NA,"14/10",14,10,NA,NA,"GA3","dry","dry",NA,"2","percent.germ","light",NA,"kolodziejek15exp4","Juncus_ranarius","52 19.18333333","52 19.18333333 116","kolodziejek15","exp4","AZ","Juncus","ranarius",NA,"N","N","Pełczyska village, Poland",52,19.18333333,"116","Europe","30","2013",NA,"dry","2",NA,NA,"GA3",NA,NA,"22",NA,"14","GA3","10","2","N",NA,"N",NA,NA,"No","per.germ","100","SE","4","4","25","20",NA,"table 4",NA,100,"SE","hormone","10",1,"kolodziejek15exp4 1"
NA,NA,NA,NA,NA,"22","22",20,"constant",22,NA,"14/10",14,10,NA,NA,"GA3","dry","dry",NA,"2","percent.germ","light",NA,"kolodziejek15exp4","Juncus_ranarius","52 19.18333333","52 19.18333333 116","kolodziejek15","exp4","AZ","Juncus","ranarius",NA,"N","N","Pełczyska village, Poland",52,19.18333333,"116","Europe","30","2013",NA,"dry","2",NA,NA,"GA3",NA,NA,"22",NA,"14","GA3","0","2","N",NA,"N",NA,NA,"No","per.germ","27","SE","3","4","25","20",NA,"table 4",NA,27,"SE","hormone","0",1,"kolodziejek15exp4 1"
NA,NA,NA,NA,NA,"22","22",20,"constant",22,NA,"14/10",14,10,NA,NA,"GA3","dry","dry",NA,"2","percent.germ","light",NA,"kolodziejek15exp4","Juncus_ranarius","52 19.18333333","52 19.18333333 116","kolodziejek15","exp4","AZ","Juncus","ranarius",NA,"N","N","Pełczyska village, Poland",52,19.18333333,"116","Europe","30","2013",NA,"dry","2",NA,NA,"GA3",NA,NA,"22",NA,"14","GA3","0.1","2","N",NA,"N",NA,NA,"No","per.germ","77","SE","1.7","4","25","20",NA,"table 4",NA,77,"SE","hormone","0.1",1,"kolodziejek15exp4 1"
NA,NA,NA,NA,NA,"24","24",60,"constant",24,NA,"16/8",16,8,NA,NA,"GA3",NA,NA,NA,NA,"percent.germ","light",NA,"irvani12exp4","Ferula_ammoniacum","32.6 51.43","32.6 51.43 NA","irvani12","exp4","GG","Ferula","ammoniacum",NA,"N","N","Fozveh research station, Iran",32.6,51.43,NA,"Asia",NA,"2010",NA,NA,NA,NA,NA,"GA3",NA,NA,"24",NA,"16/8","GA3","1000","3","N",NA,"N",NA,NA,"N","per.germ","0","SE","0","4","25","60",NA,"Table1",NA,0,"SE","hormone","1000",1,"irvani12exp4 1"
NA,NA,NA,NA,NA,"24","24",60,"constant",24,NA,"16/8",16,8,NA,NA,"GA3",NA,NA,NA,NA,"percent.germ","light",NA,"irvani12exp4","Ferula_ammoniacum","32.6 51.43","32.6 51.43 NA","irvani12","exp4","GG","Ferula","ammoniacum",NA,"N","N","Fozveh research station, Iran",32.6,51.43,NA,"Asia",NA,"2010",NA,NA,NA,NA,NA,"GA3",NA,NA,"24",NA,"16/8","GA3","500","2","N",NA,"N",NA,NA,"N","per.germ","0","SE","0","4","25","60",NA,"Table1",NA,0,"SE","hormone","500",1,"irvani12exp4 1"
NA,NA,NA,NA,NA,"24","24",60,"constant",24,NA,"16/8",16,8,NA,NA,"GA3",NA,NA,NA,NA,"percent.germ","light",NA,"irvani12exp4","Ferula_ammoniacum","32.6 51.43","32.6 51.43 NA","irvani12","exp4","GG","Ferula","ammoniacum",NA,"N","N","Fozveh research station, Iran",32.6,51.43,NA,"Asia",NA,"2010",NA,NA,NA,NA,NA,"GA3",NA,NA,"24",NA,"16/8","GA3","1000","2","N",NA,"N",NA,NA,"N","per.germ","0","SE","0","4","25","60",NA,"Table1",NA,0,"SE","hormone","1000",1,"irvani12exp4 1"
NA,NA,NA,NA,NA,"24","24",60,"constant",24,NA,"16/8",16,8,NA,NA,"GA3",NA,NA,NA,NA,"percent.germ","light",NA,"irvani12exp4","Ferula_ammoniacum","32.6 51.43","32.6 51.43 NA","irvani12","exp4","GG","Ferula","ammoniacum",NA,"N","N","Fozveh research station, Iran",32.6,51.43,NA,"Asia",NA,"2010",NA,NA,NA,NA,NA,"GA3",NA,NA,"24",NA,"16/8","GA3","500","3","N",NA,"N",NA,NA,"N","per.germ","0","SE","0","4","25","60",NA,"Table1",NA,0,"SE","hormone","500",1,"irvani12exp4 1"
NA,NA,NA,NA,NA,"15","20/10",0,"alternating",20,10,"12/12",12,12,NA,NA,"GA3","cold","cold","0","14","percent.germ","light","mmol.L^-1","jang22exp6","Veronicastrum_sibiricum","36.54 128.80","36.54 128.80 NA","jang22","exp6","SS","Veronicastrum","sibiricum",NA,"N","N","Andong National University, South Korea",36.54,128.8,NA,"Asia",NA,"2019 & 2020","2021","cold","14",NA,"0","chemical soaking",NA,NA,"20/10",NA,"12","GA3","2.877 mM",NA,"N",NA,"Y","GA3","1440","Y","per.germ","0","SE","0","4","20","0",NA,"Fig 6",NA,0,"SE","hormone","2.877",6,"jang22exp6 6"
NA,NA,NA,NA,NA,"15","20/10",0,"alternating",20,10,"12/12",12,12,NA,NA,"GA3","cold","cold","0","14","percent.germ","light","mmol.L^-1","jang22exp6","Veronicastrum_sibiricum","36.54 128.80","36.54 128.80 NA","jang22","exp6","SS","Veronicastrum","sibiricum",NA,"N","N","Andong National University, South Korea",36.54,128.8,NA,"Asia",NA,"2019 & 2020","2021","cold","14",NA,"0","chemical soaking",NA,NA,"20/10",NA,"12","GA3","0.029 mM",NA,"N",NA,"Y","GA3","1440","Y","per.germ","0","SE","0","4","20","0",NA,"Fig 6",NA,0,"SE","hormone","0.029",6,"jang22exp6 6"
NA,NA,NA,NA,NA,"15","20/10",0,"alternating",20,10,"12/12",12,12,NA,NA,"GA3","cold","cold","0","14","percent.germ","light","mmol.L^-1","jang22exp6","Veronicastrum_sibiricum","36.54 128.80","36.54 128.80 NA","jang22","exp6","SS","Veronicastrum","sibiricum",NA,"N","N","Andong National University, South Korea",36.54,128.8,NA,"Asia",NA,"2019 & 2020","2021","cold","14",NA,"0","chemical soaking",NA,NA,"20/10",NA,"12","GA3","0.289 mM",NA,"N",NA,"Y","GA3","1440","Y","per.germ","0","SE","0","4","20","0",NA,"Fig 6",NA,0,"SE","hormone","0.289",6,"jang22exp6 6"
NA,NA,NA,NA,NA,"15","20/10",7,"alternating",20,10,"12/12",12,12,NA,NA,"GA3","cold","cold","0","14","percent.germ","light","mmol.L^-1","jang22exp6","Veronicastrum_sibiricum","36.54 128.80","36.54 128.80 NA","jang22","exp6","SS","Veronicastrum","sibiricum",NA,"N","N","Andong National University, South Korea",36.54,128.8,NA,"Asia",NA,"2019 & 2020","2021","cold","14",NA,"0","chemical soaking",NA,NA,"20/10",NA,"12","GA3","2.877 mM",NA,"N",NA,"Y","GA3","1440","Y","per.germ","76.764","SE","3.615","4","20","7",NA,"Fig 6",NA,76.764,"SE","hormone","2.877",7,"jang22exp6 7"
NA,NA,NA,NA,NA,"15","20/10",7,"alternating",20,10,"12/12",12,12,NA,NA,"GA3","cold","cold","0","14","percent.germ","light","mmol.L^-1","jang22exp6","Veronicastrum_sibiricum","36.54 128.80","36.54 128.80 NA","jang22","exp6","SS","Veronicastrum","sibiricum",NA,"N","N","Andong National University, South Korea",36.54,128.8,NA,"Asia",NA,"2019 & 2020","2021","cold","14",NA,"0","chemical soaking",NA,NA,"20/10",NA,"12","GA3","0.029 mM",NA,"N",NA,"Y","GA3","1440","Y","per.germ","5.852","SE","3.27","4","20","7",NA,"Fig 6",NA,5.852,"SE","hormone","0.029",7,"jang22exp6 7"
NA,NA,NA,NA,NA,"15","20/10",7,"alternating",20,10,"12/12",12,12,NA,NA,"GA3","cold","cold","0","14","percent.germ","light","mmol.L^-1","jang22exp6","Veronicastrum_sibiricum","36.54 128.80","36.54 128.80 NA","jang22","exp6","SS","Veronicastrum","sibiricum",NA,"N","N","Andong National University, South Korea",36.54,128.8,NA,"Asia",NA,"2019 & 2020","2021","cold","14",NA,"0","chemical soaking",NA,NA,"20/10",NA,"12","GA3","0.289 mM",NA,"N",NA,"Y","GA3","1440","Y","per.germ","24.096","SE","7.574","4","20","7",NA,"Fig 6",NA,24.096,"SE","hormone","0.289",7,"jang22exp6 7"
NA,NA,NA,NA,NA,"15","20/10",14,"alternating",20,10,"12/12",12,12,NA,NA,"GA3","cold","cold","0","14","percent.germ","light","mmol.L^-1","jang22exp6","Veronicastrum_sibiricum","36.54 128.80","36.54 128.80 NA","jang22","exp6","SS","Veronicastrum","sibiricum",NA,"N","N","Andong National University, South Korea",36.54,128.8,NA,"Asia",NA,"2019 & 2020","2021","cold","14",NA,"0","chemical soaking",NA,NA,"20/10",NA,"12","GA3","0.289 mM",NA,"N",NA,"Y","GA3","1440","Y","per.germ","45.267","SE","6.196","4","20","14",NA,"Fig 6",NA,45.267,"SE","hormone","0.289",8,"jang22exp6 8"
NA,NA,NA,NA,NA,"15","20/10",14,"alternating",20,10,"12/12",12,12,NA,NA,"GA3","cold","cold","0","14","percent.germ","light","mmol.L^-1","jang22exp6","Veronicastrum_sibiricum","36.54 128.80","36.54 128.80 NA","jang22","exp6","SS","Veronicastrum","sibiricum",NA,"N","N","Andong National University, South Korea",36.54,128.8,NA,"Asia",NA,"2019 & 2020","2021","cold","14",NA,"0","chemical soaking",NA,NA,"20/10",NA,"12","GA3","2.877 mM",NA,"N",NA,"Y","GA3","1440","Y","per.germ","91.566","SE","0.689","4","20","14",NA,"Fig 6",NA,91.566,"SE","hormone","2.877",8,"jang22exp6 8"
NA,NA,NA,NA,NA,"15","20/10",14,"alternating",20,10,"12/12",12,12,NA,NA,"GA3","cold","cold","0","14","percent.germ","light","mmol.L^-1","jang22exp6","Veronicastrum_sibiricum","36.54 128.80","36.54 128.80 NA","jang22","exp6","SS","Veronicastrum","sibiricum",NA,"N","N","Andong National University, South Korea",36.54,128.8,NA,"Asia",NA,"2019 & 2020","2021","cold","14",NA,"0","chemical soaking",NA,NA,"20/10",NA,"12","GA3","0.029 mM",NA,"N",NA,"Y","GA3","1440","Y","per.germ","15.663","SE","8.778","4","20","14",NA,"Fig 6",NA,15.663,"SE","hormone","0.029",8,"jang22exp6 8"
NA,NA,NA,NA,NA,"15","20/10",21,"alternating",20,10,"12/12",12,12,NA,NA,"GA3","cold","cold","0","14","percent.germ","light","mmol.L^-1","jang22exp6","Veronicastrum_sibiricum","36.54 128.80","36.54 128.80 NA","jang22","exp6","SS","Veronicastrum","sibiricum",NA,"N","N","Andong National University, South Korea",36.54,128.8,NA,"Asia",NA,"2019 & 2020","2021","cold","14",NA,"0","chemical soaking",NA,NA,"20/10",NA,"12","GA3","0.289 mM",NA,"N",NA,"Y","GA3","1440","Y","per.germ","45.267","SE","6.196","4","20","21",NA,"Fig 6",NA,45.267,"SE","hormone","0.289",9,"jang22exp6 9"
NA,NA,NA,NA,NA,"15","20/10",21,"alternating",20,10,"12/12",12,12,NA,NA,"GA3","cold","cold","0","14","percent.germ","light","mmol.L^-1","jang22exp6","Veronicastrum_sibiricum","36.54 128.80","36.54 128.80 NA","jang22","exp6","SS","Veronicastrum","sibiricum",NA,"N","N","Andong National University, South Korea",36.54,128.8,NA,"Asia",NA,"2019 & 2020","2021","cold","14",NA,"0","chemical soaking",NA,NA,"20/10",NA,"12","GA3","2.877 mM",NA,"N",NA,"Y","GA3","1440","Y","per.germ","91.566","SE","0.517","4","20","21",NA,"Fig 6",NA,91.566,"SE","hormone","2.877",9,"jang22exp6 9"
NA,NA,NA,NA,NA,"15","20/10",21,"alternating",20,10,"12/12",12,12,NA,NA,"GA3","cold","cold","0","14","percent.germ","light","mmol.L^-1","jang22exp6","Veronicastrum_sibiricum","36.54 128.80","36.54 128.80 NA","jang22","exp6","SS","Veronicastrum","sibiricum",NA,"N","N","Andong National University, South Korea",36.54,128.8,NA,"Asia",NA,"2019 & 2020","2021","cold","14",NA,"0","chemical soaking",NA,NA,"20/10",NA,"12","GA3","0.029 mM",NA,"N",NA,"Y","GA3","1440","Y","per.germ","15.663","SE","8.778","4","20","21",NA,"Fig 6",NA,15.663,"SE","hormone","0.029",9,"jang22exp6 9"
NA,NA,NA,NA,NA,"15","20/10",28,"alternating",20,10,"12/12",12,12,NA,NA,"GA3","cold","cold","0","14","percent.germ","light","mmol.L^-1","jang22exp6","Veronicastrum_sibiricum","36.54 128.80","36.54 128.80 NA","jang22","exp6","SS","Veronicastrum","sibiricum",NA,"N","N","Andong National University, South Korea",36.54,128.8,NA,"Asia",NA,"2019 & 2020","2021","cold","14",NA,"0","chemical soaking",NA,NA,"20/10",NA,"12","GA3","2.877 mM",NA,"N",NA,"Y","GA3","1440","Y","per.germ","91.566","SE","0.689","4","20","28",NA,"Fig 6",NA,91.566,"SE","hormone","2.877",10,"jang22exp6 10"
NA,NA,NA,NA,NA,"15","20/10",28,"alternating",20,10,"12/12",12,12,NA,NA,"GA3","cold","cold","0","14","percent.germ","light","mmol.L^-1","jang22exp6","Veronicastrum_sibiricum","36.54 128.80","36.54 128.80 NA","jang22","exp6","SS","Veronicastrum","sibiricum",NA,"N","N","Andong National University, South Korea",36.54,128.8,NA,"Asia",NA,"2019 & 2020","2021","cold","14",NA,"0","chemical soaking",NA,NA,"20/10",NA,"12","GA3","0.289 mM",NA,"N",NA,"Y","GA3","1440","Y","per.germ","45.267","SE","6.196","4","20","28",NA,"Fig 6",NA,45.267,"SE","hormone","0.289",10,"jang22exp6 10"
NA,NA,NA,NA,NA,"15","20/10",28,"alternating",20,10,"12/12",12,12,NA,NA,"GA3","cold","cold","0","14","percent.germ","light","mmol.L^-1","jang22exp6","Veronicastrum_sibiricum","36.54 128.80","36.54 128.80 NA","jang22","exp6","SS","Veronicastrum","sibiricum",NA,"N","N","Andong National University, South Korea",36.54,128.8,NA,"Asia",NA,"2019 & 2020","2021","cold","14",NA,"0","chemical soaking",NA,NA,"20/10",NA,"12","GA3","0.029 mM",NA,"N",NA,"Y","GA3","1440","Y","per.germ","15.663","SE","8.778","4","20","28",NA,"Fig 6",NA,15.663,"SE","hormone","0.029",10,"jang22exp6 10"
