"datasetID","latbi","chillDuration","responseVarClean","responseValue","germTempGen"
"213_6","Acer_negundo",NA,"percent.germ",0.96,NA
"213_6","Acer_platanoides",NA,"percent.germ",0.81,10
"213_6","Acer_pseudoplatanus",NA,"percent.germ",0.71,NA
"213_6","Acer_saccharinum",NA,"percent.germ",0.97,NA
"294_3","Baccharis_pilularis",NA,"percent.germ",0.54,25
"294_3","Baccharis_salicifolia",NA,"percent.germ",0.82,NA
"445_6","Cotoneaster_acutifolius",NA,"percent.germ",0.8,NA
"487_5","Elaeagnus_angustifolia",90,"percent.germ",0.9,NA
"454_5","Crataegus_mollis",NA,"percent.germ",0.5,NA
"454_5","Crataegus_succulenta",NA,"percent.germ",0.4,NA
"377_5","Cercis_canadensis",91,"percent.germ",1,NA
"377_5","Cercis_canadensis",NA,"percent.germ",0.72,27
"1023_1","Sarcobatus_vermiculatus",NA,"percent.germ",0.93,25
"1134_7","Tsuga_canadensis",30,"percent.germ",0.66,NA
"1134_7","Tsuga_caroliniana",NA,"percent.germ",0.8,NA
"1134_7","Tsuga_caroliniana",30,"percent.germ",0.57,NA
"1134_7","Tsuga_caroliniana",120,"percent.germ",0.91,NA
"1045_2","Shepherdia_argentea",NA,"percent.germ",0.86,30
"1045_2","Shepherdia_rotundifolia",60,"percent.germ",0.9,30
"1045_2","Shepherdia_rotundifolia",60,"percent.germ",0.9,30
"936_4","Quercus_alba",NA,"percent.germ",0.99,NA
"936_4","Quercus_bicolor",NA,"percent.germ",0.98,25.5
"936_4","Quercus_cerris",NA,"percent.germ",0.76,NA
"936_4","Quercus_chrysolepis",60,"percent.germ",0.75,NA
"936_4","Quercus_coccinea",60,"percent.germ",0.99,NA
"936_4","Quercus_douglasii",NA,"percent.germ",0.72,NA
"936_4","Quercus_dumosa",90,"percent.germ",0.9,NA
"936_4","Quercus_ellipsoidalis",90,"percent.germ",0.93,NA
"936_4","Quercus_falcata",90,"percent.germ",1,27
"936_4","Quercus_garryana",NA,"percent.germ",1,NA
"936_4","Quercus_ilicifolia",120,"percent.germ",0.94,NA
"936_4","Quercus_imbricaria",60,"percent.germ",0.66,NA
"936_4","Quercus_laurifolia",90,"percent.germ",0.92,NA
"936_4","Quercus_macrocarpa",60,"percent.germ",0.85,NA
"936_4","Quercus_nigra",60,"percent.germ",0.94,26.5
"936_4","Quercus_pagoda",120,"percent.germ",0.98,NA
"936_4","Quercus_petraea",NA,"percent.germ",0.74,NA
"936_4","Quercus_michauxii",NA,"percent.germ",0.78,NA
"936_4","Quercus_rubra",45,"percent.germ",0.85,NA
"936_4","Quercus_shumardii",120,"percent.germ",0.82,NA
"936_4","Quercus_stellata",NA,"percent.germ",0.98,NA
"936_4","Quercus_suber",NA,"percent.germ",1,NA
"936_4","Quercus_texana",90,"percent.germ",0.69,NA
"703_4","Magnolia_acuminata",NA,"percent.germ",0.86,25
"703_4","Magnolia_fraseri",NA,"percent.germ",0.21,NA
"703_4","Magnolia_grandiflora",NA,"percent.germ",0.9,NA
"703_4","Magnolia_virginiana",NA,"percent.germ",0.5,NA
"687_5","Lonicera_chrysantha",NA,"percent.germ",0.91,NA
"692_2","Lupinus_arboreus",NA,"percent.germ",0.45,NA
"248_5","Amelanchier_laevis",NA,"percent.germ",0.74,NA
"454_5","Crataegus_mollis",NA,"percent.germ",0.5,NA
"454_5","Crataegus_succulenta",140,"percent.germ",0.4,NA
"612_5","Juniperus_communis",NA,"percent.germ",0.75,NA
"612_5","Juniperus_deppeana",NA,"percent.germ",0.3,NA
"612_5","Juniperus_monosperma",NA,"percent.germ",0.75,NA
"612_5","Juniperus_osteosperma",NA,"percent.germ",0.49,NA
"331_Table 4","Carpinus_betulus",NA,"percent.germ",0.9,NA
"331_Table 4","Carpinus_caroliniana",NA,"percent.germ",0.05,NA
"411_3","Chrysothamnus_viscidiflorus",NA,"percent.germ",0.98,NA
"411_3","Ericameria_nauseosa",NA,"percent.germ",1,NA
"411_3","Ericameria_nauseosa",NA,"percent.germ",1,NA
"411_3","Ericameria_nauseosa",NA,"percent.germ",1,NA
"668_Table 2","Lindera_benzoin",NA,"percent.germ",0.9,NA
"273_3","Aronia_arbutifolia",90,"percent.germ",0.94,20
"273_3","Aronia_melanocarpa",90,"percent.germ",0.22,25
"273_3","Aronia_x_prunifolia",60,"percent.germ",0.96,20
"213_6","Acer_circinatum",NA,"percent.germ",0.19,25
"213_6","Acer_tataricum",NA,"percent.germ",0.52,25
"213_6","Acer_macrophyllum",NA,"percent.germ",1,2
"213_6","Acer_macrophyllum",NA,"percent.germ",1,2
"213_6","Acer_macrophyllum",NA,"percent.germ",1,2
"213_6","Acer_pensylvanicum",NA,"percent.germ",0.82,5
"213_6","Acer_pensylvanicum",NA,"percent.germ",0.76,23
"213_6","Acer_platanoides",NA,"percent.germ",0.3,4
"213_6","Acer_rubrum",NA,"percent.germ",0.89,10
"213_6","Acer_saccharinum",NA,"percent.germ",0.94,30
"213_6","Acer_saccharum",NA,"percent.germ",0.95,2
"213_6","Acer_spicatum",NA,"percent.germ",0.34,NA
"238_5","Alnus_glutinosa",0,"percent.germ",0.52,25.5
"238_5","Alnus_glutinosa",0,"percent.germ",0.28,25
"238_5","Alnus_glutinosa",180,"percent.germ",0.46,25
"238_5","Alnus_incana",0,"percent.germ",0.45,21
"238_5","Alnus_incana",0,"percent.germ",0.29,25
"238_5","Alnus_incana",180,"percent.germ",0.49,25
"238_5","Alnus_rhombifolia",0,"percent.germ",0.59,25
"238_5","Alnus_rubra",0,"percent.germ",0.56,20
"238_5","Alnus_rubra",0,"percent.germ",0.75,25
"238_5","Alnus_rubra",14,"percent.germ",0.72,25
"238_5","Alnus_rubra",28,"percent.germ",0.72,25
"238_5","Alnus_rubra",0,"percent.germ",0.16,10
"238_5","Alnus_rubra",14,"percent.germ",0.63,10
"238_5","Alnus_rubra",28,"percent.germ",0.8,10
"238_5","Alnus_serrulata",1,"percent.germ",0.36,25
"238_5","Alnus_alnobetula",60,"percent.germ",0.28,25
"238_5","Alnus_alnobetula",14,"percent.germ",0.14,25
"301_4","Berberis_koreana",60,"percent.germ",0.88,16
"301_4","Berberis_thunbergii",90,"percent.germ",0.9,18.5
"301_4","Berberis_vulgaris",40,"percent.germ",0.91,18.5
"222_5","Aesculus_californica",0,"percent.germ",0.56,25
"222_5","Aesculus_flava",120,"percent.germ",0.76,25
"222_5","Aesculus_glabra",120,"percent.germ",0.59,25
"222_5","Aesculus_glabra",120,"percent.germ",0.76,20.5
"222_5","Aesculus_hippocastanum",120,"percent.germ",0.89,25
"222_5","Aesculus_pavia",0,"percent.germ",0.7,25
"222_5","Aesculus_sylvatica",90,"percent.germ",0.78,NA
"294_3","Baccharis_angustifolia",NA,"percent.germ",0.21,15
"294_3","Baccharis_halimifolia",NA,"percent.germ",0.92,21
"294_3","Baccharis_pilularis",NA,"percent.germ",0.93,20.5
"294_3","Baccharis_pilularis",NA,"percent.germ",0.92,23.5
"294_3","Baccharis_pilularis",NA,"percent.germ",0.4,11
"294_3","Baccharis_salicifolia",NA,"percent.germ",0.75,25
"445_6","Cotoneaster_acutifolius",NA,"percent.germ",0.7,17.5
"445_6","Cotoneaster_horizontalis",NA,"percent.germ",1,27
"445_6","Cotoneaster_horizontalis",NA,"percent.germ",0.3,25
"445_6","Cotoneaster_acutifolius",NA,"percent.germ",0.7,17.5
"445_6","Cotoneaster_niger",NA,"percent.germ",0.8,17.5
"440_3","Cotinus_coggygria",NA,"percent.germ",0.8,20
"440_3","Cotinus_coggygria",NA,"percent.germ",0.93,21
"440_3","Cotinus_obovatus",NA,"percent.germ",0.39,25
"437_4","Corylus_americana",NA,"percent.germ",0.13,25
"437_4","Corylus_avellana",NA,"percent.germ",0.69,25
"437_4","Corylus_cornuta",NA,"percent.germ",0.2,25
"487_5","Elaeagnus_angustifolia",10,"percent.germ",0.54,NA
"487_5","Elaeagnus_angustifolia",10,"percent.germ",0.68,25
"487_5","Elaeagnus_commutata",10,"percent.germ",0.6,25
"487_5","Elaeagnus_umbellata",10,"percent.germ",0.41,25
"487_5","Elaeagnus_umbellata",10,"percent.germ",0.93,20
"432_6","Cornus_alternifolia",NA,"percent.germ",0.1,25
"432_6","Cornus_amomum",NA,"percent.germ",0.7,25
"432_6","Cornus_canadensis",NA,"percent.germ",0.16,25
"432_6","Cornus_drummondii",NA,"percent.germ",0.25,25
"432_6","Cornus_florida",NA,"percent.germ",0.35,25
"432_6","Cornus_kousa",NA,"percent.germ",0.85,25
"432_6","Cornus_mas",NA,"percent.germ",0.57,25
"432_6","Cornus_nuttallii",NA,"percent.germ",0.81,25
"432_6","Cornus_racemosa",NA,"percent.germ",0.2,25
"432_6","Cornus_rugosa",NA,"percent.germ",0.46,25
"432_6","Cornus_sericea",NA,"percent.germ",0.57,25
"454_5","Crataegus_holmesiana",NA,"percent.germ",0.35,5
"454_5","Crataegus_crus-galli",NA,"percent.germ",0.73,21
"454_5","Crataegus_douglasii",NA,"percent.germ",0.3,21
"454_5","Crataegus_mollis",NA,"percent.germ",0.42,21
"454_5","Crataegus_phaenopyrum",NA,"percent.germ",0.71,21
"454_5","Crataegus_phaenopyrum",NA,"percent.germ",0.92,5
"454_5","Crataegus_punctata",NA,"percent.germ",0.6,21
"454_5","Crataegus_sanguinea",NA,"percent.germ",0.73,21
"454_5","Crataegus_sanguinea",NA,"percent.germ",0.5,5.5
"454_5","Crataegus_tracyi",NA,"percent.germ",0,16
"353_4","Ceanothus_americanus",90,"percent.germ",0.65,NA
"353_4","Ceanothus_americanus",60,"percent.germ",0.32,NA
"353_4","Ceanothus_arboreus",0,"percent.germ",0.9,NA
"353_4","Ceanothus_cordulatus",94,"percent.germ",0.9,NA
"353_4","Ceanothus_crassifolius",90,"percent.germ",0.76,NA
"353_4","Ceanothus_crassifolius",0,"percent.germ",0.48,NA
"353_4","Ceanothus_cuneatus",90,"percent.germ",0.92,NA
"353_4","Ceanothus_cuneatus",30,"percent.germ",0.38,NA
"353_4","Ceanothus_cuneatus",0,"percent.germ",0.85,NA
"353_4","Ceanothus_diversifolius",60,"percent.germ",0.61,NA
"353_4","Ceanothus_fendleri",0,"percent.germ",0.16,NA
"353_4","Ceanothus_pauciflorus",30,"percent.germ",0.51,NA
"353_4","Ceanothus_impressus",60,"percent.germ",0.73,NA
"353_4","Ceanothus_integerrimus",56,"percent.germ",1,NA
"353_4","Ceanothus_integerrimus",90,"percent.germ",0.85,NA
"353_4","Ceanothus_leucodermis",30,"percent.germ",0.68,NA
"353_4","Ceanothus_megacarpus",30,"percent.germ",0.88,NA
"353_4","Ceanothus_oliganthus",0,"percent.germ",0.62,NA
"353_4","Ceanothus_prostratus",115,"percent.germ",0.92,NA
"353_4","Ceanothus_prostratus",90,"percent.germ",0.71,NA
"353_4","Ceanothus_sanguineus",120,"percent.germ",0.97,NA
"353_4","Ceanothus_sanguineus",0,"percent.germ",0,NA
"353_4","Ceanothus_arboreus",90,"percent.germ",1,NA
"353_4","Ceanothus_thyrsiflorus",90,"percent.germ",0.83,NA
"353_4","Ceanothus_thyrsiflorus",0,"percent.germ",0.73,NA
"353_4","Ceanothus_velutinus",63,"percent.germ",0.82,NA
"353_4","Ceanothus_velutinus",90,"percent.germ",0.7,NA
"336_5","Carya_alba",90,"percent.germ",0.66,25
"336_5","Carya_aquatica",30,"percent.germ",0.92,24
"336_5","Carya_cordiformis",90,"percent.germ",0.55,25
"336_5","Carya_cordiformis",90,"percent.germ",0.6,24
"336_5","Carya_glabra",90,"percent.germ",0.85,25
"336_5","Carya_illinoinensis",30,"percent.germ",0.91,25
"336_5","Carya_illinoinensis",30,"percent.germ",0.75,26.5
"336_5","Carya_myristiciformis",60,"percent.germ",0.6,25
"336_5","Carya_ovata",90,"percent.germ",0.8,25
"336_5","Carya_ovata",60,"percent.germ",0.73,25
"377_5","Cercis_canadensis",NA,"percent.germ",0.78,NA
"377_5","Cercis_canadensis",42,"percent.germ",0.97,21
"377_5","Cercis_canadensis",35,"percent.germ",0.88,NA
"377_5","Cercis_canadensis",60,"percent.germ",0.8,20
"377_5","Cercis_canadensis",60,"percent.germ",0.9,25
"377_5","Cercis_canadensis",NA,"percent.germ",0.91,25
"377_5","Cercis_canadensis",60,"percent.germ",0.87,18
"377_5","Cercis_canadensis",0,"percent.germ",0.43,20
"377_5","Cercis_canadensis",28,"percent.germ",0.83,20
"377_5","Cercis_canadensis",35,"percent.germ",0.95,21
"377_5","Cercis_canadensis",35,"percent.germ",1,28
"377_5","Cercis_orbiculata",NA,"percent.germ",0.52,NA
"377_5","Cercis_orbiculata",90,"percent.germ",0.84,NA
"368_5","Celtis_laevigata",NA,"percent.germ",0.55,25
"368_5","Celtis_reticulata",NA,"percent.germ",0.37,25
"368_5","Celtis_occidentalis",NA,"percent.germ",0.47,25
"518_8","Euonymus_americanus",NA,"percent.germ",0.15,21
"518_8","Euonymus_atropurpureus",NA,"percent.germ",0.4,25
"518_8","Euonymus_maackii",NA,"percent.germ",0.2,5
"518_8","Euonymus_europaeus",NA,"percent.germ",0.71,22.5
"518_8","Euonymus_maackii",NA,"percent.germ",0.75,17.5
"518_8","Euonymus_verrucosus",NA,"percent.germ",0.7,16
"542_6","Fraxinus_americana",NA,"percent.germ",0.54,25
"542_6","Fraxinus_americana",NA,"percent.germ",0.68,20
"542_6","Fraxinus_caroliniana",NA,"percent.germ",0.61,25
"542_6","Fraxinus_dipetala",NA,"percent.germ",0.71,NA
"542_6","Fraxinus_excelsior",NA,"percent.germ",0.61,NA
"542_6","Fraxinus_nigra",NA,"percent.germ",0.2,25
"542_6","Fraxinus_ornus",NA,"percent.germ",0.49,NA
"542_6","Fraxinus_pennsylvanica",NA,"percent.germ",0.8,25
"542_6","Fraxinus_pennsylvanica",NA,"percent.germ",0.89,NA
"542_6","Fraxinus_profunda",NA,"percent.germ",0.48,23
"542_6","Fraxinus_quadrangulata",NA,"percent.germ",0.44,25
"542_6","Fraxinus_uhdei",NA,"percent.germ",0.69,25
"542_6","Fraxinus_velutina",NA,"percent.germ",0.33,25
"202_4","Acacia_auriculiformis",NA,"percent.germ",0.56,NA
"202_4","Acacia_decurrens",NA,"percent.germ",0.74,NA
"202_4","Vachellia_farnesiana",NA,"percent.germ",0.56,79
"202_4","Acacia_koa",NA,"percent.germ",0.18,NA
"202_4","Acacia_mangium",NA,"percent.germ",0.8,NA
"202_4","Acacia_mearnsii",NA,"percent.germ",0.72,60
"202_4","Acacia_melanoxylon",NA,"percent.germ",0.93,77
"202_4","Acacia_melanoxylon",NA,"percent.germ",0.48,68
"202_4","Acacia_melanoxylon",NA,"percent.germ",0.52,NA
"202_4","Vachellia_nilotica",NA,"percent.germ",0.74,NA
"709_5","Berberis_aquifolium",90,"percent.germ",0.25,25
"709_5","Berberis_fremontii",0,"percent.germ",0.85,NA
"709_5","Berberis_nevinii",90,"percent.germ",0.77,NA
"709_5","Berberis_repens",196,"percent.germ",0.74,21
"716_4","Malus_baccata",30,"percent.germ",0.54,25
"716_4","Malus_coronaria",120,"percent.germ",0.96,10
"716_4","Malus_ioensis",60,"percent.germ",0.58,25
"716_4","Malus_pumila",60,"percent.germ",0.65,25
"788_2","Philadelphus_lewisii",NA,"percent.germ",0.57,15
"788_2","Philadelphus_microphyllus",NA,"percent.germ",0.44,15
"747_4","Nyssa_aquatica",NA,"percent.germ",0.97,25
"747_4","Nyssa_aquatica",NA,"percent.germ",0.79,29
"747_4","Nyssa_biflora",NA,"percent.germ",0.51,NA
"747_4","Nyssa_ogeche",NA,"percent.germ",0.85,25
"747_4","Nyssa_sylvatica",NA,"percent.germ",0.71,25
"1063_5","Sorbus_americana",60,"percent.germ",0.13,20
"1063_5","Sorbus_americana",90,"percent.germ",0.12,10
"1063_5","Sorbus_americana",132,"percent.germ",0.16,5
"1063_5","Sorbus_aucuparia",99,"percent.germ",0.94,1
"1063_5","Sorbus_aucuparia",61,"percent.germ",0.96,1
"1063_5","Sorbus_aucuparia",90,"percent.germ",0.93,1
"1063_5","Sorbus_aucuparia",120,"percent.germ",0.76,20
"1063_5","Sorbus_aucuparia",210,"percent.germ",0.95,3
"1063_5","Sorbus_aucuparia",30,"percent.germ",0.9,3
"1063_5","Sorbus_aucuparia",420,"percent.germ",0.88,3
"1063_5","Sorbus_aucuparia",90,"percent.germ",0.93,3
"1063_5","Sorbus_aucuparia",126,"percent.germ",0.3,20
"1063_5","Sorbus_decora",NA,"percent.germ",0.1,20
"1063_5","Sorbus_scopulina",115,"percent.germ",0.61,20
"1063_5","Sorbus_sitchensis",90,"percent.germ",0.3,20
"1063_5","Sorbus_sitchensis",120,"percent.germ",0.21,NA
"1063_5","Sorbus_sitchensis",140,"percent.germ",0.15,21
"1017_6","Sambucus_canadensis",NA,"percent.germ",0.63,25
"1017_6","Sambucus_cerulea",NA,"percent.germ",0.79,21
"1017_6","Sambucus_racemosa",NA,"percent.germ",0.47,25
"1023_1","Sarcobatus_vermiculatus",NA,"percent.germ",1,10
"1023_1","Sarcobatus_vermiculatus",NA,"percent.germ",0.8,5
"1023_1","Sarcobatus_vermiculatus",NA,"percent.germ",1,NA
"1023_1","Sarcobatus_vermiculatus",NA,"percent.germ",0.88,11
"1085_3","Syringa_reticulata",NA,"percent.germ",0.72,NA
"1085_3","Syringa_villosa",NA,"percent.germ",0.77,20
"1085_3","Syringa_vulgaris",NA,"percent.germ",0.61,NA
"1096_4","Taxus_baccata",NA,"percent.germ",0.67,13
"1096_4","Taxus_baccata",365,"percent.germ",0.47,10
"1096_4","Taxus_brevifolia",NA,"percent.germ",0.55,25
"1096_4","Taxus_cuspidata",365,"percent.germ",0.68,10
"1134_7","Tsuga_canadensis",60,"percent.germ",0.38,25
"1134_7","Tsuga_canadensis",0,"percent.germ",0.1,22
"1134_7","Tsuga_canadensis",20,"percent.germ",0.6,15
"1134_7","Tsuga_canadensis",40,"percent.germ",0.45,15
"1134_7","Tsuga_canadensis",90,"percent.germ",0.61,15
"1134_7","Tsuga_caroliniana",0,"percent.germ",0.4,25
"1134_7","Tsuga_caroliniana",21,"percent.germ",0.51,25
"1134_7","Tsuga_caroliniana",0,"percent.germ",0.82,22
"1134_7","Tsuga_heterophylla",0,"percent.germ",0.53,20
"1134_7","Tsuga_heterophylla",0,"percent.germ",0.56,13.5
"1134_7","Tsuga_heterophylla",0,"percent.germ",0.86,15
"1134_7","Tsuga_heterophylla",28,"percent.germ",0.86,15
"1134_7","Tsuga_mertensiana",0,"percent.germ",0.47,25
"1134_7","Tsuga_mertensiana",NA,"percent.germ",0.91,20
"1134_7","Tsuga_mertensiana",90,"percent.germ",0.62,25
"1134_7","Tsuga_mertensiana",0,"percent.germ",0.81,20
"1134_7","Tsuga_mertensiana",28,"percent.germ",0.97,20
"1134_7","Tsuga_mertensiana",90,"percent.germ",0.72,20
"1045_2","Shepherdia_argentea",90,"percent.germ",0.93,20
"1045_2","Shepherdia_argentea",90,"percent.germ",0.94,3
"1045_2","Shepherdia_canadensis",NA,"percent.germ",0.89,3
"1045_2","Shepherdia_canadensis",NA,"percent.germ",0.8,20
"1045_2","Shepherdia_rotundifolia",30,"percent.germ",0.8,20
"1045_2","Shepherdia_rotundifolia",30,"percent.germ",0.8,20
"1045_2","Shepherdia_rotundifolia",30,"percent.germ",0.86,3
"1038_1","Sequoiadendron_giganteum",0,"percent.germ",0.43,15
"1038_1","Sequoiadendron_giganteum",0,"percent.germ",0.04,5
"1038_1","Sequoiadendron_giganteum",0,"percent.germ",0.4,20
"1038_1","Sequoiadendron_giganteum",0,"percent.germ",0.05,30
"1038_1","Sequoiadendron_giganteum",28,"percent.germ",0.38,25
"1038_1","Sequoiadendron_giganteum",0,"percent.germ",0.3,25
"1091_2","Taxodium_distichum",30,"percent.germ",0.93,25
"966_6","Ribes_alpinum",NA,"percent.germ",0.8,10
"966_6","Ribes_americanum",NA,"percent.germ",0.76,10
"966_6","Ribes_aureum",NA,"percent.germ",0.98,10
"966_6","Ribes_cereum",NA,"percent.germ",0.72,10
"966_6","Ribes_cynosbati",NA,"percent.germ",0.72,10
"966_6","Ribes_hudsonianum",NA,"percent.germ",0.85,10
"966_6","Ribes_inerme",NA,"percent.germ",0.74,10
"966_6","Ribes_lacustre",NA,"percent.germ",0.61,10
"966_6","Ribes_missouriense",NA,"percent.germ",0.73,10
"966_6","Ribes_montigenum",NA,"percent.germ",0.53,10
"966_6","Ribes_nevadense",NA,"percent.germ",0.87,10
"966_6","Ribes_oxyacanthoides",NA,"percent.germ",0.81,10
"966_6","Ribes_roezlii",NA,"percent.germ",0.87,10
"966_6","Ribes_rotundifolium",NA,"percent.germ",0.81,10
"966_6","Ribes_sanguineum",NA,"percent.germ",0.64,10
"966_6","Ribes_viscosissimum",NA,"percent.germ",0.67,10
"993_6","Rubus_idaeus",NA,"percent.germ",0.69,10
"993_6","Rubus_idaeus",NA,"percent.germ",0.93,20
"993_6","Rubus_idaeus",NA,"percent.germ",0.6,30
"993_6","Rubus_idaeus",60,"percent.germ",0.53,NA
"993_6","Rubus_idaeus",60,"percent.germ",0.1,21
"993_6","Rubus_spectabilis",NA,"percent.germ",0.81,21
"936_4","Quercus_acutissima",NA,"percent.germ",0.98,NA
"936_4","Quercus_agrifolia",0,"percent.germ",0.73,NA
"936_4","Quercus_alba",0,"percent.germ",0.5,25
"936_4","Quercus_bicolor",0,"percent.germ",0.78,15.5
"936_4","Quercus_cerris",0,"percent.germ",0.33,21
"936_4","Quercus_chrysolepis",0,"percent.germ",0.56,25
"936_4","Quercus_coccinea",30,"percent.germ",0.97,25
"936_4","Quercus_douglasii",0,"percent.germ",0.7,25
"936_4","Quercus_dumosa",30,"percent.germ",0.8,25
"936_4","Quercus_ellipsoidalis",60,"percent.germ",0.95,25.5
"936_4","Quercus_falcata",30,"percent.germ",0.75,23
"936_4","Quercus_gambelii",14,"percent.germ",0.92,NA
"936_4","Quercus_gambelii",14,"percent.germ",0.92,NA
"936_4","Quercus_garryana",0,"percent.germ",0.77,25.5
"936_4","Quercus_ilicifolia",60,"percent.germ",0.86,25
"936_4","Quercus_imbricaria",30,"percent.germ",0.28,20
"936_4","Quercus_kelloggii",30,"percent.germ",0.95,25.5
"936_4","Quercus_laevis",60,"percent.germ",0.82,25
"936_4","Quercus_laurifolia",0,"percent.germ",0.5,NA
"936_4","Quercus_laurifolia",14,"percent.germ",0.45,25
"936_4","Quercus_lyrata",0,"percent.germ",0.84,15.5
"936_4","Quercus_lyrata",42,"percent.germ",0.82,25
"936_4","Quercus_macrocarpa",30,"percent.germ",0.45,25
"936_4","Quercus_marilandica",90,"percent.germ",0.91,NA
"936_4","Quercus_michauxii",0,"percent.germ",0.49,26.5
"936_4","Quercus_michauxii",30,"percent.germ",0.98,26.5
"936_4","Quercus_muehlenbergii",0,"percent.germ",0.98,25
"936_4","Quercus_nigra",30,"percent.germ",0.6,25
"936_4","Quercus_pagoda",60,"percent.germ",0.86,25
"936_4","Quercus_petraea",0,"percent.germ",0.65,25
"936_4","Quercus_phellos",30,"percent.germ",0.67,26.5
"936_4","Quercus_phellos",0,"percent.germ",0.89,26.5
"936_4","Quercus_michauxii",0,"percent.germ",0.82,22.5
"936_4","Quercus_robur",0,"percent.germ",0.81,20.5
"936_4","Quercus_rubra",30,"percent.germ",0.58,25
"936_4","Quercus_rubra",70,"percent.germ",1,20
"936_4","Quercus_shumardii",60,"percent.germ",0.72,26.5
"936_4","Quercus_sinuata",0,"percent.germ",0.87,25
"936_4","Quercus_stellata",0,"percent.germ",0.54,25
"936_4","Quercus_suber",0,"percent.germ",0.73,27
"936_4","Quercus_texana",60,"percent.germ",0.6,26.5
"936_4","Quercus_turbinella",NA,"percent.germ",0.95,21.5
"936_4","Quercus_vacciniifolia",0,"percent.germ",0.43,21
"936_4","Quercus_variabilis",0,"percent.germ",0.55,25
"936_4","Quercus_velutina",30,"percent.germ",0.47,22.5
"936_4","Quercus_virginiana",0,"percent.germ",0.97,25
"936_4","Quercus_wislizeni",30,"percent.germ",0.75,25
"885_6","Prunus_umbellata",150,"percent.germ",0.25,10
"885_6","Prunus_americana",90,"percent.germ",0.6,10
"885_6","Prunus_angustifolia",60,"percent.germ",0.55,NA
"885_6","Prunus_armeniaca",0,"percent.germ",0.14,NA
"885_6","Prunus_armeniaca",189,"percent.germ",0.95,3
"885_6","Prunus_armeniaca",80,"percent.germ",0.95,5
"885_6","Prunus_avium",90,"percent.germ",0.91,21
"885_6","Prunus_avium",120,"percent.germ",0.76,21
"885_6","Prunus_avium",189,"percent.germ",0.88,3
"885_6","Prunus_cerasifera",196,"percent.germ",0.65,4
"885_6","Prunus_domestica",189,"percent.germ",0.56,3
"885_6","Prunus_domestica",84,"percent.germ",0.89,18
"885_6","Prunus_emarginata",90,"percent.germ",0.04,24
"885_6","Prunus_mahaleb",80,"percent.germ",0.89,NA
"885_6","Prunus_mahaleb",189,"percent.germ",0.55,3
"885_6","Prunus_munsoniana",80,"percent.germ",1,NA
"885_6","Prunus_padus",100,"percent.germ",0.85,NA
"885_6","Prunus_padus",210,"percent.germ",0.5,3
"885_6","Prunus_pensylvanica",90,"percent.germ",0.62,17.5
"885_6","Prunus_persica",98,"percent.germ",0.32,5
"885_6","Prunus_persica",70,"percent.germ",0.82,5
"885_6","Prunus_pumila",120,"percent.germ",0.6,NA
"885_6","Prunus_serotina",120,"percent.germ",0.86,18
"885_6","Prunus_serotina",189,"percent.germ",0.9,3
"885_6","Prunus_virginiana",120,"percent.germ",0.77,17.5
"899_6","Pseudotsuga_macrocarpa",28,"percent.germ",0.31,25
"899_6","Pseudotsuga_macrocarpa",NA,"percent.germ",0.28,NA
"899_6","Pseudotsuga_macrocarpa",NA,"percent.germ",0.3,24
"899_6","Pseudotsuga_menziesii",30,"percent.germ",0.78,25
"899_6","Pseudotsuga_menziesii",20,"percent.germ",0.95,25
"899_6","Pseudotsuga_menziesii",0,"percent.germ",0.93,25
"899_6","Pseudotsuga_menziesii",21,"percent.germ",0.81,25
"899_6","Pseudotsuga_menziesii",28,"percent.germ",0.84,25
"874_2","Prosopis_juliflora",NA,"percent.germ",0.98,27
"874_2","Prosopis_juliflora",NA,"percent.germ",0.88,25
"703_4","Magnolia_acuminata",NA,"percent.germ",0.08,20.5
"703_4","Magnolia_fraseri",NA,"percent.germ",0.08,25
"703_4","Magnolia_grandiflora",NA,"percent.germ",0.43,25
"703_4","Magnolia_macrophylla",NA,"percent.germ",0.71,22
"703_4","Magnolia_portoricensis",NA,"percent.germ",0.64,27
"703_4","Magnolia_virginiana",58,"percent.germ",0.93,18
"703_4","Magnolia_virginiana",NA,"percent.germ",0.32,25
"977_3","Rosa_acicularis",365,"percent.germ",0.57,5
"977_3","Rosa_acicularis",90,"percent.germ",0.9,16.67
"977_3","Rosa_blanda",90,"percent.germ",0.07,13
"977_3","Rosa_blanda",270,"percent.germ",0.53,13
"977_3","Rosa_californica",90,"percent.germ",0.62,NA
"977_3","Rosa_canina",60,"percent.germ",0.47,NA
"977_3","Rosa_canina",150,"percent.germ",0.34,NA
"977_3","Rosa_eglanteria",570,"percent.germ",0.24,5
"977_3","Rosa_eglanteria",450,"percent.germ",0.4,5
"977_3","Rosa_gymnocarpa",90,"percent.germ",0.43,NA
"977_3","Rosa_multiflora",90,"percent.germ",0.45,15
"977_3","Rosa_multiflora",180,"percent.germ",0.6,15
"977_3","Rosa_multiflora",120,"percent.germ",0.72,5
"977_3","Rosa_nutkana",365,"percent.germ",0.65,4.5
"977_3","Rosa_nutkana",128,"percent.germ",0.72,18.5
"977_3","Rosa_rugosa",90,"percent.germ",0.6,20
"977_3","Rosa_rugosa",210,"percent.germ",0.85,20
"977_3","Rosa_setigera",120,"percent.germ",0.9,15
"977_3","Rosa_setigera",90,"percent.germ",0.48,18.3
"977_3","Rosa_luciae",60,"percent.germ",0.75,15
"977_3","Rosa_luciae",45,"percent.germ",0.76,18.3
"977_3","Rosa_woodsii",120,"percent.germ",0,NA
"977_3","Rosa_woodsii",90,"percent.germ",0.49,NA
"1148_6","Ulmus_alata",NA,"percent.germ",0.91,26.5
"1148_6","Ulmus_americana",NA,"percent.germ",0.67,25
"1148_6","Ulmus_americana",NA,"percent.germ",0.64,NA
"1148_6","Ulmus_crassifolia",NA,"percent.germ",0.56,26.5
"1148_6","Ulmus_glabra",NA,"percent.germ",0.44,20.5
"1148_6","Ulmus_laevis",NA,"percent.germ",0.65,21
"1148_6","Ulmus_parvifolia",NA,"percent.germ",0.55,20
"1148_6","Ulmus_pumila",NA,"percent.germ",0.81,25
"1148_6","Ulmus_pumila",NA,"percent.germ",0.76,20
"1148_6","Ulmus_rubra",NA,"percent.germ",0.23,25
"1148_6","Ulmus_serotina",NA,"percent.germ",0.72,26.5
"1148_6","Ulmus_thomasii",NA,"percent.germ",0.81,25
"604_5","Juglans_mandshurica",0,"percent.germ",0.75,NA
"604_5","Juglans_californica",156,"percent.germ",0.58,NA
"604_5","Juglans_cinerea",90,"percent.germ",0.65,25
"604_5","Juglans_hindsii",156,"percent.germ",0.41,25
"604_5","Juglans_major",120,"percent.germ",0.64,25
"604_5","Juglans_microcarpa",190,"percent.germ",0.46,25
"604_5","Juglans_nigra",90,"percent.germ",0.5,25
"604_5","Juglans_regia",30,"percent.germ",0.82,25
"554_5","Gaultheria_procumbens",0,"percent.germ",0.08,25
"554_5","Gaultheria_shallon",60,"percent.germ",0.16,25
"554_5","Gaultheria_shallon",0,"percent.germ",0.38,25
"554_5","Gaultheria_shallon",30,"percent.germ",0.31,25
"554_5","Gaultheria_shallon",0,"percent.germ",0.76,21
"554_5","Gaultheria_shallon",0,"percent.germ",0.51,18.5
"554_5","Gaultheria_shallon",0,"percent.germ",0.51,13
"554_5","Gaultheria_shallon",0,"percent.germ",0.41,7
"554_5","Gaultheria_shallon",60,"percent.germ",0.45,18.5
"554_5","Gaultheria_shallon",60,"percent.germ",0.4,13
"554_5","Gaultheria_shallon",60,"percent.germ",0.5,7
"554_5","Gaultheria_shallon",150,"percent.germ",0.59,18.5
"554_5","Gaultheria_shallon",150,"percent.germ",0.4,7
"523_5","Fagus_sylvatica",42,"percent.germ",0.81,25
"672_Table.1","Liquidambar_styraciflua",0,"percent.germ",0.85,25
"672_Table.1","Liquidambar_styraciflua",30,"percent.germ",0.95,25
"672_Table.1","Liquidambar_styraciflua",15,"percent.germ",0.85,30
"687_5","Lonicera_canadensis",NA,"percent.germ",1,25
"687_5","Lonicera_dioica",NA,"percent.germ",0.95,25
"687_5","Lonicera_hirsuta",NA,"percent.germ",0.43,25
"687_5","Lonicera_involucrata",NA,"percent.germ",0.83,NA
"687_5","Lonicera_oblongifolia",NA,"percent.germ",0.37,25
"687_5","Lonicera_tatarica",NA,"percent.germ",0.85,25
"692_2","Lupinus_albifrons",72,"percent.germ",0.9,NA
"692_2","Lupinus_excubitus",0,"percent.germ",0.92,NA
"692_2","Lupinus_longifolius",0,"percent.germ",0.92,NA
"692_2","Lupinus_arboreus",0,"percent.germ",0.04,NA
"248_5","Amelanchier_alnifolia",30,"percent.germ",0.1,25
"248_5","Amelanchier_arborea",90,"percent.germ",0.54,25
"248_5","Amelanchier_laevis",60,"percent.germ",0.61,20
"454_5","Crataegus_holmesiana",180,"percent.germ",0.35,5
"454_5","Crataegus_crus-galli",135,"percent.germ",0.73,21
"454_5","Crataegus_douglasii",84,"percent.germ",0.3,21
"454_5","Crataegus_mollis",120,"percent.germ",0.42,21
"454_5","Crataegus_phaenopyrum",135,"percent.germ",0.71,21
"454_5","Crataegus_phaenopyrum",NA,"percent.germ",0.92,5
"454_5","Crataegus_punctata",135,"percent.germ",0.6,21
"454_5","Crataegus_sanguinea",135,"percent.germ",0.73,21
"454_5","Crataegus_sanguinea",21,"percent.germ",0.5,5.5
"454_5","Crataegus_succulenta",110,"percent.germ",0.35,NA
"454_5","Crataegus_tracyi",40,"percent.germ",0,16
"464_4","Hesperocyparis_nevadensis",30,"percent.germ",0.26,NA
"464_4","Hesperocyparis_bakeri",30,"percent.germ",0.12,NA
"464_4","Hesperocyparis_forbesii",30,"percent.germ",0.12,NA
"464_4","Hesperocyparis_pygmaea",30,"percent.germ",0.31,NA
"464_4","Hesperocyparis_macnabiana",30,"percent.germ",0.01,NA
"464_4","Hesperocyparis_macrocarpa",30,"percent.germ",0.24,NA
"464_4","Hesperocyparis_sargentii",30,"percent.germ",0.13,NA
"612_5","Juniperus_ashei",120,"percent.germ",0.33,25
"612_5","Juniperus_ashei",120,"percent.germ",0.36,10
"612_5","Juniperus_communis",90,"percent.germ",0.07,25
"612_5","Juniperus_deppeana",0,"percent.germ",0.16,25
"612_5","Juniperus_deppeana",30,"percent.germ",0.45,25
"612_5","Juniperus_monosperma",0,"percent.germ",0.2,25
"612_5","Juniperus_osteosperma",120,"percent.germ",0.08,25
"612_5","Juniperus_pinchotii",0,"percent.germ",0.63,15
"612_5","Juniperus_pinchotii",60,"percent.germ",0.53,15
"612_5","Juniperus_scopulorum",120,"percent.germ",0.22,25
"612_5","Juniperus_virginiana",30,"percent.germ",0.76,17.5
"612_5","Juniperus_virginiana",90,"percent.germ",0.87,14
"612_5","Juniperus_virginiana",45,"percent.germ",0.78,15
"646_8","Larix_decidua",0,"percent.germ",0.36,25
"646_8","Larix_gmelinii",0,"percent.germ",0.52,25
"646_8","Larix_kaempferi",0,"percent.germ",0.43,28
"646_8","Larix_laricina",60,"percent.germ",0.47,25
"646_8","Larix_lyallii",0,"percent.germ",0.14,18
"646_8","Larix_occidentalis",30,"percent.germ",0.15,NA
"646_8","Larix_occidentalis",0,"percent.germ",0.57,25
"253_Table 5","Amorpha_californica",NA,"percent.germ",0.42,25
"253_Table 5","Amorpha_canescens",NA,"percent.germ",0.28,25
"253_Table 5","Amorpha_fruticosa",NA,"percent.germ",0.63,25
"253_Table 5","Amorpha_nana",NA,"percent.germ",0.7,25
"277_3","Artemisia_arbuscula",NA,"percent.germ",1,15
"277_3","Artemisia_bigelovii",NA,"percent.germ",1,15
"277_3","Artemisia_cana",NA,"percent.germ",1,15
"277_3","Artemisia_nova",NA,"percent.germ",0.92,15
"277_3","Artemisia_tridentata",NA,"percent.germ",0.98,15
"277_3","Artemisia_filifolia",NA,"percent.germ",1,15
"277_3","Artemisia_spinescens",NA,"percent.germ",0.92,15
"287_3","Atriplex_canescens",NA,"percent.germ",0.54,15
"287_3","Atriplex_canescens",NA,"percent.germ",0.69,1
"287_3","Atriplex_confertifolia",NA,"percent.germ",0.02,10
"287_3","Atriplex_confertifolia",NA,"percent.germ",0.46,1
"287_3","Atriplex_gardneri",NA,"percent.germ",0.48,NA
"287_3","Atriplex_hymenelytra",NA,"percent.germ",0.33,10
"287_3","Atriplex_lentiformis",NA,"percent.germ",0.56,15
"287_3","Atriplex_lentiformis",NA,"percent.germ",0.39,NA
"287_3","Atriplex_lentiformis",NA,"percent.germ",0.68,17.5
"287_3","Atriplex_obovata",NA,"percent.germ",0.42,15
"287_3","Atriplex_polycarpa",NA,"percent.germ",0.53,15
"287_3","Atriplex_polycarpa",NA,"percent.germ",0.5,25
"287_3","Atriplex_semibaccata",NA,"percent.germ",0.41,NA
"287_3","Atriplex_semibaccata",NA,"percent.germ",0.69,17.5
"309_6","Betula_alleghaniensis",30,"percent.germ",0.27,23.5
"309_6","Betula_alleghaniensis",0,"percent.germ",0.59,25
"309_6","Betula_davurica",0,"percent.germ",0.18,25
"309_6","Betula_lenta",40,"percent.germ",0.43,23.5
"309_6","Betula_nana",NA,"percent.germ",0.24,25
"309_6","Betula_nana",0,"percent.germ",0.03,21
"309_6","Betula_nigra",30,"percent.germ",0.34,25
"309_6","Betula_nigra",0,"percent.germ",0.73,21
"309_6","Betula_papyrifera",0,"percent.germ",0.47,NA
"309_6","Betula_pendula",30,"percent.germ",0.3,NA
"309_6","Betula_pendula",0,"percent.germ",0.36,25
"309_6","Betula_populifolia",60,"percent.germ",0.64,25
"309_6","Betula_pubescens",30,"percent.germ",0.4,25
"309_6","Betula_pubescens",0,"percent.germ",0.87,20
"309_6","Betula_pumila",NA,"percent.germ",0.31,21
"331_Table 4","Carpinus_betulus",210,"percent.germ",0.65,NA
"331_Table 4","Carpinus_betulus",120,"percent.germ",0.65,NA
"331_Table 4","Carpinus_caroliniana",60,"percent.germ",0.1,NA
"331_Table 4","Carpinus_betulus",NA,"percent.germ",0.18,20
"331_Table 4","Carpinus_caroliniana",NA,"percent.germ",0.01,21.5
"395_Table 5","Chamaebatiaria_millefolium",28,"percent.germ",0.72,NA
"395_Table 5","Chamaebatiaria_millefolium",0,"percent.germ",0.22,NA
"395_Table 5","Chamaecyparis_lawsoniana",0,"percent.germ",0.52,25
"395_Table 5","Callitropsis_nootkatensis",30,"percent.germ",0.12,25
"395_Table 5","Callitropsis_nootkatensis",0,"percent.germ",0,25
"751_Table 1","Oemleria_cerasiformis",60,"percent.germ",0.01,30
"751_Table 1","Oemleria_cerasiformis",90,"percent.germ",0.58,30
"751_Table 1","Oemleria_cerasiformis",120,"percent.germ",0.94,30
"751_Table 1","Oemleria_cerasiformis",160,"percent.germ",0.94,30
"751_Table 1","Oemleria_cerasiformis",180,"percent.germ",0.95,30
"1074_Table 5","Styrax_japonicus",NA,"percent.germ",0.7,NA
"1081_Table 4","Symphoricarpos_albus",180,"percent.germ",0.74,NA
"1081_Table 4","Symphoricarpos_albus",60,"percent.germ",0.01,NA
"1081_Table 4","Symphoricarpos_albus",168,"percent.germ",0.69,NA
"1081_Table 4","Symphoricarpos_albus",182,"percent.germ",0.87,NA
"1081_Table 4","Symphoricarpos_albus",140,"percent.germ",0.32,NA
"1081_Table 4","Symphoricarpos_orbiculatus",120,"percent.germ",0.72,NA
"1081_Table 4","Symphoricarpos_orbiculatus",180,"percent.germ",0.81,NA
"668_Table 2","Lindera_benzoin",90,"percent.germ",0.85,NA
"668_Table 2","Lindera_melissifolia",91,"percent.germ",1,NA
"668_Table 2","Lindera_melissifolia",56,"percent.germ",0.84,NA
"668_Table 2","Lindera_melissifolia",119,"percent.germ",0.88,NA
"1166_Table 5","Viburnum_acerifolium",60,"percent.germ",0.32,25
"1166_Table 5","Viburnum_lantanoides",75,"percent.germ",0.43,25
"1166_Table 5","Viburnum_lentago",60,"percent.germ",0.51,25
"1166_Table 5","Viburnum_cassinoides",90,"percent.germ",0.67,25
"1166_Table 5","Viburnum_opulus",30,"percent.germ",0.6,25
"1166_Table 5","Viburnum_prunifolium",30,"percent.germ",0.75,25
"1166_Table 5","Viburnum_recognitum",75,"percent.germ",0.69,25
"1182_Table 4","Zanthoxylum_americanum",120,"percent.germ",0.24,25
"1182_Table 4","Zanthoxylum_clava-herculis",NA,"percent.germ",0.31,25
"1184_Table 2","Ziziphus_jujuba",60,"percent.germ",0.31,25.5
"1184_Table 2","Ziziphus_spina-christi",NA,"percent.germ",0.85,38
"885_6","Prunus_subcordata",90,"percent.germ",0.01,NA
"885_6","Prunus_tomentosa",60,"percent.germ",0.11,NA
"sundaramoorthy93","Spermacoce_articularis",30,"percent.germ",0.267,28
"sundaramoorthy93","Spermacoce_articularis",30,"percent.germ",0.4,28
"sundaramoorthy93","Spermacoce_articularis",30,"percent.germ",0.633,28
"sundaramoorthy93","Spermacoce_articularis",30,"percent.germ",0.7,28
"sundaramoorthy93","Spermacoce_articularis",30,"percent.germ",0.7,28
"sundaramoorthy93","Spermacoce_articularis",30,"percent.germ",1,28
"sundaramoorthy93","Spermacoce_articularis",14,"percent.germ",0.4,28
"sundaramoorthy93","Spermacoce_articularis",56,"percent.germ",0.367,28
"sundaramoorthy93","Spermacoce_articularis",112,"percent.germ",0.133,28
"sundaramoorthy93","Spermacoce_articularis",182,"percent.germ",0.433,28
"sundaramoorthy93","Spermacoce_articularis",364,"percent.germ",0.567,28
"sundaramoorthy93","Spermacoce_articularis",42,"percent.germ",0.7,28
"sundaramoorthy93","Spermacoce_articularis",84,"percent.germ",0.7,28
"tilki06","Quercus_vulcanica",0,"percent.germ",0.89,23.3333333333333
"tilki06","Quercus_vulcanica",14,"percent.germ",0.94,23.3333333333333
"tilki06","Quercus_vulcanica",28,"percent.germ",0.93,23.3333333333333
"tilki06","Quercus_vulcanica",42,"percent.germ",NA,23.3333333333333
"tang10a","Dichotomanthes_tristaniicarpa",30,"percent.germ",0.73,15
"tang10a","Dichotomanthes_tristaniicarpa",40,"percent.germ",0.81,15
"tang10a","Dichotomanthes_tristaniicarpa",40,"percent.germ",0.55,15
"tang10a","Dichotomanthes_tristaniicarpa",60,"percent.germ",0.76,15
"tilki07","Juniperus_oxycedrus",0,"percent.germ",0.015,15
"tilki07","Juniperus_oxycedrus",30,"percent.germ",0.47,15
"tilki07","Juniperus_oxycedrus",61,"percent.germ",0.577,15
"tilki07","Juniperus_oxycedrus",91,"percent.germ",0.63,15
"tilki07","Juniperus_oxycedrus",61,"percent.germ",0.822,15
"tilki07","Juniperus_oxycedrus",61,"percent.germ",0.772,15
"tilki07","Juniperus_oxycedrus",30,"percent.germ",0.704,15
"al-absi10","Prunus_mahaleb",0,"percent.germ",0.04563,24
"al-absi10","Prunus_mahaleb",30,"percent.germ",0.04773,24
"al-absi10","Prunus_mahaleb",60,"percent.germ",0.32933,24
"al-absi10","Prunus_mahaleb",90,"percent.germ",0.56633,24
"al-absi10","Prunus_mahaleb",0,"percent.germ",0.02896,24
"al-absi10","Prunus_mahaleb",30,"percent.germ",0.06416,24
"al-absi10","Prunus_mahaleb",60,"percent.germ",0.40911,24
"al-absi10","Prunus_mahaleb",90,"percent.germ",0.47012,24
"downie98","Picea_glauca",7,"percent.germ",0.82829,23.3333333333333
"downie98","Picea_glauca",14,"percent.germ",0.92388,23.3333333333333
"downie98","Picea_glauca",21,"percent.germ",0.92643,23.3333333333333
"downie98","Picea_glauca",28,"percent.germ",0.90604,23.3333333333333
"downie98","Picea_glauca",35,"percent.germ",0.90221,23.3333333333333
"downie98","Picea_glauca",56,"percent.germ",0.91623,23.3333333333333
"downie98","Picea_glauca",84,"percent.germ",0.87672,23.3333333333333
"downie98","Picea_glauca",7,"percent.germ",0.73702,23.3333333333333
"downie98","Picea_glauca",14,"percent.germ",0.80797,23.3333333333333
"downie98","Picea_glauca",21,"percent.germ",0.79507,23.3333333333333
"downie98","Picea_glauca",28,"percent.germ",0.81012,23.3333333333333
"downie98","Picea_glauca",35,"percent.germ",0.79937,23.3333333333333
"downie98","Picea_glauca",56,"percent.germ",0.74562,23.3333333333333
"downie98","Picea_glauca",84,"percent.germ",0.73057,23.3333333333333
"downie98","Picea_glauca",7,"percent.germ",0.94787,23.3333333333333
"downie98","Picea_glauca",14,"percent.germ",0.93983,23.3333333333333
"downie98","Picea_glauca",21,"percent.germ",0.93357,23.3333333333333
"downie98","Picea_glauca",28,"percent.germ",0.91123,23.3333333333333
"downie98","Picea_glauca",35,"percent.germ",0.92374,23.3333333333333
"downie98","Picea_glauca",56,"percent.germ",0.89424,23.3333333333333
"downie98","Picea_glauca",84,"percent.germ",0.89871,23.3333333333333
"downie98","Picea_glauca",7,"percent.germ",0.81333,23.3333333333333
"downie98","Picea_glauca",14,"percent.germ",0.79643,23.3333333333333
"downie98","Picea_glauca",21,"percent.germ",0.76021,23.3333333333333
"downie98","Picea_glauca",28,"percent.germ",0.75539,23.3333333333333
"downie98","Picea_glauca",35,"percent.germ",0.45602,23.3333333333333
"downie98","Picea_glauca",56,"percent.germ",0.44636,23.3333333333333
"downie98","Picea_glauca",84,"percent.germ",0.70952,23.3333333333333
"markovic20","Liriodendron_tulipifera",61,"percent.germ",0.499,21.5
"markovic20","Liriodendron_tulipifera",91,"percent.germ",0.535,21.5
"markovic20","Liriodendron_tulipifera",91,"percent.germ",0.555,21.5
"markovic20","Liriodendron_tulipifera",122,"percent.germ",0.25,21.5
"brandel05","Carex_pendula",28,"percent.germ",0.99023,5
"brandel05","Carex_pendula",0,"percent.germ",0.56026,11
"brandel05","Carex_pendula",0,"percent.germ",0.10098,13
"brandel05","Carex_pendula",0,"percent.germ",0.01629,15
"brandel05","Carex_remota",28,"percent.germ",0.97756,5
"brandel05","Carex_remota",0,"percent.germ",0.03526,11
"brandel05","Carex_remota",0,"percent.germ",0.00641,13
"brandel05","Carex_remota",0,"percent.germ",0.00321,15
"boscagli01","Satureja_montana",1,"percent.germ",0.85665,15
"borghetti86","Pinus_heldreichii",0,"percent.germ",0.23171,23.3333333333333
"borghetti86","Pinus_heldreichii",0,"percent.germ",0.71138,23.3333333333333
"borghetti86","Pinus_heldreichii",0,"percent.germ",0.79268,23.3333333333333
"borghetti86","Pinus_heldreichii",0,"percent.germ",0.83333,23.3333333333333
"borghetti86","Pinus_heldreichii",0,"percent.germ",0.86179,23.3333333333333
"borghetti86","Pinus_heldreichii",0,"percent.germ",0.88211,23.3333333333333
"borghetti86","Pinus_heldreichii",0,"percent.germ",0.84959,23.3333333333333
"borghetti86","Pinus_heldreichii",0,"percent.germ",0.35366,20
"borghetti86","Pinus_heldreichii",0,"percent.germ",0.82927,20
"borghetti86","Pinus_heldreichii",0,"percent.germ",0.91463,20
"borghetti86","Pinus_heldreichii",0,"percent.germ",0.89431,20
"borghetti86","Pinus_heldreichii",0,"percent.germ",0.88618,20
"borghetti86","Pinus_heldreichii",0,"percent.germ",0.93902,20
"borghetti86","Pinus_heldreichii",0,"percent.germ",0.89837,20
"strazisar13","Ruppia_maritima",14,"percent.germ",0.33039,28
"strazisar13","Ruppia_maritima",14,"percent.germ",0.61916,28
"barros12","Prunus_lusitanica",30,"percent.germ",0.69956,7.5
"barros12","Prunus_lusitanica",30,"percent.germ",0.51535,12.5
"barros12","Prunus_lusitanica",30,"percent.germ",0.14693,17.5
"barros12","Prunus_lusitanica",30,"percent.germ",0.03728,22.5
"barros12","Prunus_lusitanica",60,"percent.germ",0.87939,7.5
"barros12","Prunus_lusitanica",60,"percent.germ",0.78289,12.5
"barros12","Prunus_lusitanica",60,"percent.germ",0.26974,17.5
"barros12","Prunus_lusitanica",60,"percent.germ",0.23465,22.5
"barros12","Prunus_lusitanica",0,"percent.germ",0.93202,7.5
"barros12","Prunus_lusitanica",0,"percent.germ",0.84868,12.5
"barros12","Prunus_lusitanica",0,"percent.germ",0.34868,17.5
"barros12","Prunus_lusitanica",0,"percent.germ",0.19079,22.5
"jiro10","Betula_pendula",134,"percent.germ",0,10
"jiro10","Betula_pendula",134,"percent.germ",0.56,15
"jiro10","Betula_pendula",134,"percent.germ",0.793,20
"jiro10","Betula_pendula",134,"percent.germ",0.927,25
"jiro10","Betula_pendula",134,"percent.germ",0.927,30
"jiro10","Betula_pendula",134,"percent.germ",0.9,13.3333333333333
"jiro10","Betula_pendula",134,"percent.germ",0.887,18.3333333333333
"jiro10","Betula_pendula",134,"percent.germ",0.967,16.6666666666667
"jiro10","Betula_ermanii",134,"percent.germ",0,10
"jiro10","Betula_ermanii",134,"percent.germ",0.66,15
"jiro10","Betula_ermanii",134,"percent.germ",0.43,20
"jiro10","Betula_ermanii",134,"percent.germ",0.81,25
"jiro10","Betula_ermanii",134,"percent.germ",0.8,30
"jiro10","Betula_ermanii",134,"percent.germ",0.88,16.6666666666667
"jiro10","Betula_ermanii",134,"percent.germ",0.88,21.6666666666667
"jiro10","Betula_ermanii",134,"percent.germ",0.92,23.3333333333333
"kamareh12","Pyrus_glabra",120,"percent.germ",0.455,20
"karlsson08","Bidens_pilosa",0,"percent.germ",0.01524,10
"karlsson08","Bidens_pilosa",0,"percent.germ",0.10061,20
"karlsson08","Bidens_pilosa",0,"percent.germ",0.1372,25
"karlsson08","Bidens_pilosa",18,"percent.germ",0.05183,10
"karlsson08","Bidens_pilosa",18,"percent.germ",0.125,15
"karlsson08","Bidens_pilosa",18,"percent.germ",0.21037,20
"karlsson08","Bidens_pilosa",18,"percent.germ",0.24695,25
"karlsson08","Bidens_pilosa",35,"percent.germ",0.05183,10
"karlsson08","Bidens_pilosa",35,"percent.germ",0.125,15
"karlsson08","Bidens_pilosa",35,"percent.germ",0.25915,20
"karlsson08","Bidens_pilosa",35,"percent.germ",0.28354,25
"karlsson08","Bidens_pilosa",70,"percent.germ",0.06098,10
"karlsson08","Bidens_pilosa",70,"percent.germ",0.33232,15
"karlsson08","Bidens_pilosa",70,"percent.germ",0.24695,20
"karlsson08","Bidens_pilosa",70,"percent.germ",0.45427,25
"karlsson08","Bidens_pilosa",140,"percent.germ",0.23171,10
"karlsson08","Bidens_pilosa",140,"percent.germ",0.79573,15
"karlsson08","Bidens_pilosa",140,"percent.germ",0.92988,20
"karlsson08","Bidens_pilosa",140,"percent.germ",0.85671,25
"karlsson08","Bidens_pilosa",210,"percent.germ",0.5,10
"karlsson08","Bidens_pilosa",210,"percent.germ",0.99085,15
"karlsson08","Bidens_pilosa",210,"percent.germ",0.99085,20
"karlsson08","Bidens_pilosa",210,"percent.germ",0.99085,25
"karlsson08","Bidens_pilosa",0,"percent.germ",0.02439,10
"karlsson08","Bidens_pilosa",0,"percent.germ",0.09654,15
"karlsson08","Bidens_pilosa",0,"percent.germ",0.09654,20
"karlsson08","Bidens_pilosa",0,"percent.germ",0.1372,25
"karlsson08","Bidens_pilosa",0,"percent.germ",0.08028,10
"karlsson08","Bidens_pilosa",0,"percent.germ",0.18598,15
"karlsson08","Bidens_pilosa",0,"percent.germ",0.18598,20
"karlsson08","Bidens_pilosa",0,"percent.germ",0.2185,25
"karlsson08","Bidens_pilosa",0,"percent.germ",0.10467,10
"karlsson08","Bidens_pilosa",0,"percent.germ",0.19411,15
"karlsson08","Bidens_pilosa",0,"percent.germ",0.25102,20
"karlsson08","Bidens_pilosa",0,"percent.germ",0.25102,25
"karlsson08","Bidens_pilosa",0,"percent.germ",0.33232,10
"karlsson08","Bidens_pilosa",0,"percent.germ",0.29167,15
"karlsson08","Bidens_pilosa",0,"percent.germ",0.7063,20
"karlsson08","Bidens_pilosa",0,"percent.germ",0.41362,25
"karlsson08","Bidens_pilosa",0,"percent.germ",0.39736,10
"karlsson08","Bidens_pilosa",0,"percent.germ",0.64939,15
"karlsson08","Bidens_pilosa",0,"percent.germ",0.87703,20
"karlsson08","Bidens_pilosa",0,"percent.germ",0.7876,25
"karlsson08","Bidens_pilosa",0,"percent.germ",0.46341,10
"karlsson08","Bidens_pilosa",0,"percent.germ",0.68191,15
"karlsson08","Bidens_pilosa",0,"percent.germ",0.8689,20
"karlsson08","Bidens_pilosa",0,"percent.germ",0.77134,25
"karlsson08","Bidens_pilosa",0,"percent.germ",0.03581,10
"karlsson08","Bidens_pilosa",0,"percent.germ",0.08471,20
"karlsson08","Bidens_pilosa",0,"percent.germ",0.10813,20
"karlsson08","Bidens_pilosa",0,"percent.germ",0.14738,25
"karlsson08","Galinsoga_parviflora",0,"percent.germ",0.03235,10
"karlsson08","Galinsoga_parviflora",0,"percent.germ",0.22059,15
"karlsson08","Galinsoga_parviflora",0,"percent.germ",0.32059,20
"karlsson08","Galinsoga_parviflora",0,"percent.germ",0.44412,25
"karlsson08","Galinsoga_parviflora",18,"percent.germ",0.32647,10
"karlsson08","Galinsoga_parviflora",18,"percent.germ",0.66765,15
"karlsson08","Galinsoga_parviflora",18,"percent.germ",0.60294,20
"karlsson08","Galinsoga_parviflora",18,"percent.germ",0.32647,25
"karlsson08","Galinsoga_parviflora",35,"percent.germ",0.48824,10
"karlsson08","Galinsoga_parviflora",35,"percent.germ",0.69118,15
"karlsson08","Galinsoga_parviflora",35,"percent.germ",0.55,20
"karlsson08","Galinsoga_parviflora",35,"percent.germ",0.31471,25
"karlsson08","Galinsoga_parviflora",70,"percent.germ",0.40294,10
"karlsson08","Galinsoga_parviflora",70,"percent.germ",0.62059,15
"karlsson08","Galinsoga_parviflora",70,"percent.germ",0.57353,20
"karlsson08","Galinsoga_parviflora",70,"percent.germ",0.59412,25
"karlsson08","Galinsoga_parviflora",140,"percent.germ",0.62059,10
"karlsson08","Galinsoga_parviflora",140,"percent.germ",0.83235,15
"karlsson08","Galinsoga_parviflora",140,"percent.germ",0.69706,20
"karlsson08","Galinsoga_parviflora",140,"percent.germ",0.74412,25
"karlsson08","Galinsoga_parviflora",210,"percent.germ",0.68529,10
"karlsson08","Galinsoga_parviflora",210,"percent.germ",0.83824,15
"karlsson08","Galinsoga_parviflora",210,"percent.germ",0.75,20
"karlsson08","Galinsoga_parviflora",210,"percent.germ",0.56765,25
"karlsson08","Galinsoga_parviflora",0,"percent.germ",0.03235,10
"karlsson08","Galinsoga_parviflora",0,"percent.germ",0.22059,15
"karlsson08","Galinsoga_parviflora",0,"percent.germ",0.32059,20
"karlsson08","Galinsoga_parviflora",0,"percent.germ",0.43824,25
"karlsson08","Galinsoga_parviflora",0,"percent.germ",0.67941,10
"karlsson08","Galinsoga_parviflora",0,"percent.germ",0.79118,15
"karlsson08","Galinsoga_parviflora",0,"percent.germ",0.89706,20
"karlsson08","Galinsoga_parviflora",0,"percent.germ",0.65,25
"karlsson08","Galinsoga_parviflora",0,"percent.germ",0.68529,10
"karlsson08","Galinsoga_parviflora",0,"percent.germ",0.87941,15
"karlsson08","Galinsoga_parviflora",0,"percent.germ",0.91471,20
"karlsson08","Galinsoga_parviflora",0,"percent.germ",0.67353,25
"karlsson08","Galinsoga_parviflora",0,"percent.germ",0.86471,10
"karlsson08","Galinsoga_parviflora",0,"percent.germ",0.99118,15
"karlsson08","Galinsoga_parviflora",0,"percent.germ",0.98529,20
"karlsson08","Galinsoga_parviflora",0,"percent.germ",0.93235,25
"karlsson08","Galinsoga_parviflora",0,"percent.germ",0.87941,10
"karlsson08","Galinsoga_parviflora",0,"percent.germ",1,15
"karlsson08","Galinsoga_parviflora",0,"percent.germ",1,20
"karlsson08","Galinsoga_parviflora",0,"percent.germ",0.94412,25
"karlsson08","Galinsoga_parviflora",0,"percent.germ",0.73529,10
"karlsson08","Galinsoga_parviflora",0,"percent.germ",1,15
"karlsson08","Galinsoga_parviflora",0,"percent.germ",1,20
"karlsson08","Galinsoga_parviflora",0,"percent.germ",0.95588,25
"karlsson08","Galinsoga_parviflora",0,"percent.germ",0.03216,10
"karlsson08","Galinsoga_parviflora",0,"percent.germ",0.22199,20
"karlsson08","Galinsoga_parviflora",0,"percent.germ",0.32573,20
"karlsson08","Galinsoga_parviflora",0,"percent.germ",0.44398,25
"karlsson08","Guizotia_scabra",0,"percent.germ",0.01686,10
"karlsson08","Guizotia_scabra",0,"percent.germ",0.1121,15
"karlsson08","Guizotia_scabra",0,"percent.germ",0.22321,20
"karlsson08","Guizotia_scabra",0,"percent.germ",0.19643,25
"karlsson08","Guizotia_scabra",18,"percent.germ",0.01786,10
"karlsson08","Guizotia_scabra",18,"percent.germ",0.33829,15
"karlsson08","Guizotia_scabra",18,"percent.germ",0.57639,20
"karlsson08","Guizotia_scabra",18,"percent.germ",0.39385,25
"karlsson08","Guizotia_scabra",35,"percent.germ",0.04167,10
"karlsson08","Guizotia_scabra",35,"percent.germ",0.44544,15
"karlsson08","Guizotia_scabra",35,"percent.germ",0.81052,20
"karlsson08","Guizotia_scabra",35,"percent.germ",0.72321,25
"karlsson08","Guizotia_scabra",70,"percent.germ",0.08929,10
"karlsson08","Guizotia_scabra",70,"percent.germ",0.54861,15
"karlsson08","Guizotia_scabra",70,"percent.germ",0.9375,20
"karlsson08","Guizotia_scabra",70,"percent.germ",0.88194,25
"karlsson08","Guizotia_scabra",140,"percent.germ",0.24702,10
"karlsson08","Guizotia_scabra",140,"percent.germ",0.94544,15
"karlsson08","Guizotia_scabra",140,"percent.germ",1,20
"karlsson08","Guizotia_scabra",140,"percent.germ",0.89782,25
"karlsson08","Guizotia_scabra",210,"percent.germ",0.32639,10
"karlsson08","Guizotia_scabra",210,"percent.germ",0.87401,15
"karlsson08","Guizotia_scabra",210,"percent.germ",1,20
"karlsson08","Guizotia_scabra",210,"percent.germ",0.91369,25
"karlsson08","Guizotia_scabra",0,"percent.germ",0.01786,10
"karlsson08","Guizotia_scabra",0,"percent.germ",0.1121,15
"karlsson08","Guizotia_scabra",0,"percent.germ",0.23115,20
"karlsson08","Guizotia_scabra",0,"percent.germ",0.19147,25
"karlsson08","Guizotia_scabra",0,"percent.germ",0.01686,10
"karlsson08","Guizotia_scabra",0,"percent.germ",0.20734,15
"karlsson08","Guizotia_scabra",0,"percent.germ",0.24702,20
"karlsson08","Guizotia_scabra",0,"percent.germ",0.1121,25
"karlsson08","Guizotia_scabra",0,"percent.germ",0.13591,10
"karlsson08","Guizotia_scabra",0,"percent.germ",0.34226,15
"karlsson08","Guizotia_scabra",0,"percent.germ",0.50099,20
"karlsson08","Guizotia_scabra",0,"percent.germ",0.15972,25
"karlsson08","Guizotia_scabra",0,"percent.germ",0.14881,10
"karlsson08","Guizotia_scabra",0,"percent.germ",0.53274,15
"karlsson08","Guizotia_scabra",0,"percent.germ",0.77877,20
"karlsson08","Guizotia_scabra",0,"percent.germ",0.36607,25
"karlsson08","Guizotia_scabra",0,"percent.germ",0.1121,10
"karlsson08","Guizotia_scabra",0,"percent.germ",0.6994,15
"karlsson08","Guizotia_scabra",0,"percent.germ",0.9375,20
"karlsson08","Guizotia_scabra",0,"percent.germ",0.47718,25
"karlsson08","Guizotia_scabra",0,"percent.germ",0.40972,10
"karlsson08","Guizotia_scabra",0,"percent.germ",0.87798,15
"karlsson08","Guizotia_scabra",0,"percent.germ",0.99702,20
"karlsson08","Guizotia_scabra",0,"percent.germ",0.78274,25
"karlsson08","Guizotia_scabra",0,"percent.germ",0.02583,10
"karlsson08","Guizotia_scabra",0,"percent.germ",0.12035,20
"karlsson08","Guizotia_scabra",0,"percent.germ",0.22572,20
"karlsson08","Guizotia_scabra",0,"percent.germ",0.1968,25
"karlsson08","Parthenium_hysterophorus",0,"percent.germ",0,10
"karlsson08","Parthenium_hysterophorus",0,"percent.germ",0,15
"karlsson08","Parthenium_hysterophorus",0,"percent.germ",0,20
"karlsson08","Parthenium_hysterophorus",0,"percent.germ",0,25
"karlsson08","Parthenium_hysterophorus",18,"percent.germ",0.01786,10
"karlsson08","Parthenium_hysterophorus",18,"percent.germ",0.07242,15
"karlsson08","Parthenium_hysterophorus",18,"percent.germ",0.42163,20
"karlsson08","Parthenium_hysterophorus",18,"percent.germ",0.33433,25
"karlsson08","Parthenium_hysterophorus",35,"percent.germ",0,10
"karlsson08","Parthenium_hysterophorus",35,"percent.germ",0.08829,15
"karlsson08","Parthenium_hysterophorus",35,"percent.germ",0.28671,20
"karlsson08","Parthenium_hysterophorus",35,"percent.germ",0.28571,25
"karlsson08","Parthenium_hysterophorus",70,"percent.germ",0,10
"karlsson08","Parthenium_hysterophorus",70,"percent.germ",0.20734,15
"karlsson08","Parthenium_hysterophorus",70,"percent.germ",0.46131,20
"karlsson08","Parthenium_hysterophorus",70,"percent.germ",0.30258,25
"karlsson08","Parthenium_hysterophorus",140,"percent.germ",0,10
"karlsson08","Parthenium_hysterophorus",140,"percent.germ",0.16071,15
"karlsson08","Parthenium_hysterophorus",140,"percent.germ",0.63591,20
"karlsson08","Parthenium_hysterophorus",140,"percent.germ",0.48512,25
"karlsson08","Parthenium_hysterophorus",210,"percent.germ",0.04067,10
"karlsson08","Parthenium_hysterophorus",210,"percent.germ",0.24702,15
"karlsson08","Parthenium_hysterophorus",210,"percent.germ",0.56448,20
"karlsson08","Parthenium_hysterophorus",210,"percent.germ",0.50099,25
"karlsson08","Parthenium_hysterophorus",0,"percent.germ",0,10
"karlsson08","Parthenium_hysterophorus",0,"percent.germ",0,15
"karlsson08","Parthenium_hysterophorus",0,"percent.germ",0,20
"karlsson08","Parthenium_hysterophorus",0,"percent.germ",0,25
"karlsson08","Parthenium_hysterophorus",0,"percent.germ",0,10
"karlsson08","Parthenium_hysterophorus",0,"percent.germ",0,15
"karlsson08","Parthenium_hysterophorus",0,"percent.germ",0.07738,20
"karlsson08","Parthenium_hysterophorus",0,"percent.germ",0,25
"karlsson08","Parthenium_hysterophorus",0,"percent.germ",0,10
"karlsson08","Parthenium_hysterophorus",0,"percent.germ",0.05655,15
"karlsson08","Parthenium_hysterophorus",0,"percent.germ",0.05655,20
"karlsson08","Parthenium_hysterophorus",0,"percent.germ",0,25
"karlsson08","Parthenium_hysterophorus",0,"percent.germ",0,10
"karlsson08","Parthenium_hysterophorus",0,"percent.germ",0.04067,15
"karlsson08","Parthenium_hysterophorus",0,"percent.germ",0.09623,20
"karlsson08","Parthenium_hysterophorus",0,"percent.germ",0.15972,25
"karlsson08","Parthenium_hysterophorus",0,"percent.germ",0.03274,10
"karlsson08","Parthenium_hysterophorus",0,"percent.germ",0.23115,15
"karlsson08","Parthenium_hysterophorus",0,"percent.germ",0.36607,20
"karlsson08","Parthenium_hysterophorus",0,"percent.germ",0.15972,25
"karlsson08","Parthenium_hysterophorus",0,"percent.germ",0.04067,10
"karlsson08","Parthenium_hysterophorus",0,"percent.germ",0.31052,15
"karlsson08","Parthenium_hysterophorus",0,"percent.germ",0.42956,20
"karlsson08","Parthenium_hysterophorus",0,"percent.germ",0.23909,25
"karlsson08","Parthenium_hysterophorus",0,"percent.germ",0,10
"karlsson08","Parthenium_hysterophorus",0,"percent.germ",0,20
"karlsson08","Parthenium_hysterophorus",0,"percent.germ",0,20
"karlsson08","Parthenium_hysterophorus",0,"percent.germ",0,25
"karlsson08","Tagetes_minuta",0,"percent.germ",0.51969,10
"karlsson08","Tagetes_minuta",0,"percent.germ",0.95374,15
"karlsson08","Tagetes_minuta",0,"percent.germ",1,20
"karlsson08","Tagetes_minuta",0,"percent.germ",1,25
"karlsson08","Tagetes_minuta",18,"percent.germ",0.94193,10
"karlsson08","Tagetes_minuta",18,"percent.germ",1,15
"karlsson08","Tagetes_minuta",18,"percent.germ",1,20
"karlsson08","Tagetes_minuta",18,"percent.germ",1,25
"karlsson08","Tagetes_minuta",35,"percent.germ",1,10
"karlsson08","Tagetes_minuta",35,"percent.germ",1,15
"karlsson08","Tagetes_minuta",35,"percent.germ",1,20
"karlsson08","Tagetes_minuta",35,"percent.germ",1,25
"karlsson08","Tagetes_minuta",70,"percent.germ",1,10
"karlsson08","Tagetes_minuta",70,"percent.germ",1,15
"karlsson08","Tagetes_minuta",70,"percent.germ",1,20
"karlsson08","Tagetes_minuta",70,"percent.germ",1,25
"karlsson08","Tagetes_minuta",140,"percent.germ",1,10
"karlsson08","Tagetes_minuta",140,"percent.germ",1,15
"karlsson08","Tagetes_minuta",140,"percent.germ",1,20
"karlsson08","Tagetes_minuta",140,"percent.germ",1,25
"karlsson08","Tagetes_minuta",210,"percent.germ",1,10
"karlsson08","Tagetes_minuta",210,"percent.germ",1,15
"karlsson08","Tagetes_minuta",210,"percent.germ",1,20
"karlsson08","Tagetes_minuta",210,"percent.germ",1,25
"karlsson08","Tagetes_minuta",0,"percent.germ",0.52854,10
"karlsson08","Tagetes_minuta",0,"percent.germ",0.96555,15
"karlsson08","Tagetes_minuta",0,"percent.germ",1,20
"karlsson08","Tagetes_minuta",0,"percent.germ",1,25
"karlsson08","Tagetes_minuta",0,"percent.germ",0.69685,10
"karlsson08","Tagetes_minuta",0,"percent.germ",1,15
"karlsson08","Tagetes_minuta",0,"percent.germ",1,20
"karlsson08","Tagetes_minuta",0,"percent.germ",1,25
"karlsson08","Tagetes_minuta",0,"percent.germ",0.51673,10
"karlsson08","Tagetes_minuta",0,"percent.germ",1,15
"karlsson08","Tagetes_minuta",0,"percent.germ",1,20
"karlsson08","Tagetes_minuta",0,"percent.germ",1,25
"karlsson08","Tagetes_minuta",0,"percent.germ",1,10
"karlsson08","Tagetes_minuta",0,"percent.germ",1,15
"karlsson08","Tagetes_minuta",0,"percent.germ",1,20
"karlsson08","Tagetes_minuta",0,"percent.germ",0,25
"karlsson08","Tagetes_minuta",0,"percent.germ",0.97736,10
"karlsson08","Tagetes_minuta",0,"percent.germ",1,15
"karlsson08","Tagetes_minuta",0,"percent.germ",1,20
"karlsson08","Tagetes_minuta",0,"percent.germ",1,25
"karlsson08","Tagetes_minuta",0,"percent.germ",1,10
"karlsson08","Tagetes_minuta",0,"percent.germ",1,15
"karlsson08","Tagetes_minuta",0,"percent.germ",1,20
"karlsson08","Tagetes_minuta",0,"percent.germ",1,25
"karlsson08","Tagetes_minuta",0,"percent.germ",0.51963,10
"karlsson08","Tagetes_minuta",0,"percent.germ",0.95455,20
"karlsson08","Tagetes_minuta",0,"percent.germ",1,20
"karlsson08","Tagetes_minuta",0,"percent.germ",1,25
"karlsson08","Verbesina_encelioides",0,"percent.germ",0.32776,10
"karlsson08","Verbesina_encelioides",0,"percent.germ",0.41634,15
"karlsson08","Verbesina_encelioides",0,"percent.germ",0.32776,20
"karlsson08","Verbesina_encelioides",0,"percent.germ",0.03839,25
"karlsson08","Verbesina_encelioides",18,"percent.germ",0.9626,10
"karlsson08","Verbesina_encelioides",18,"percent.germ",1,15
"karlsson08","Verbesina_encelioides",18,"percent.germ",0.7628,20
"karlsson08","Verbesina_encelioides",18,"percent.germ",0.53839,25
"karlsson08","Verbesina_encelioides",35,"percent.germ",1,10
"karlsson08","Verbesina_encelioides",35,"percent.germ",1,15
"karlsson08","Verbesina_encelioides",35,"percent.germ",0.93602,20
"karlsson08","Verbesina_encelioides",35,"percent.germ",0.90059,25
"karlsson08","Verbesina_encelioides",70,"percent.germ",1,10
"karlsson08","Verbesina_encelioides",70,"percent.germ",1,15
"karlsson08","Verbesina_encelioides",70,"percent.germ",0.93307,20
"karlsson08","Verbesina_encelioides",70,"percent.germ",0.89469,25
"karlsson08","Verbesina_encelioides",140,"percent.germ",0.94783,10
"karlsson08","Verbesina_encelioides",140,"percent.germ",0.95965,15
"karlsson08","Verbesina_encelioides",140,"percent.germ",0.88287,20
"karlsson08","Verbesina_encelioides",140,"percent.germ",0.87697,25
"karlsson08","Verbesina_encelioides",210,"percent.germ",0.91831,10
"karlsson08","Verbesina_encelioides",210,"percent.germ",0.97146,15
"karlsson08","Verbesina_encelioides",210,"percent.germ",0.91831,20
"karlsson08","Verbesina_encelioides",210,"percent.germ",0.8061,25
"karlsson08","Verbesina_encelioides",0,"percent.germ",0.32185,10
"karlsson08","Verbesina_encelioides",0,"percent.germ",0.41634,15
"karlsson08","Verbesina_encelioides",0,"percent.germ",0.32776,20
"karlsson08","Verbesina_encelioides",0,"percent.germ",0.04429,25
"karlsson08","Verbesina_encelioides",0,"percent.germ",0.54626,10
"karlsson08","Verbesina_encelioides",0,"percent.germ",0.5876,15
"karlsson08","Verbesina_encelioides",0,"percent.germ",0.34547,20
"karlsson08","Verbesina_encelioides",0,"percent.germ",0.13287,25
"karlsson08","Verbesina_encelioides",0,"percent.germ",0.41634,10
"karlsson08","Verbesina_encelioides",0,"percent.germ",0.56398,15
"karlsson08","Verbesina_encelioides",0,"percent.germ",0.38681,20
"karlsson08","Verbesina_encelioides",0,"percent.germ",0.11516,25
"karlsson08","Verbesina_encelioides",0,"percent.germ",0.42815,10
"karlsson08","Verbesina_encelioides",0,"percent.germ",0.49902,15
"karlsson08","Verbesina_encelioides",0,"percent.germ",0.44587,20
"karlsson08","Verbesina_encelioides",0,"percent.germ",0.15059,25
"karlsson08","Verbesina_encelioides",0,"percent.germ",0.33366,10
"karlsson08","Verbesina_encelioides",0,"percent.germ",0.49311,15
"karlsson08","Verbesina_encelioides",0,"percent.germ",0.28642,20
"karlsson08","Verbesina_encelioides",0,"percent.germ",0.02657,25
"karlsson08","Verbesina_encelioides",0,"percent.germ",0.37205,10
"karlsson08","Verbesina_encelioides",0,"percent.germ",0.38681,15
"karlsson08","Verbesina_encelioides",0,"percent.germ",0.35728,20
"karlsson08","Verbesina_encelioides",0,"percent.germ",0.02067,25
"karlsson08","Verbesina_encelioides",0,"percent.germ",0.31743,10
"karlsson08","Verbesina_encelioides",0,"percent.germ",0.42047,20
"karlsson08","Verbesina_encelioides",0,"percent.germ",0.32434,20
"karlsson08","Verbesina_encelioides",0,"percent.germ",0.0408,25
"kazaz10","Rosa_damascena",150,"percent.germ",0.84,20
"kettenring07","Carex_scoparia",0,"percent.germ",0,7.5
"ma18","Anigozanthos_flavidus",0,"percent.germ",0.92438,15
"ma18","Anigozanthos_flavidus",0,"percent.germ",0.91431,15
"ma18","Anigozanthos_flavidus",0,"percent.germ",0.5,20
"ma18","Anigozanthos_flavidus",0,"percent.germ",0.5,15
"ma18","Anigozanthos_flavidus",0,"percent.germ",0.5,20
"ma18","Anigozanthos_flavidus",28,"percent.germ",0.5,15
"ma18","Anigozanthos_flavidus",28,"percent.germ",0.5,15
"ma18","Anigozanthos_flavidus",0,"percent.germ",0.5,15
"ma03","Abies_amabilis",28,"percent.germ",0.39,17
"ma03","Abies_amabilis",84,"percent.germ",0.45,17
"ma03","Abies_lasiocarpa",28,"percent.germ",0.41,17
"ma03","Abies_lasiocarpa",84,"percent.germ",0.63,17
"ma03","Abies_grandis",28,"percent.germ",0.53,17
"ma03","Abies_grandis",84,"percent.germ",0.71,17
"ma03","Abies_procera",28,"percent.germ",0.35,17
"ma03","Abies_procera",84,"percent.germ",0.47,17
"meyer94","Penstemon_comarrhenus",28,"percent.germ",0.66,15
"meyer94","Penstemon_comarrhenus",56,"percent.germ",0.47,15
"meyer94","Penstemon_comarrhenus",84,"percent.germ",0.62,15
"meyer94","Penstemon_comarrhenus",112,"percent.germ",0.64,15
"meyer94","Penstemon_comarrhenus",168,"percent.germ",0.64,15
"meyer94","Penstemon_comarrhenus",28,"percent.germ",0.5,15
"meyer94","Penstemon_comarrhenus",56,"percent.germ",0.66,15
"meyer94","Penstemon_comarrhenus",84,"percent.germ",0.7,15
"meyer94","Penstemon_comarrhenus",112,"percent.germ",0.77,15
"meyer94","Penstemon_comarrhenus",168,"percent.germ",0.71,15
"meyer94","Penstemon_cyananthus",28,"percent.germ",0,15
"meyer94","Penstemon_cyananthus",56,"percent.germ",0,15
"meyer94","Penstemon_cyananthus",84,"percent.germ",0.21,15
"meyer94","Penstemon_cyananthus",112,"percent.germ",0.43,15
"meyer94","Penstemon_cyananthus",168,"percent.germ",0.58,15
"meyer94","Penstemon_cyananthus",28,"percent.germ",0.01,15
"meyer94","Penstemon_cyananthus",56,"percent.germ",0,15
"meyer94","Penstemon_cyananthus",84,"percent.germ",0.01,15
"meyer94","Penstemon_cyananthus",112,"percent.germ",0.23,15
"meyer94","Penstemon_cyananthus",168,"percent.germ",0.49,15
"meyer94","Penstemon_cyananthus",28,"percent.germ",0,15
"meyer94","Penstemon_cyananthus",56,"percent.germ",0.07,15
"meyer94","Penstemon_cyananthus",84,"percent.germ",0.43,15
"meyer94","Penstemon_cyananthus",112,"percent.germ",0.53,15
"meyer94","Penstemon_cyananthus",168,"percent.germ",0.54,15
"meyer94","Penstemon_cyananthus",28,"percent.germ",0,15
"meyer94","Penstemon_cyananthus",56,"percent.germ",0.04,15
"meyer94","Penstemon_cyananthus",84,"percent.germ",0.63,15
"meyer94","Penstemon_cyananthus",112,"percent.germ",0.87,15
"meyer94","Penstemon_cyananthus",168,"percent.germ",0.83,15
"meyer94","Penstemon_cyaneus",28,"percent.germ",0,15
"meyer94","Penstemon_cyaneus",56,"percent.germ",0.01,15
"meyer94","Penstemon_cyaneus",84,"percent.germ",0.01,15
"meyer94","Penstemon_cyaneus",112,"percent.germ",0.03,15
"meyer94","Penstemon_cyaneus",168,"percent.germ",0.35,15
"meyer94","Penstemon_cyanocaulis",28,"percent.germ",0.01,15
"meyer94","Penstemon_cyanocaulis",56,"percent.germ",0.17,15
"meyer94","Penstemon_cyanocaulis",84,"percent.germ",0.9,15
"meyer94","Penstemon_cyanocaulis",112,"percent.germ",0.9,15
"meyer94","Penstemon_cyanocaulis",168,"percent.germ",0.78,15
"meyer94","Penstemon_cyanocaulis",28,"percent.germ",0.03,15
"meyer94","Penstemon_cyanocaulis",56,"percent.germ",0.14,15
"meyer94","Penstemon_cyanocaulis",84,"percent.germ",0.52,15
"meyer94","Penstemon_cyanocaulis",112,"percent.germ",0.75,15
"meyer94","Penstemon_cyanocaulis",168,"percent.germ",0.78,15
"meyer94","Penstemon_cyanocaulis",28,"percent.germ",0.04,15
"meyer94","Penstemon_cyanocaulis",56,"percent.germ",0.21,15
"meyer94","Penstemon_cyanocaulis",84,"percent.germ",0.8,15
"meyer94","Penstemon_cyanocaulis",112,"percent.germ",0.92,15
"meyer94","Penstemon_cyanocaulis",168,"percent.germ",0.78,15
"meyer94","Penstemon_fremontii",28,"percent.germ",0.03,15
"meyer94","Penstemon_fremontii",56,"percent.germ",0.04,15
"meyer94","Penstemon_fremontii",84,"percent.germ",0.29,15
"meyer94","Penstemon_fremontii",112,"percent.germ",0.64,15
"meyer94","Penstemon_fremontii",168,"percent.germ",0.76,15
"meyer94","Penstemon_fremontii",28,"percent.germ",0.1,15
"meyer94","Penstemon_fremontii",56,"percent.germ",0.14,15
"meyer94","Penstemon_fremontii",84,"percent.germ",0.37,15
"meyer94","Penstemon_fremontii",112,"percent.germ",0.6,15
"meyer94","Penstemon_fremontii",168,"percent.germ",0.66,15
"meyer94","Penstemon_laevis",28,"percent.germ",0.09,15
"meyer94","Penstemon_laevis",56,"percent.germ",0.56,15
"meyer94","Penstemon_laevis",84,"percent.germ",0.93,15
"meyer94","Penstemon_laevis",112,"percent.germ",0.9,15
"meyer94","Penstemon_laevis",168,"percent.germ",0.96,15
"meyer94","Penstemon_leiophyllus",28,"percent.germ",0.04,15
"meyer94","Penstemon_leiophyllus",56,"percent.germ",0.03,15
"meyer94","Penstemon_leiophyllus",84,"percent.germ",0.33,15
"meyer94","Penstemon_leiophyllus",112,"percent.germ",0.71,15
"meyer94","Penstemon_leiophyllus",168,"percent.germ",0.84,15
"meyer94","Penstemon_leiophyllus",28,"percent.germ",0,15
"meyer94","Penstemon_leiophyllus",56,"percent.germ",0.16,15
"meyer94","Penstemon_leiophyllus",84,"percent.germ",0.48,15
"meyer94","Penstemon_leiophyllus",112,"percent.germ",0.75,15
"meyer94","Penstemon_leiophyllus",168,"percent.germ",0.88,15
"meyer94","Penstemon_perpulcher",28,"percent.germ",0.26,15
"meyer94","Penstemon_perpulcher",56,"percent.germ",0.81,15
"meyer94","Penstemon_perpulcher",84,"percent.germ",0.96,15
"meyer94","Penstemon_perpulcher",112,"percent.germ",0.97,15
"meyer94","Penstemon_perpulcher",168,"percent.germ",1,15
"meyer94","Penstemon_scariosus",28,"percent.germ",0.03,15
"meyer94","Penstemon_scariosus",56,"percent.germ",0.06,15
"meyer94","Penstemon_scariosus",84,"percent.germ",0.1,15
"meyer94","Penstemon_scariosus",112,"percent.germ",0.37,15
"meyer94","Penstemon_scariosus",168,"percent.germ",0.44,15
"meyer94","Penstemon_speciosus",28,"percent.germ",0.03,15
"meyer94","Penstemon_speciosus",56,"percent.germ",0.13,15
"meyer94","Penstemon_speciosus",84,"percent.germ",0.7,15
"meyer94","Penstemon_speciosus",112,"percent.germ",0.79,15
"meyer94","Penstemon_speciosus",168,"percent.germ",0.9,15
"meyer94","Penstemon_strictus",28,"percent.germ",0.04,15
"meyer94","Penstemon_strictus",56,"percent.germ",0.05,15
"meyer94","Penstemon_strictus",84,"percent.germ",0.07,15
"meyer94","Penstemon_strictus",112,"percent.germ",0.21,15
"meyer94","Penstemon_strictus",168,"percent.germ",0.61,15
"meyer94","Penstemon_subglaber",28,"percent.germ",0.11,15
"meyer94","Penstemon_subglaber",56,"percent.germ",0.03,15
"meyer94","Penstemon_subglaber",84,"percent.germ",0.05,15
"meyer94","Penstemon_subglaber",112,"percent.germ",0.19,15
"meyer94","Penstemon_subglaber",168,"percent.germ",0.76,15
"meyer94","Penstemon_subglaber",28,"percent.germ",0.07,15
"meyer94","Penstemon_subglaber",56,"percent.germ",0.02,15
"meyer94","Penstemon_subglaber",84,"percent.germ",0.02,15
"meyer94","Penstemon_subglaber",112,"percent.germ",0.37,15
"meyer94","Penstemon_subglaber",168,"percent.germ",0.36,15
"meyer94","Penstemon_subglaber",28,"percent.germ",0.02,15
"meyer94","Penstemon_subglaber",56,"percent.germ",0.03,15
"meyer94","Penstemon_subglaber",84,"percent.germ",0.04,15
"meyer94","Penstemon_subglaber",112,"percent.germ",0.22,15
"meyer94","Penstemon_subglaber",168,"percent.germ",0.68,15
"meyer95","Penstemon_ambiguus",28,"percent.germ",0.48,10
"meyer95","Penstemon_ambiguus",56,"percent.germ",0.46,10
"meyer95","Penstemon_ambiguus",84,"percent.germ",0.25,10
"meyer95","Penstemon_ambiguus",112,"percent.germ",0.38,10
"meyer95","Penstemon_ambiguus",168,"percent.germ",0.65,10
"meyer95","Penstemon_ambiguus",28,"percent.germ",0.15,10
"meyer95","Penstemon_ambiguus",56,"percent.germ",0.09,10
"meyer95","Penstemon_ambiguus",84,"percent.germ",0.05,10
"meyer95","Penstemon_ambiguus",112,"percent.germ",0.08,10
"meyer95","Penstemon_ambiguus",168,"percent.germ",0.28,10
"meyer95","Penstemon_ambiguus",28,"percent.germ",0.01,10
"meyer95","Penstemon_ambiguus",56,"percent.germ",0.02,10
"meyer95","Penstemon_ambiguus",84,"percent.germ",0,10
"meyer95","Penstemon_ambiguus",112,"percent.germ",0.01,10
"meyer95","Penstemon_ambiguus",168,"percent.germ",0,10
"meyer95","Penstemon_linarioides",28,"percent.germ",0,10
"meyer95","Penstemon_linarioides",56,"percent.germ",0,10
"meyer95","Penstemon_linarioides",84,"percent.germ",0.07,10
"meyer95","Penstemon_linarioides",112,"percent.germ",0.13,10
"meyer95","Penstemon_linarioides",168,"percent.germ",0.12,10
"meyer95","Penstemon_linarioides",28,"percent.germ",0,10
"meyer95","Penstemon_linarioides",56,"percent.germ",0.01,10
"meyer95","Penstemon_linarioides",84,"percent.germ",0.04,10
"meyer95","Penstemon_linarioides",112,"percent.germ",0.11,10
"meyer95","Penstemon_linarioides",168,"percent.germ",0.07,10
"meyer95","Penstemon_dolius",28,"percent.germ",0.01,10
"meyer95","Penstemon_dolius",56,"percent.germ",0.08,10
"meyer95","Penstemon_dolius",84,"percent.germ",0.31,10
"meyer95","Penstemon_dolius",112,"percent.germ",0.36,10
"meyer95","Penstemon_dolius",168,"percent.germ",0.38,10
"meyer95","Penstemon_goodrichii",28,"percent.germ",0.02,10
"meyer95","Penstemon_goodrichii",56,"percent.germ",0,10
"meyer95","Penstemon_goodrichii",84,"percent.germ",0.23,10
"meyer95","Penstemon_goodrichii",112,"percent.germ",0.58,10
"meyer95","Penstemon_goodrichii",168,"percent.germ",0.46,10
"meyer95","Penstemon_moffatii",28,"percent.germ",0,10
"meyer95","Penstemon_moffatii",56,"percent.germ",0.34,10
"meyer95","Penstemon_moffatii",84,"percent.germ",0.68,10
"meyer95","Penstemon_moffatii",112,"percent.germ",0.72,10
"meyer95","Penstemon_moffatii",168,"percent.germ",0.83,10
"meyer95","Penstemon_acuminatus",28,"percent.germ",0,10
"meyer95","Penstemon_acuminatus",56,"percent.germ",0.03,10
"meyer95","Penstemon_acuminatus",84,"percent.germ",0.59,10
"meyer95","Penstemon_acuminatus",112,"percent.germ",0.57,10
"meyer95","Penstemon_acuminatus",168,"percent.germ",0.68,10
"meyer95","Penstemon_acuminatus",28,"percent.germ",0.02,10
"meyer95","Penstemon_acuminatus",56,"percent.germ",0.38,10
"meyer95","Penstemon_acuminatus",84,"percent.germ",0.94,10
"meyer95","Penstemon_acuminatus",112,"percent.germ",0.95,10
"meyer95","Penstemon_acuminatus",168,"percent.germ",0.97,10
"meyer95","Penstemon_pachyphyllus",28,"percent.germ",0.7,10
"meyer95","Penstemon_pachyphyllus",56,"percent.germ",0.75,10
"meyer95","Penstemon_pachyphyllus",84,"percent.germ",0.9,10
"meyer95","Penstemon_pachyphyllus",112,"percent.germ",0.97,10
"meyer95","Penstemon_pachyphyllus",168,"percent.germ",0.95,10
"meyer95","Penstemon_pachyphyllus",28,"percent.germ",0.43,10
"meyer95","Penstemon_pachyphyllus",56,"percent.germ",0.63,10
"meyer95","Penstemon_pachyphyllus",84,"percent.germ",0.92,10
"meyer95","Penstemon_pachyphyllus",112,"percent.germ",0.96,10
"meyer95","Penstemon_pachyphyllus",168,"percent.germ",1,10
"meyer95","Penstemon_pachyphyllus",28,"percent.germ",0.3,10
"meyer95","Penstemon_pachyphyllus",56,"percent.germ",0.31,10
"meyer95","Penstemon_pachyphyllus",84,"percent.germ",0.84,10
"meyer95","Penstemon_pachyphyllus",112,"percent.germ",0.91,10
"meyer95","Penstemon_pachyphyllus",168,"percent.germ",0.91,10
"meyer95","Penstemon_confusus",28,"percent.germ",0.02,10
"meyer95","Penstemon_confusus",56,"percent.germ",0.31,10
"meyer95","Penstemon_confusus",84,"percent.germ",0.96,10
"meyer95","Penstemon_confusus",112,"percent.germ",0.9,10
"meyer95","Penstemon_confusus",168,"percent.germ",0.84,10
"meyer95","Penstemon_confusus",28,"percent.germ",0.05,10
"meyer95","Penstemon_confusus",56,"percent.germ",0.33,10
"meyer95","Penstemon_confusus",84,"percent.germ",0.76,10
"meyer95","Penstemon_confusus",112,"percent.germ",0.84,10
"meyer95","Penstemon_confusus",168,"percent.germ",0.74,10
"meyer95","Penstemon_utahensis",28,"percent.germ",0.28,10
"meyer95","Penstemon_utahensis",56,"percent.germ",0.76,10
"meyer95","Penstemon_utahensis",84,"percent.germ",0.93,10
"meyer95","Penstemon_utahensis",112,"percent.germ",0.87,10
"meyer95","Penstemon_utahensis",168,"percent.germ",0.98,10
"meyer95","Penstemon_utahensis",28,"percent.germ",0.07,10
"meyer95","Penstemon_utahensis",56,"percent.germ",0.43,10
"meyer95","Penstemon_utahensis",84,"percent.germ",0.86,10
"meyer95","Penstemon_utahensis",112,"percent.germ",0.84,10
"meyer95","Penstemon_utahensis",168,"percent.germ",0.76,10
"meyer95","Penstemon_utahensis",28,"percent.germ",0.05,10
"meyer95","Penstemon_utahensis",56,"percent.germ",0.47,10
"meyer95","Penstemon_utahensis",84,"percent.germ",0.98,10
"meyer95","Penstemon_utahensis",112,"percent.germ",0.95,10
"meyer95","Penstemon_utahensis",168,"percent.germ",0.97,10
"meyer95","Penstemon_utahensis",28,"percent.germ",0.11,10
"meyer95","Penstemon_utahensis",56,"percent.germ",0.26,10
"meyer95","Penstemon_utahensis",84,"percent.germ",0.97,10
"meyer95","Penstemon_utahensis",112,"percent.germ",1,10
"meyer95","Penstemon_utahensis",168,"percent.germ",1,10
"martinik14","Pseudotsuga_menziesii",21,"percent.germ",0.92077,23.3333333333333
"martinik14","Pseudotsuga_menziesii",35,"percent.germ",0.94604,23.3333333333333
"martinik14","Pseudotsuga_menziesii",49,"percent.germ",0.97883,23.3333333333333
"martinik14","Pseudotsuga_menziesii",63,"percent.germ",0.93989,23.3333333333333
"martinik14","Pseudotsuga_menziesii",112,"percent.germ",0.97336,23.3333333333333
"muller03","Fagus_sylvatica",0,"percent.germ",0.708,3
"panayotova15","Betonica_bulgarica",7,"percent.germ",0.01,19
"parmenter96","Echinacea_angustifolia",0,"percent.germ",0.32283,15
"parmenter96","Echinacea_angustifolia",7,"percent.germ",0.36359,15
"parmenter96","Echinacea_angustifolia",14,"percent.germ",0.36359,15
"parmenter96","Echinacea_angustifolia",21,"percent.germ",0.52011,15
"parmenter96","Echinacea_angustifolia",28,"percent.germ",0.56576,15
"parmenter96","Echinacea_angustifolia",35,"percent.germ",0.44511,15
"parmenter96","Echinacea_angustifolia",42,"percent.germ",0.40272,15
"parmenter96","Echinacea_angustifolia",56,"percent.germ",0.44185,15
"parmenter96","Echinacea_angustifolia",63,"percent.germ",0.36359,15
"parmenter96","Echinacea_angustifolia",77,"percent.germ",0.5625,15
"parmenter96","Echinacea_purpurea",0,"percent.germ",0.77308,15
"parmenter96","Echinacea_purpurea",7,"percent.germ",0.96099,15
"parmenter96","Echinacea_purpurea",14,"percent.germ",0.79286,15
"parmenter96","Echinacea_purpurea",21,"percent.germ",0.82253,15
"parmenter96","Echinacea_purpurea",28,"percent.germ",0.76978,15
"parmenter96","Echinacea_purpurea",35,"percent.germ",0.85549,15
"parmenter96","Echinacea_purpurea",42,"percent.germ",0.94121,15
"parmenter96","Echinacea_purpurea",56,"percent.germ",0.81264,15
"parmenter96","Echinacea_purpurea",63,"percent.germ",0.86868,15
"parmenter96","Echinacea_purpurea",77,"percent.germ",0.81264,15
"phondani10","Betula_utilis",1,"percent.germ",0.16,15
"phondani10","Betula_utilis",2,"percent.germ",0.26,15
"phondani10","Betula_utilis",7,"percent.germ",0.44,15
"phondani10","Betula_utilis",1,"percent.germ",0.58,25
"phondani10","Betula_utilis",2,"percent.germ",0.56,25
"phondani10","Betula_utilis",7,"percent.germ",0.6,25
"phondani10","Betula_utilis",1,"percent.germ",0.34,15
"phondani10","Betula_utilis",2,"percent.germ",0.26,15
"phondani10","Betula_utilis",7,"percent.germ",0.46,15
"phondani10","Betula_utilis",1,"percent.germ",0.58,25
"phondani10","Betula_utilis",2,"percent.germ",0.58,25
"phondani10","Betula_utilis",7,"percent.germ",0.64,25
"phondani10","Betula_utilis",1,"percent.germ",0.14,15
"phondani10","Betula_utilis",2,"percent.germ",0.12,15
"phondani10","Betula_utilis",7,"percent.germ",0.36,15
"phondani10","Betula_utilis",1,"percent.germ",0.26,25
"phondani10","Betula_utilis",2,"percent.germ",0.54,25
"phondani10","Betula_utilis",7,"percent.germ",0.44,25
"phondani10","Betula_utilis",1,"percent.germ",0.12,15
"phondani10","Betula_utilis",2,"percent.germ",0.18,15
"phondani10","Betula_utilis",7,"percent.germ",0.4,15
"phondani10","Betula_utilis",1,"percent.germ",0.22,25
"phondani10","Betula_utilis",2,"percent.germ",0.32,25
"phondani10","Betula_utilis",7,"percent.germ",0.52,25
"phondani10","Betula_utilis",1,"percent.germ",0.18,15
"phondani10","Betula_utilis",2,"percent.germ",0.3,15
"phondani10","Betula_utilis",7,"percent.germ",0.4,15
"phondani10","Betula_utilis",1,"percent.germ",0.62,25
"phondani10","Betula_utilis",2,"percent.germ",0.62,25
"phondani10","Betula_utilis",7,"percent.germ",0.6,25
"phondani10","Betula_utilis",1,"percent.germ",0.18,15
"phondani10","Betula_utilis",2,"percent.germ",0.48,15
"phondani10","Betula_utilis",7,"percent.germ",0.3,15
"phondani10","Betula_utilis",1,"percent.germ",0.46,25
"phondani10","Betula_utilis",2,"percent.germ",0.26,25
"phondani10","Betula_utilis",7,"percent.germ",0.62,25
"picciau19","Helichrysum_microphyllum",0,"percent.germ",0.17675,5
"picciau19","Helichrysum_microphyllum",0,"percent.germ",0.35987,30
"picciau19","Helichrysum_microphyllum",0,"percent.germ",0.41403,5
"picciau19","Helichrysum_microphyllum",0,"percent.germ",0.36392,10
"picciau19","Helichrysum_microphyllum",0,"percent.germ",0.37342,30
"picciau17","Clematis_vitalba",0,"percent.germ",0.02558,10
"picciau17","Clematis_vitalba",90,"percent.germ",0.57035,5
"picciau17","Clematis_vitalba",90,"percent.germ",0.53314,10
"picciau17","Clematis_vitalba",90,"percent.germ",0.74419,15
"picciau17","Clematis_vitalba",90,"percent.germ",0.59302,20
"picciau17","Clematis_vitalba",90,"percent.germ",0.65174,25
"airi09","Hippophae_salicifolia",0,"percent.germ",0.2734,25
"airi09","Hippophae_salicifolia",15,"percent.germ",0.44,25
"airi09","Hippophae_salicifolia",30,"percent.germ",0.6334,25
"airi09","Hippophae_salicifolia",60,"percent.germ",0.5534,25
"airi09","Hippophae_salicifolia",0,"percent.germ",0.3534,25
"airi09","Hippophae_salicifolia",15,"percent.germ",0.62,25
"airi09","Hippophae_salicifolia",30,"percent.germ",0.65,25
"airi09","Hippophae_salicifolia",60,"percent.germ",0.6167,25
"airi09","Hippophae_salicifolia",0,"percent.germ",0.2533,25
"airi09","Hippophae_salicifolia",15,"percent.germ",0.5467,25
"airi09","Hippophae_salicifolia",30,"percent.germ",0.66,25
"airi09","Hippophae_salicifolia",60,"percent.germ",0.5867,25
"airi09","Hippophae_salicifolia",0,"percent.germ",0.2466,25
"airi09","Hippophae_salicifolia",15,"percent.germ",0.2933,25
"airi09","Hippophae_salicifolia",30,"percent.germ",0.3133,25
"airi09","Hippophae_salicifolia",60,"percent.germ",0.3233,25
"airi09","Hippophae_salicifolia",0,"percent.germ",0.3066,25
"airi09","Hippophae_salicifolia",15,"percent.germ",0.5133,25
"airi09","Hippophae_salicifolia",30,"percent.germ",0.6866,25
"airi09","Hippophae_salicifolia",60,"percent.germ",0.56,25
"alptekin02","Quercus_libani",30,"percent.germ",0.52,20
"alptekin02","Quercus_libani",60,"percent.germ",0.93,20
"alptekin02","Quercus_libani",90,"percent.germ",0.98,20
"alptekin02","Quercus_libani",120,"percent.germ",0.97,20
"chen06","Neolitsea_acuminatissima",0,"percent.germ",0.793,25
"chen06","Neolitsea_acuminatissima",30,"percent.germ",0.657,25
"chen06","Neolitsea_acuminatissima",60,"percent.germ",0.714,25
"chen06","Neolitsea_acuminatissima",90,"percent.germ",0.724,25
"chen06","Neolitsea_acuminatissima",180,"percent.germ",NA,25
"chen06","Neolitsea_acuminatissima",270,"percent.germ",0.714,25
"chen06","Neolitsea_acuminatissima",360,"percent.germ",0.743,25
"chichizola18","Oenothera_odorata",6,"percent.germ",0.9858,15
"chien10","Daphniphyllum_glaucescens",4,"percent.germ",0.52479,15
"chien10","Daphniphyllum_glaucescens",8,"percent.germ",0.84435,15
"chien10","Daphniphyllum_glaucescens",12,"percent.germ",0.82231,15
"chien10","Daphniphyllum_glaucescens",16,"percent.germ",0.88292,15
"chien10","Daphniphyllum_glaucescens",20,"percent.germ",0.85813,15
"cicek08","Pterocarya_fraxinifolia",0,"percent.germ",0,23.3333333333333
"cicek08","Pterocarya_fraxinifolia",0,"percent.germ",0.385,23.3333333333333
"cicek08","Pterocarya_fraxinifolia",21,"percent.germ",0.952,23.3333333333333
"cicek08","Pterocarya_fraxinifolia",35,"percent.germ",0.943,23.3333333333333
"cicek08","Pterocarya_fraxinifolia",49,"percent.germ",0.033,23.3333333333333
"dehgan84","Nandina_domestica",0,"percent.germ",0.3166,20
"dehgan84","Nandina_domestica",42,"percent.germ",0.6933,20
"dehgan84","Nandina_domestica",42,"percent.germ",0.3466,20
"dehgan84","Nandina_domestica",84,"percent.germ",0.63,20
"dehgan84","Nandina_domestica",42,"percent.germ",0.1433,20
"dehgan84","Nandina_domestica",0,"percent.germ",0.02,20
"dehgan84","Nandina_domestica",0,"percent.germ",0,20
"cousins10","Vitex_rotundifolia",56,"percent.germ",0.713,24
"cousins10","Vitex_rotundifolia",0,"percent.germ",0.694,24
"cousins10","Vitex_rotundifolia",28,"percent.germ",0.764,24
"cousins10","Vitex_rotundifolia",84,"percent.germ",0.685,24
"naseri18","Acer_hyrcanum",0,"percent.germ",0,22
"naseri18","Acer_hyrcanum",28,"percent.germ",0.00838,22
"naseri18","Acer_hyrcanum",56,"percent.germ",0.10335,22
"naseri18","Acer_hyrcanum",84,"percent.germ",0.66201,22
"naseri18","Acer_hyrcanum",112,"percent.germ",1,22
"naseri18","Acer_hyrcanum",112,"percent.germ",0.99444,22
"nawrot-chorabik21","Pinus_sylvestris",21,"percent.germ",0.2333,24
"necajeva13","Eryngium_maritimum",30,"percent.germ",3e-05,17.5
"necajeva13","Eryngium_maritimum",60,"percent.germ",0.00014,17.5
"necajeva13","Eryngium_maritimum",90,"percent.germ",0.00067,17.5
"necajeva13","Eryngium_maritimum",120,"percent.germ",0.00111,17.5
"nin17","Vaccinium_myrtillus",0,"percent.germ",0.1,15
"nin17","Vaccinium_myrtillus",0,"percent.germ",0.817,22.5
"nin17","Vaccinium_myrtillus",0,"percent.germ",0.833,25
"schutz02","Carex_ferruginea",0,"percent.germ",NA,7
"schutz02","Carex_ferruginea",30,"percent.germ",0.30108,7
"schutz02","Carex_ferruginea",60,"percent.germ",0.94624,7
"schutz02","Carex_ferruginea",91,"percent.germ",0.94086,7
"schutz02","Carex_ferruginea",183,"percent.germ",0.95699,7
"schutz02","Carex_frigida",0,"percent.germ",NA,7
"schutz02","Carex_frigida",30,"percent.germ",NA,7
"schutz02","Carex_frigida",60,"percent.germ",0.01887,7
"schutz02","Carex_frigida",91,"percent.germ",0.0283,7
"schutz02","Carex_frigida",183,"percent.germ",0.0739,7
"schutz02","Carex_ferruginea",274,"percent.germ",0.61818,7
"schutz02","Carex_ferruginea",274,"percent.germ",0.84394,10
"schutz02","Carex_ferruginea",274,"percent.germ",0.94091,15
"schutz02","Carex_ferruginea",274,"percent.germ",0.97121,20
"schutz02","Carex_ferruginea",274,"percent.germ",1,25
"schutz02","Carex_ferruginea",274,"percent.germ",0.42576,30
"schutz02","Carex_frigida",274,"percent.germ",0.02727,7
"schutz02","Carex_frigida",274,"percent.germ",0.03182,10
"schutz02","Carex_frigida",274,"percent.germ",0.03182,15
"schutz02","Carex_frigida",274,"percent.germ",0.06212,20
"schutz02","Carex_frigida",274,"percent.germ",0.09848,25
"schutz02","Carex_frigida",274,"percent.germ",0.15303,30
"paolini01","Sinapis_arvensis",7,"percent.germ",0.81154,20
"nasri14","Alstroemeria_ligtu",21,"percent.germ",0.7633,21
"santos19","Baccharis_dracunculifolia",0,"percent.germ",0.0254,15
"santos19","Baccharis_dracunculifolia",0,"percent.germ",0.042,20
"santos19","Baccharis_dracunculifolia",0,"percent.germ",0.0249,25
"santos19","Baccharis_dracunculifolia",0,"percent.germ",0.0312,30
"santos19","Baccharis_dracunculifolia",0,"percent.germ",0,35
"santos19","Baccharis_dracunculifolia",1,"percent.germ",0.028,15
"santos19","Baccharis_dracunculifolia",1,"percent.germ",0.0227,20
"santos19","Baccharis_dracunculifolia",1,"percent.germ",0.0364,25
"santos19","Baccharis_dracunculifolia",1,"percent.germ",0.0349,30
"santos19","Baccharis_dracunculifolia",1,"percent.germ",0,35
"santos19","Baccharis_dracunculifolia",2,"percent.germ",0.0189,15
"santos19","Baccharis_dracunculifolia",2,"percent.germ",0.0208,20
"santos19","Baccharis_dracunculifolia",2,"percent.germ",0.0299,25
"santos19","Baccharis_dracunculifolia",2,"percent.germ",0.0201,30
"santos19","Baccharis_dracunculifolia",2,"percent.germ",0,35
"santos19","Baccharis_dracunculifolia",3,"percent.germ",0.0303,15
"santos19","Baccharis_dracunculifolia",3,"percent.germ",0.0208,20
"santos19","Baccharis_dracunculifolia",3,"percent.germ",0.0182,25
"santos19","Baccharis_dracunculifolia",3,"percent.germ",0.036,30
"santos19","Baccharis_dracunculifolia",3,"percent.germ",0,35
"santos19","Baccharis_dracunculifolia",4,"percent.germ",0.0399,15
"santos19","Baccharis_dracunculifolia",4,"percent.germ",0.0364,20
"santos19","Baccharis_dracunculifolia",4,"percent.germ",0.0329,25
"santos19","Baccharis_dracunculifolia",4,"percent.germ",0.0404,30
"santos19","Baccharis_dracunculifolia",4,"percent.germ",0,35
"santos19","Baccharis_dracunculifolia",5,"percent.germ",0.0419,15
"santos19","Baccharis_dracunculifolia",5,"percent.germ",0.0372,20
"santos19","Baccharis_dracunculifolia",5,"percent.germ",0.0394,25
"santos19","Baccharis_dracunculifolia",5,"percent.germ",0.0349,30
"santos19","Baccharis_dracunculifolia",5,"percent.germ",0,35
"lee21","Thalictrum_uchiyamae",14,"percent.germ",0.573,25.8333333333333
"lee21","Thalictrum_uchiyamae",14,"percent.germ",0.787,15.8333333333333
"lee21","Thalictrum_uchiyamae",14,"percent.germ",0.747,11.25
"lee21","Thalictrum_uchiyamae",28,"percent.germ",0.947,25.8333333333333
"lee21","Thalictrum_uchiyamae",28,"percent.germ",0.907,15.8333333333333
"lee21","Thalictrum_uchiyamae",28,"percent.germ",0.64,11.25
"lee21","Thalictrum_uchiyamae",56,"percent.germ",0.853,25.8333333333333
"lee21","Thalictrum_uchiyamae",56,"percent.germ",0.907,15.8333333333333
"lee21","Thalictrum_uchiyamae",56,"percent.germ",0.84,11.25
"lee21","Thalictrum_uchiyamae",84,"percent.germ",0.893,25.8333333333333
"lee21","Thalictrum_uchiyamae",84,"percent.germ",0.893,15.8333333333333
"lee21","Thalictrum_uchiyamae",84,"percent.germ",0.867,11.25
"bungard97","Clematis_vitalba",0,"percent.germ",0.48906,20
"bungard97","Clematis_vitalba",28,"percent.germ",0.7407,20
"bungard97","Clematis_vitalba",56,"percent.germ",0.80635,20
"bungard97","Clematis_vitalba",84,"percent.germ",0.85449,20
"grose57","Eucalyptus_kybeanensis",35,"percent.germ",0.97,18.33
"grose57","Eucalyptus_delegatensis",24,"percent.germ",0.36,17.2
"grose57","Eucalyptus_delegatensis",33,"percent.germ",0.3,17.2
"grose57","Eucalyptus_delegatensis",46,"percent.germ",0.65,17.2
"grose57","Eucalyptus_delegatensis",53,"percent.germ",0.93,17.2
"grose57","Eucalyptus_delegatensis",73,"percent.germ",0.92,17.2
"grose57","Eucalyptus_delegatensis",80,"percent.germ",1,17.2
"grose57","Eucalyptus_elata",42,"percent.germ",1,24.4
"grose57","Eucalyptus_elata",28,"percent.germ",0.97,24.4
"grose57","Eucalyptus_elata",14,"percent.germ",0.96,24.4
"grose57","Eucalyptus_elata",0,"percent.germ",0.59,24.4
"grose57","Eucalyptus_elata",28,"percent.germ",0.89,21.1
"grose57","Eucalyptus_elata",21,"percent.germ",0.77,21.1
"grose57","Eucalyptus_elata",14,"percent.germ",0.55,21.1
"grose57","Eucalyptus_elata",7,"percent.germ",0.38,21.1
"grose57","Eucalyptus_elata",0,"percent.germ",0.33,21.1
"grose57","Eucalyptus_chapmaniana",42,"percent.germ",0.99,24.4
"grose57","Eucalyptus_chapmaniana",28,"percent.germ",0.98,24.4
"grose57","Eucalyptus_chapmaniana",14,"percent.germ",0.88,24.4
"grose57","Eucalyptus_chapmaniana",0,"percent.germ",0.52,24.4
"grose57","Eucalyptus_fastigata",28,"percent.germ",0.92,21.1
"grose57","Eucalyptus_fastigata",21,"percent.germ",0.92,21.1
"grose57","Eucalyptus_fastigata",14,"percent.germ",0.92,21.1
"grose57","Eucalyptus_fastigata",7,"percent.germ",0.83,21.1
"grose57","Eucalyptus_fastigata",0,"percent.germ",0.6,21.1
"grose57","Eucalyptus_kybeanensis",35,"percent.germ",0.9,18.3
"grose57","Eucalyptus_kybeanensis",28,"percent.germ",0.89,18.3
"grose57","Eucalyptus_kybeanensis",21,"percent.germ",0.53,18.3
"grose57","Eucalyptus_kybeanensis",14,"percent.germ",0.48,18.3
"grose57","Eucalyptus_kybeanensis",7,"percent.germ",0.32,18.3
"grose57","Eucalyptus_kybeanensis",0,"percent.germ",0.19,18.3
"grose57","Eucalyptus_mitchelliana",42,"percent.germ",0.98,24.4
"grose57","Eucalyptus_mitchelliana",28,"percent.germ",0.86,24.4
"grose57","Eucalyptus_mitchelliana",14,"percent.germ",0.42,24.4
"grose57","Eucalyptus_mitchelliana",0,"percent.germ",0.01,24.4
"grose57","Eucalyptus_nitens",42,"percent.germ",0.98,24.4
"grose57","Eucalyptus_nitens",28,"percent.germ",0.97,24.4
"grose57","Eucalyptus_nitens",14,"percent.germ",0.91,24.4
"grose57","Eucalyptus_nitens",0,"percent.germ",0.61,24.4
"grose57","Eucalyptus_pauciflora",35,"percent.germ",0.82,18.3
"grose57","Eucalyptus_pauciflora",28,"percent.germ",0.84,18.3
"grose57","Eucalyptus_pauciflora",21,"percent.germ",0.66,18.3
"grose57","Eucalyptus_pauciflora",14,"percent.germ",0.72,18.3
"grose57","Eucalyptus_pauciflora",7,"percent.germ",0.57,18.3
"grose57","Eucalyptus_pauciflora",0,"percent.germ",0.4,18.3
"grose57","Eucalyptus_perriniana",28,"percent.germ",0.87,17.2
"grose57","Eucalyptus_perriniana",21,"percent.germ",0.74,17.2
"grose57","Eucalyptus_perriniana",14,"percent.germ",0.88,17.2
"grose57","Eucalyptus_perriniana",7,"percent.germ",0.29,17.2
"grose57","Eucalyptus_perriniana",0,"percent.germ",0.16,17.2
"grose57","Eucalyptus_regnans",28,"percent.germ",0.7,24.4
"grose57","Eucalyptus_regnans",14,"percent.germ",0.41,24.4
"grose57","Eucalyptus_regnans",0,"percent.germ",0,24.4
"he09","Anisodus_tanguticus",7,"percent.germ",0,20
"he09","Anisodus_tanguticus",14,"percent.germ",0,20
"he09","Anisodus_tanguticus",21,"percent.germ",0,20
"he09","Anisodus_tanguticus",28,"percent.germ",0,20
"song20","Pinus_koraiensis",31,"percent.germ",0.8667,18.75
"song20","Pinus_koraiensis",62,"percent.germ",0.8727,18.75
"song20","Pinus_koraiensis",124,"percent.germ",0.8739,18.75
"song20","Pinus_koraiensis",186,"percent.germ",0.9164,18.75
"song20","Pinus_koraiensis",31,"percent.germ",0.8376,18.75
"song20","Pinus_koraiensis",62,"percent.germ",0.8727,18.75
"song20","Pinus_koraiensis",124,"percent.germ",0.9297,18.75
"song20","Pinus_koraiensis",186,"percent.germ",0.9079,18.75
"song20","Pinus_koraiensis",31,"percent.germ",0.7652,18.75
"song20","Pinus_koraiensis",61,"percent.germ",0.7167,18.75
"song20","Pinus_koraiensis",61,"percent.germ",0.55,18.75
"song20","Pinus_koraiensis",61,"percent.germ",0.1015,18.75
"song20","Pinus_koraiensis",61,"percent.germ",0.0803,18.75
"song20","Pinus_koraiensis",62,"percent.germ",0.697,18.75
"song20","Pinus_koraiensis",93,"percent.germ",0.8106,18.75
"song20","Pinus_koraiensis",124,"percent.germ",0.8333,18.75
"song20","Pinus_koraiensis",155,"percent.germ",0.75,18.75
"song20","Pinus_koraiensis",31,"percent.germ",0.7068,18.75
"song20","Pinus_koraiensis",62,"percent.germ",0.4962,18.75
"song20","Pinus_koraiensis",93,"percent.germ",0.4962,18.75
"song20","Pinus_koraiensis",124,"percent.germ",0.7744,18.75
"song20","Pinus_koraiensis",0,"percent.germ",0.5312,18.75
"song20","Pinus_koraiensis",0,"percent.germ",0.1328,18.75
"song20","Pinus_koraiensis",0,"percent.germ",0.0938,18.75
"song20","Pinus_koraiensis",0,"percent.germ",0.1,18.75
"song20","Pinus_koraiensis",0,"percent.germ",0.09,18.75
"chen08","Trema_cannabina",0,"percent.germ",0.7,25
"chen08","Trema_cannabina",60,"percent.germ",0.71,25
"chen08","Trema_cannabina",120,"percent.germ",0.715,25
"chen08","Trema_cannabina",180,"percent.germ",0.69,25
"chen08","Trema_cannabina",210,"percent.germ",0.73,25
"chen08","Trema_cannabina",240,"percent.germ",0.725,25
"chen08","Trema_cannabina",270,"percent.germ",0.655,25
"chen08","Trema_cannabina",300,"percent.germ",0.605,25
"chen08","Trema_cannabina",330,"percent.germ",0.655,25
"chen08","Trema_cannabina",360,"percent.germ",0.57,25
"downie91","Pinus_strobus",28,"percent.germ",0.4,20
"millaku12","Gentiana_lutea",72,"percent.germ",0.0767,25
"millaku12","Gentiana_lutea",72,"percent.germ",0.2167,25
"moradi12","Dracocephalum_kotschyi",28,"percent.germ",0,24
"pipinis09","Chrysojasminum_fruticans",0,"percent.germ",0,23.3333333333333
"pipinis09","Chrysojasminum_fruticans",30,"percent.germ",0.21,23.3333333333333
"pipinis09","Chrysojasminum_fruticans",0,"percent.germ",0,23.3333333333333
"pipinis09","Chrysojasminum_fruticans",60,"percent.germ",0.705,23.3333333333333
"pipinis09","Chrysojasminum_fruticans",90,"percent.germ",0.86,23.3333333333333
"pipinis09","Chrysojasminum_fruticans",30,"percent.germ",0.185,23.3333333333333
"pipinis09","Chrysojasminum_fruticans",60,"percent.germ",0.69,23.3333333333333
"pipinis09","Chrysojasminum_fruticans",30,"percent.germ",0.2,23.3333333333333
"pipinis09","Chrysojasminum_fruticans",60,"percent.germ",0.675,23.3333333333333
"pipinis20","Corylus_avellana",0,"percent.germ",0.56,21.6666666666667
"pipinis20","Corylus_avellana",30,"percent.germ",0.8,21.6666666666667
"pipinis20","Corylus_avellana",60,"percent.germ",0.97,21.6666666666667
"pipinis20","Corylus_avellana",0,"percent.germ",0,21.6666666666667
"pipinis20","Corylus_avellana",30,"percent.germ",0,21.6666666666667
"pipinis20","Corylus_avellana",60,"percent.germ",0.34,21.6666666666667
"pipinis20","Corylus_avellana",90,"percent.germ",0.36,21.6666666666667
"pipinis20","Corylus_avellana",30,"percent.germ",0.14,21.6666666666667
"pipinis20","Corylus_avellana",60,"percent.germ",0.28,21.6666666666667
"pipinis20","Corylus_avellana",90,"percent.germ",0.65,21.6666666666667
"pipinis20","Corylus_avellana",30,"percent.germ",0.15,21.6666666666667
"pipinis20","Corylus_avellana",60,"percent.germ",0.95,21.6666666666667
"pipinis20","Corylus_avellana",90,"percent.germ",0.54,21.6666666666667
"rafiq21","Aconitum_chasmanthum",10,"percent.germ",0.4759,25
"rafiq21","Aconitum_chasmanthum",20,"percent.germ",0.4235,25
"rafiq21","Aconitum_chasmanthum",30,"percent.germ",0.3755,25
"rafiq21","Aconitum_chasmanthum",40,"percent.germ",0.3594,25
"rafiq21","Aconitum_chasmanthum",0,"percent.germ",0.3474,25
"rafiq21","Aconitum_chasmanthum",0,"percent.germ",0.3133,25
"rafiq21","Aconitum_chasmanthum",0,"percent.germ",0.2822,25
"rafiq21","Aconitum_chasmanthum",0,"percent.germ",0.2457,25
"rahnama-ghahfarokhi07","Ferula_gummosa",20,"percent.germ",0.08,25
"rahnama-ghahfarokhi07","Ferula_gummosa",30,"percent.germ",0.36,25
"rahnama-ghahfarokhi07","Ferula_gummosa",40,"percent.germ",0.69,25
"raisi13","Ferula_assa-foetida",0,"percent.germ",0.04,9
"raisi13","Ferula_assa-foetida",30,"percent.germ",0.36,9
"raisi13","Ferula_assa-foetida",60,"percent.germ",0.61,9
"raisi13","Ferula_assa-foetida",90,"percent.germ",0.18,9
"roh08","Corylopsis_coreana",0,"percent.germ",0.26,18.25
"roh08","Corylopsis_coreana",30,"percent.germ",0.79,18.25
"roh08","Corylopsis_coreana",60,"percent.germ",0.92,18.25
"roh08","Corylopsis_coreana",90,"percent.germ",0.89,18.25
"roh08","Corylopsis_sinensis",0,"percent.germ",0,18.25
"roh08","Corylopsis_sinensis",30,"percent.germ",0,18.25
"roh08","Corylopsis_sinensis",60,"percent.germ",0.32,18.25
"roh08","Corylopsis_sinensis",90,"percent.germ",0.29,18.25
"rouhi13","Adonis_vernalis",7,"percent.germ",0.81,15
"rouhi13","Adonis_vernalis",14,"percent.germ",0.82,15
"rouhi13","Adonis_vernalis",21,"percent.germ",0.9,15
"rouhi12","Ferula_gummosa",28,"percent.germ",0.09,25
"rouhi12","Ferula_gummosa",49,"percent.germ",0.61,25
"tabatabaeian18","Kelussia_odoratissima",0,"percent.germ",0.024,15
"tabatabaeian18","Kelussia_odoratissima",28,"percent.germ",0.461,15
"tabatabaeian18","Kelussia_odoratissima",56,"percent.germ",0.605,15
"teimouri13","Hymenocrater_platystegius",7,"percent.germ",0.06,25
"teimouri13","Hymenocrater_platystegius",14,"percent.germ",0.1,25
"thomsen02","Fagus_sylvatica",35,"percent.germ",0.2932,15
"thomsen02","Fagus_sylvatica",49,"percent.germ",0.10169,15
"thomsen02","Fagus_sylvatica",63,"percent.germ",0.05763,15
"tylkowski91","Cornus_mas",126,"percent.germ",0.215,9
"tylkowski91","Cornus_mas",119,"percent.germ",0.28,9
"tylkowski91","Cornus_mas",105,"percent.germ",0.215,9
"tylkowski91","Cornus_mas",126,"percent.germ",0.18,9
"tylkowski91","Cornus_mas",119,"percent.germ",0.28,9
"tylkowski91","Cornus_mas",105,"percent.germ",0.275,9
"tylkowski91","Cornus_mas",112,"percent.germ",0.46,9
"tylkowski91","Cornus_mas",105,"percent.germ",0.58,9
"tylkowski91","Cornus_mas",112,"percent.germ",0.465,9
"tylkowski91","Cornus_mas",105,"percent.germ",0.615,9
"tylkowski91","Cornus_mas",126,"percent.germ",0.395,9
"tylkowski91","Cornus_mas",126,"percent.germ",0.495,9
"tylkowski10","Hippophae_rhamnoides",0,"percent.germ",0.99,11.5
"tylkowski10","Hippophae_rhamnoides",14,"percent.germ",1,11.5
"tylkowski10","Hippophae_rhamnoides",28,"percent.germ",1,11.5
"tylkowski10","Hippophae_rhamnoides",42,"percent.germ",0.965,11.5
"tylkowski10","Hippophae_rhamnoides",56,"percent.germ",0.985,11.5
"tylkowski10","Hippophae_rhamnoides",70,"percent.germ",0.98,11.5
"tylkowski10","Hippophae_rhamnoides",168,"percent.germ",0.885,11.5
"tylkowski10","Hippophae_rhamnoides",0,"percent.germ",1,14
"tylkowski10","Hippophae_rhamnoides",14,"percent.germ",1,14
"tylkowski10","Hippophae_rhamnoides",28,"percent.germ",1,14
"tylkowski10","Hippophae_rhamnoides",42,"percent.germ",0.98,14
"tylkowski10","Hippophae_rhamnoides",56,"percent.germ",0.975,14
"tylkowski10","Hippophae_rhamnoides",70,"percent.germ",0.97,14
"tylkowski10","Hippophae_rhamnoides",168,"percent.germ",NA,14
"tylkowski10","Hippophae_rhamnoides",0,"percent.germ",1,25
"tylkowski10","Hippophae_rhamnoides",14,"percent.germ",1,25
"tylkowski10","Hippophae_rhamnoides",28,"percent.germ",1,25
"tylkowski10","Hippophae_rhamnoides",42,"percent.germ",0.99,25
"tylkowski10","Hippophae_rhamnoides",56,"percent.germ",0.96,25
"tylkowski10","Hippophae_rhamnoides",70,"percent.germ",0.975,25
"tylkowski10","Hippophae_rhamnoides",168,"percent.germ",NA,25
"tylkowski07","Rhamnus_cathartica",0,"percent.germ",0,9
"tylkowski07","Rhamnus_cathartica",0,"percent.germ",0,11.5
"tylkowski07","Rhamnus_cathartica",0,"percent.germ",0.85,14
"tylkowski07","Rhamnus_cathartica",0,"percent.germ",0.9,25
"wytsalucy21","Cleomella_serrulata",28,"percent.germ",0.121,4
"wytsalucy21","Cleomella_serrulata",28,"percent.germ",0.254,4
"wytsalucy21","Cleomella_serrulata",28,"percent.germ",0.061,7
"wytsalucy21","Cleomella_serrulata",28,"percent.germ",0.085,7
"wytsalucy21","Cleomella_serrulata",28,"percent.germ",0.043,10
"wytsalucy21","Cleomella_serrulata",28,"percent.germ",0.043,10
"wytsalucy21","Cleomella_serrulata",0,"percent.germ",0.037,20
"wytsalucy21","Cleomella_serrulata",0,"percent.germ",0.037,20
"wytsalucy21","Cleomella_serrulata",28,"percent.germ",0.664,4
"wytsalucy21","Cleomella_serrulata",28,"percent.germ",0.232,4
"wytsalucy21","Cleomella_serrulata",28,"percent.germ",0.465,7
"wytsalucy21","Cleomella_serrulata",28,"percent.germ",0.049,7
"wytsalucy21","Cleomella_serrulata",28,"percent.germ",0.178,10
"wytsalucy21","Cleomella_serrulata",28,"percent.germ",0.046,10
"wytsalucy21","Cleomella_serrulata",0,"percent.germ",0.037,20
"wytsalucy21","Cleomella_serrulata",0,"percent.germ",0.037,20
"yang18a","Maackia_taiwanensis",90,"percent.germ",0.04232,25
"yang18a","Maackia_taiwanensis",540,"percent.germ",0.57535,25
"yang18a","Maackia_taiwanensis",540,"percent.germ",0.77485,25
"yang18b","Lithocarpus_glaber",30,"percent.germ",0.76005,23.3333333333333
"yang18b","Lithocarpus_glaber",59,"percent.germ",0.7916,23.3333333333333
"yang18b","Lithocarpus_glaber",125,"percent.germ",0.76416,23.3333333333333
"yang18b","Lithocarpus_glaber",183,"percent.germ",0.64343,23.3333333333333
"yang18b","Lithocarpus_glaber",270,"percent.germ",0.73398,23.3333333333333
"yang18b","Lithocarpus_glaber",364,"percent.germ",0.65166,23.3333333333333
"yang18b","Lithocarpus_glaber",542,"percent.germ",0.46234,23.3333333333333
"yang18b","Lithocarpus_glaber",719,"percent.germ",0.48703,23.3333333333333
"yang18b","Lithocarpus_glaber",12,"percent.germ",0.6352,23.3333333333333
"yang18b","Lithocarpus_glaber",30,"percent.germ",0.49252,23.3333333333333
"yang18b","Lithocarpus_glaber",59,"percent.germ",0.68459,23.3333333333333
"yang18b","Lithocarpus_glaber",125,"percent.germ",0.72849,23.3333333333333
"yang18b","Lithocarpus_glaber",183,"percent.germ",0.56386,23.3333333333333
"yang18b","Lithocarpus_glaber",270,"percent.germ",0.71203,23.3333333333333
"yang18b","Lithocarpus_glaber",364,"percent.germ",0.55563,23.3333333333333
"yang18b","Lithocarpus_glaber",542,"percent.germ",0.32789,23.3333333333333
"yang18b","Lithocarpus_glaber",719,"percent.germ",0.34435,23.3333333333333
"yang18b","Lithocarpus_glaber",12,"percent.germ",0.62971,23.3333333333333
"yang18b","Lithocarpus_glaber",32,"percent.germ",0.72,23.3333333333333
"yang18b","Lithocarpus_glaber",62,"percent.germ",0.66945,23.3333333333333
"yang18b","Lithocarpus_glaber",75,"percent.germ",0.60288,23.3333333333333
"yang18b","Lithocarpus_glaber",117,"percent.germ",0.7163,23.3333333333333
"yang18b","Lithocarpus_glaber",178,"percent.germ",0.67932,23.3333333333333
"yang18b","Lithocarpus_glaber",261,"percent.germ",0.66452,23.3333333333333
"yang18b","Lithocarpus_glaber",357,"percent.germ",0.57575,23.3333333333333
"yang18b","Lithocarpus_glaber",537,"percent.germ",0.40808,23.3333333333333
"yang18b","Lithocarpus_glaber",713,"percent.germ",0.50425,23.3333333333333
"yang18b","Lithocarpus_glaber",1066,"percent.germ",0.16397,23.3333333333333
"yang18b","Lithocarpus_glaber",11,"percent.germ",0.58068,23.3333333333333
"yang18b","Lithocarpus_glaber",32,"percent.germ",0.67808,23.3333333333333
"yang18b","Lithocarpus_glaber",62,"percent.germ",0.60041,23.3333333333333
"yang18b","Lithocarpus_glaber",75,"percent.germ",0.67438,23.3333333333333
"yang18b","Lithocarpus_glaber",117,"percent.germ",0.65466,23.3333333333333
"yang18b","Lithocarpus_glaber",178,"percent.germ",0.54616,23.3333333333333
"yang18b","Lithocarpus_glaber",261,"percent.germ",0.56342,23.3333333333333
"yang18b","Lithocarpus_glaber",357,"percent.germ",0.48452,23.3333333333333
"yang18b","Lithocarpus_glaber",537,"percent.germ",0.43767,23.3333333333333
"yang18b","Lithocarpus_glaber",713,"percent.germ",0.40562,23.3333333333333
"yang18b","Lithocarpus_glaber",1066,"percent.germ",0.20589,23.3333333333333
"yang18b","Lithocarpus_glaber",11,"percent.germ",0.59055,23.3333333333333
"yang18c","Scaevola_taccada",23,"percent.germ",0.72508,23.3333333333333
"yang18c","Scaevola_taccada",47,"percent.germ",0.57194,23.3333333333333
"yang18c","Scaevola_taccada",70,"percent.germ",0.0203,23.3333333333333
"yang18c","Scaevola_taccada",94,"percent.germ",0,23.3333333333333
"yang18c","Scaevola_taccada",118,"percent.germ",0.00154,23.3333333333333
"yang18c","Scaevola_taccada",139,"percent.germ",0.00154,23.3333333333333
"yang18c","Scaevola_taccada",0,"percent.germ",0.71414,23.3333333333333
"yang18c","Scaevola_taccada",20,"percent.germ",0.67976,23.3333333333333
"yang18c","Scaevola_taccada",40,"percent.germ",0.62038,23.3333333333333
"yang18c","Scaevola_taccada",60,"percent.germ",0.5985,23.3333333333333
"yang18c","Scaevola_taccada",82,"percent.germ",0.47192,23.3333333333333
"yang18c","Scaevola_taccada",100,"percent.germ",0.38441,23.3333333333333
"yang18c","Scaevola_taccada",122,"percent.germ",0.18751,23.3333333333333
"yang18c","Scaevola_taccada",162,"percent.germ",0.00467,23.3333333333333
"yang18c","Scaevola_taccada",202,"percent.germ",0.00467,23.3333333333333
"yang18c","Scaevola_taccada",242,"percent.germ",0.00467,23.3333333333333
"yang18c","Scaevola_taccada",0,"percent.germ",0.76571,23.3333333333333
"yang10","Scolopia_oldhamii",32,"percent.germ",0.50847,23.3333333333333
"yang10","Scolopia_oldhamii",60,"percent.germ",0.50678,23.3333333333333
"yang10","Scolopia_oldhamii",89,"percent.germ",0.43898,23.3333333333333
"yang10","Scolopia_oldhamii",179,"percent.germ",0.44915,23.3333333333333
"yang10","Scolopia_oldhamii",267,"percent.germ",0.2661,23.3333333333333
"yang10","Scolopia_oldhamii",357,"percent.germ",0.00508,23.3333333333333
"yang10","Scolopia_oldhamii",534,"percent.germ",0.01186,23.3333333333333
"yang10","Scolopia_oldhamii",3,"percent.germ",0.56101,23.3333333333333
"yang10","Scolopia_oldhamii",26,"percent.germ",0.91864,23.3333333333333
"yang10","Scolopia_oldhamii",62,"percent.germ",0.92033,23.3333333333333
"yang10","Scolopia_oldhamii",88,"percent.germ",0.81243,23.3333333333333
"yang10","Scolopia_oldhamii",116,"percent.germ",0.82595,23.3333333333333
"yang10","Scolopia_oldhamii",151,"percent.germ",0.81243,23.3333333333333
"yang10","Scolopia_oldhamii",179,"percent.germ",0.85637,23.3333333333333
"yang10","Scolopia_oldhamii",238,"percent.germ",0.6637,23.3333333333333
"yang10","Scolopia_oldhamii",301,"percent.germ",0.30711,23.3333333333333
"yang10","Scolopia_oldhamii",361,"percent.germ",0.04854,23.3333333333333
"yang10","Scolopia_oldhamii",450,"percent.germ",0.82541,23.3333333333333
"yang10","Scolopia_oldhamii",539,"percent.germ",0.00967,23.3333333333333
"yang10","Scolopia_oldhamii",6,"percent.germ",0.99495,23.3333333333333
"yang10","Scolopia_oldhamii",270,"percent.germ",0.46832,23.3333333333333
"yang10","Scolopia_oldhamii",0,"percent.germ",0.5012,23.3333333333333
"yang10","Scolopia_oldhamii",0,"percent.germ",0.48805,23.3333333333333
"yang10","Scolopia_oldhamii",0,"percent.germ",0.51961,23.3333333333333
"yang10","Scolopia_oldhamii",0,"percent.germ",0.02513,23.3333333333333
"yang10","Scolopia_oldhamii",0,"percent.germ",0.44334,23.3333333333333
"yang10","Scolopia_oldhamii",0,"percent.germ",0.46964,23.3333333333333
"yang10","Scolopia_oldhamii",0,"percent.germ",0.00146,23.3333333333333
"yang10","Scolopia_oldhamii",0,"percent.germ",0.54065,23.3333333333333
"yang10","Scolopia_oldhamii",90,"percent.germ",0.46569,23.3333333333333
"yang10","Scolopia_oldhamii",180,"percent.germ",0.47227,23.3333333333333
"yang10","Scolopia_oldhamii",360,"percent.germ",0.48147,23.3333333333333
"yang10","Scolopia_oldhamii",540,"percent.germ",0.52487,23.3333333333333
"yang10","Scolopia_oldhamii",720,"percent.germ",0.45912,23.3333333333333
"yang10","Scolopia_oldhamii",0,"percent.germ",0.5012,23.3333333333333
"yang10","Scolopia_oldhamii",0,"percent.germ",0.50909,23.3333333333333
"yang10","Scolopia_oldhamii",0,"percent.germ",0.4578,23.3333333333333
"yang10","Scolopia_oldhamii",0,"percent.germ",0.49068,23.3333333333333
"yang10","Scolopia_oldhamii",0,"percent.germ",0.07511,23.3333333333333
"yang10","Scolopia_oldhamii",0,"percent.germ",0.00146,23.3333333333333
"yang10","Scolopia_oldhamii",0,"percent.germ",0.00278,23.3333333333333
"yang10","Scolopia_oldhamii",0,"percent.germ",1,23.3333333333333
"yang10","Scolopia_oldhamii",0,"percent.germ",0.9782,23.3333333333333
"yang10","Scolopia_oldhamii",0,"percent.germ",0,23.3333333333333
"yang10","Scolopia_oldhamii",0,"percent.germ",1,23.3333333333333
"yang10","Scolopia_oldhamii",0,"percent.germ",1,23.3333333333333
"yang10","Scolopia_oldhamii",0,"percent.germ",0.99348,23.3333333333333
"yang10","Scolopia_oldhamii",0,"percent.germ",1,23.3333333333333
"yang10","Scolopia_oldhamii",0,"percent.germ",0.97311,23.3333333333333
"yang10","Scolopia_oldhamii",0,"percent.germ",0.97056,23.3333333333333
"yang10","Scolopia_oldhamii",90,"percent.germ",0.9782,23.3333333333333
"yang10","Scolopia_oldhamii",180,"percent.germ",0.93746,23.3333333333333
"yang10","Scolopia_oldhamii",270,"percent.germ",0.96802,23.3333333333333
"yang10","Scolopia_oldhamii",360,"percent.germ",0.95274,23.3333333333333
"yang10","Scolopia_oldhamii",540,"percent.germ",0.94764,23.3333333333333
"yang10","Scolopia_oldhamii",720,"percent.germ",0.93746,23.3333333333333
"yang10","Scolopia_oldhamii",0,"percent.germ",0.97565,23.3333333333333
"yang10","Scolopia_oldhamii",0,"percent.germ",1,23.3333333333333
"yang10","Scolopia_oldhamii",0,"percent.germ",0.95274,23.3333333333333
"yang10","Scolopia_oldhamii",0,"percent.germ",0.01055,23.3333333333333
"yang10","Scolopia_oldhamii",0,"percent.germ",0.96038,23.3333333333333
"yang10","Scolopia_oldhamii",0,"percent.germ",0.01564,23.3333333333333
"yang10","Scolopia_oldhamii",0,"percent.germ",0.90181,23.3333333333333
"yang10","Scolopia_oldhamii",0,"percent.germ",0.23973,23.3333333333333
"yin09","Ottelia_alismoides",0,"percent.germ",0,25
"yin09","Ottelia_alismoides",30,"percent.germ",0,25
"yin09","Ottelia_alismoides",60,"percent.germ",0,25
"yin09","Ottelia_alismoides",90,"percent.germ",0.17,25
"yin09","Ottelia_alismoides",150,"percent.germ",0.06,25
"yuan21","Pulsatilla_cernua",14,"percent.germ",0.21,20
"yusefi-tanha19","Vicia_villosa",14,"percent.germ",0.93469,3
"yusefi-tanha19","Vicia_villosa",14,"percent.germ",0.94457,6
"yusefi-tanha19","Vicia_villosa",14,"percent.germ",0.9447,9
"yusefi-tanha19","Vicia_villosa",0,"percent.germ",0.98581,12
"yusefi-tanha19","Vicia_villosa",0,"percent.germ",0.96928,15
"zadeh15","Echinacea_purpurea",0,"percent.germ",0.1917,20
"zadeh15","Echinacea_purpurea",5,"percent.germ",0.2822,20
"zadeh15","Echinacea_purpurea",10,"percent.germ",0.2922,20
"zadeh15","Echinacea_purpurea",15,"percent.germ",0.2022,20
"zadeh15","Echinacea_purpurea",10,"percent.germ",0.60226,20
"zare11","Ferula_assa-foetida",30,"percent.germ",0.4975,23
"zare11","Ferula_assa-foetida",60,"percent.germ",0.68,23
"zare11","Ferula_assa-foetida",7,"percent.germ",0.2375,23
"zare11","Ferula_assa-foetida",14,"percent.germ",0.3425,23
"marcello15","Jatropha_curcas",0,"percent.germ",0.6282,28
"esmaeili09","Carex_divisa",0,"percent.germ",0,15
"esmaeili09","Carex_divisa",0,"percent.germ",0,15
"esmaeili09","Carex_divisa",61,"percent.germ",0,15
"esmaeili09","Carex_divisa",0,"percent.germ",0,15
"esmaeili09","Carex_divisa",152,"percent.germ",0.2399,15
"esmaeili09","Carex_divisa",0,"percent.germ",0.1394,15
"esmaeili09","Carex_divisa",244,"percent.germ",0.4441,15
"esmaeili09","Carex_divisa",0,"percent.germ",0.1602,15
"esmaeili09","Carex_divisa",335,"percent.germ",0.4218,15
"esmaeili09","Carex_divisa",0,"percent.germ",0.1011,15
"esmaeili09","Carex_divisa",365,"percent.germ",0.5527,20
"esmaeili09","Carex_divisa",365,"percent.germ",0.5371,15
"esmaeili09","Carex_divisa",365,"percent.germ",0.1066,10
"esmaeili09","Carex_divisa",365,"percent.germ",0,5
"esmaeili09","Carex_divisa",365,"percent.germ",0.5018,15
"etemadi10","Kelussia_odoratissima",0,"percent.germ",0,10
"etemadi10","Kelussia_odoratissima",15,"percent.germ",0.317,10
"etemadi10","Kelussia_odoratissima",30,"percent.germ",0.367,10
"etemadi10","Kelussia_odoratissima",45,"percent.germ",0.93,10
"mamut20","Leontice_incerta",28,"percent.germ",0.1605,5
"mamut20","Leontice_incerta",56,"percent.germ",0.5886,5
"mamut20","Leontice_incerta",0,"percent.germ",0.7325,5
"mamut20","Leontice_incerta",28,"percent.germ",0.2306,15
"mamut20","Leontice_incerta",56,"percent.germ",0.5923,15
"mamut20","Leontice_incerta",0,"percent.germ",0.8137,15
"mamut20","Leontice_incerta",28,"percent.germ",0.2602,20
"mamut20","Leontice_incerta",56,"percent.germ",0.5701,20
"mamut20","Leontice_incerta",0,"percent.germ",0.7915,20
"mamut20","Leontice_incerta",28,"percent.germ",0.2971,25
"mamut20","Leontice_incerta",56,"percent.germ",0.7509,25
"mamut20","Leontice_incerta",0,"percent.germ",0.8911,25
"mamut20","Leontice_incerta",28,"percent.germ",0.1273,30
"mamut20","Leontice_incerta",56,"percent.germ",0.6697,30
"mamut20","Leontice_incerta",0,"percent.germ",0.703,30
"watanabe02","Nicandra_physalodes",0,"percent.germ",0,25
"watanabe02","Nicandra_physalodes",0,"percent.germ",0.1,20
"watanabe02","Nicandra_physalodes",30,"percent.germ",0,25
"watanabe02","Nicandra_physalodes",30,"percent.germ",0.039,20
"watanabe02","Nicandra_physalodes",61,"percent.germ",0,25
"watanabe02","Nicandra_physalodes",61,"percent.germ",0.072,20
"watanabe02","Nicandra_physalodes",275,"percent.germ",0,25
"watanabe02","Nicandra_physalodes",275,"percent.germ",0,20
"scocco98","Amsonia_tabernaemontana",3,"percent.germ",0.98,27
"zhou03","Paris_polyphylla",0,"percent.germ",0,22
"zhou03","Paris_polyphylla",112,"percent.germ",0,22
"zhou03","Paris_polyphylla",56,"percent.germ",0,22
"zhou03","Paris_polyphylla",0,"percent.germ",0.05208,22
"zhou03","Paris_polyphylla",0,"percent.germ",0.41728,22
"zhou03","Paris_polyphylla",0,"percent.germ",0.43689,22
"yang16b","Vaccinium_arboreum",60,"percent.germ",0.008,21
"zlesak07","Heliopsis_helianthoides",7,"percent.germ",0.795,25
"zlesak07","Heliopsis_helianthoides",0,"percent.germ",0.57,25
"zlesak07","Heliopsis_helianthoides",0,"percent.germ",0.568,25
"zlesak07","Heliopsis_helianthoides",7,"percent.germ",0.655,25
"harrison14","Eucalyptus_ovata",21,"percent.germ",0.00486,20
"harrison14","Eucalyptus_ovata",21,"percent.germ",0.00825,20
"harrison14","Eucalyptus_ovata",21,"percent.germ",0.00899,20
"harrison14","Eucalyptus_ovata",21,"percent.germ",0.00879,20
"harrison14","Eucalyptus_ovata",21,"percent.germ",0.00879,20
"harrison14","Eucalyptus_ovata",21,"percent.germ",0.00874,20
"harrison14","Eucalyptus_ovata",21,"percent.germ",0.0074,20
"harrison14","Eucalyptus_ovata",21,"percent.germ",0.00865,20
"harrison14","Eucalyptus_ovata",21,"percent.germ",0.00361,20
"harrison14","Eucalyptus_ovata",21,"percent.germ",0.00496,20
"battaglia93","Eucalyptus_delegatensis",14,"percent.germ",0.2,7.5
"battaglia93","Eucalyptus_delegatensis",14,"percent.germ",0.3,12.5
"battaglia93","Eucalyptus_delegatensis",14,"percent.germ",0.88,15
"battaglia93","Eucalyptus_delegatensis",14,"percent.germ",0.8,17.5
"battaglia93","Eucalyptus_delegatensis",14,"percent.germ",0.77,20
"battaglia93","Eucalyptus_delegatensis",14,"percent.germ",0.5,22.5
"battaglia93","Eucalyptus_delegatensis",14,"percent.germ",0.21,25
"battaglia93","Eucalyptus_delegatensis",28,"percent.germ",0.33,7.5
"battaglia93","Eucalyptus_delegatensis",28,"percent.germ",0.45,12.5
"battaglia93","Eucalyptus_delegatensis",28,"percent.germ",0.85,15
"battaglia93","Eucalyptus_delegatensis",28,"percent.germ",0.85,17.5
"battaglia93","Eucalyptus_delegatensis",28,"percent.germ",0.9,20
"battaglia93","Eucalyptus_delegatensis",28,"percent.germ",0.76,22.5
"battaglia93","Eucalyptus_delegatensis",28,"percent.germ",0.57,25
"battaglia93","Eucalyptus_delegatensis",56,"percent.germ",0.66,7.5
"battaglia93","Eucalyptus_delegatensis",56,"percent.germ",0.68,12.5
"battaglia93","Eucalyptus_delegatensis",56,"percent.germ",0.87,15
"battaglia93","Eucalyptus_delegatensis",56,"percent.germ",0.97,17.5
"battaglia93","Eucalyptus_delegatensis",56,"percent.germ",1,20
"battaglia93","Eucalyptus_delegatensis",56,"percent.germ",0.83,22.5
"battaglia93","Eucalyptus_delegatensis",56,"percent.germ",0.94,25
"battaglia93","Eucalyptus_delegatensis",7,"percent.germ",0.2,12.5
"battaglia93","Eucalyptus_delegatensis",7,"percent.germ",0.77,15
"battaglia93","Eucalyptus_delegatensis",7,"percent.germ",0.62,20
"battaglia93","Eucalyptus_delegatensis",7,"percent.germ",0.18,25
"forbes09","Betula_glandulosa",21,"percent.germ",0.39,25
"forbes09","Betula_glandulosa",21,"percent.germ",0.35,25
"forbes09","Betula_glandulosa",21,"percent.germ",0.67,25
"forbes09","Betula_glandulosa",21,"percent.germ",0.7,25
"forbes09","Betula_glandulosa",21,"percent.germ",0.76,25
"forbes09","Betula_glandulosa",21,"percent.germ",0.87,25
"forbes09","Betula_glandulosa",21,"percent.germ",0.88,25
"gimenez-benavides13","Saxifraga_trifurcata",76,"percent.germ",0.6734,8.33333333333333
"gimenez-benavides13","Saxifraga_trifurcata",76,"percent.germ",0.8769,11.6666666666667
"gimenez-benavides13","Saxifraga_trifurcata",76,"percent.germ",0.5829,16.6666666666667
"gimenez-benavides13","Saxifraga_trifurcata",76,"percent.germ",0.8618,8.33333333333333
"gimenez-benavides13","Saxifraga_trifurcata",76,"percent.germ",0.907,11.6666666666667
"gimenez-benavides13","Saxifraga_trifurcata",76,"percent.germ",0.4196,16.6666666666667
"gimenez-benavides13","Saxifraga_trifurcata",76,"percent.germ",0.8844,8.33333333333333
"gimenez-benavides13","Saxifraga_trifurcata",76,"percent.germ",0.9824,11.6666666666667
"gimenez-benavides13","Saxifraga_canaliculata",76,"percent.germ",0.7462,16.6666666666667
"gimenez-benavides13","Saxifraga_canaliculata",76,"percent.germ",0.9171,8.33333333333333
"gimenez-benavides13","Saxifraga_canaliculata",76,"percent.germ",0.9171,11.6666666666667
"gimenez-benavides13","Saxifraga_canaliculata",76,"percent.germ",0.9121,8.33333333333333
"gimenez-benavides13","Saxifraga_canaliculata",76,"percent.germ",0.8719,11.6666666666667
"gimenez-benavides13","Saxifraga_canaliculata",76,"percent.germ",0.9422,16.6666666666667
"gimenez-benavides13","Saxifraga_canaliculata",76,"percent.germ",0.9874,8.33333333333333
"gimenez-benavides13","Saxifraga_canaliculata",76,"percent.germ",0.9673,11.6666666666667
"gimenez-benavides13","Saxifraga_canaliculata",76,"percent.germ",0.9673,16.6666666666667
"goggans74","Hesperocyparis_arizonica",0,"percent.germ",0.76,24.2333333333333
"goggans74","Hesperocyparis_arizonica",0,"percent.germ",0.87,24.2333333333333
"goggans74","Hesperocyparis_arizonica",0,"percent.germ",0.81,24.2333333333333
"goggans74","Hesperocyparis_arizonica",0,"percent.germ",0.92,24.2333333333333
"ren04","Calligonum_junceum",25,"percent.germ",0.5938,19.5833333333333
"ren04","Calligonum_leucocladum",25,"percent.germ",0.2386,19.5833333333333
"ren04","Calligonum_rubicundum",25,"percent.germ",0.4929,19.5833333333333
"ren04","Calligonum_densum",25,"percent.germ",0.5465,19.5833333333333
"ren04","Calligonum_mongolicum",25,"percent.germ",0.268,19.5833333333333
"ren04","Calligonum_chinense",25,"percent.germ",0.4667,19.5833333333333
"ren04","Calligonum_caput-medusae",25,"percent.germ",0.4541,19.5833333333333
"ren04","Calligonum_arborescens",25,"percent.germ",0.4089,19.5833333333333
"rezvani14","Capsella_bursa-pastoris",0,"percent.germ",0.1596,20
"rezvani14","Capsella_bursa-pastoris",0,"percent.germ",0.1584,20
"rezvani14","Capsella_bursa-pastoris",15,"percent.germ",0.2249,20
"rezvani14","Capsella_bursa-pastoris",15,"percent.germ",0.1468,20
"rezvani14","Capsella_bursa-pastoris",30,"percent.germ",0.3588,20
"rezvani14","Capsella_bursa-pastoris",30,"percent.germ",0.1118,20
"rezvani14","Capsella_bursa-pastoris",45,"percent.germ",0.4847,20
"rezvani14","Capsella_bursa-pastoris",45,"percent.germ",0.1538,20
"walck12","Berchemia_scandens",84,"percent.germ",0.35,11.25
"walck12","Berchemia_scandens",84,"percent.germ",0.74,15.8333333333333
"walck12","Berchemia_scandens",84,"percent.germ",0.67,20.8333333333333
"walck12","Berchemia_scandens",84,"percent.germ",0.67,23.75
"walck12","Berchemia_scandens",84,"percent.germ",0.49,28.75
"kolodziejek15","Juncus_ranarius",168,"percent.germ",0.07,5
"kolodziejek15","Juncus_ranarius",168,"percent.germ",0.33,10
"kolodziejek15","Juncus_ranarius",168,"percent.germ",0.85,22
"kolodziejek18","Dianthus_arenarius",120,"percent.germ",0.51,10
"kolodziejek18","Dianthus_arenarius",120,"percent.germ",0.67,15
"kolodziejek18","Dianthus_arenarius",120,"percent.germ",0.85,20
"kolodziejek18","Dianthus_arenarius",120,"percent.germ",0.45,10
"kolodziejek18","Dianthus_arenarius",120,"percent.germ",0.55,15
"kolodziejek18","Dianthus_arenarius",120,"percent.germ",0.73,20
"kolodziejek18","Dianthus_carthusianorum",120,"percent.germ",0.49,10
"kolodziejek18","Dianthus_carthusianorum",120,"percent.germ",0.64,15
"kolodziejek18","Dianthus_carthusianorum",120,"percent.germ",0.96,20
"kolodziejek18","Dianthus_carthusianorum",120,"percent.germ",0.25,10
"kolodziejek18","Dianthus_carthusianorum",120,"percent.germ",0.65,15
"kolodziejek18","Dianthus_carthusianorum",120,"percent.germ",0.89,20
"kolodziejek18","Dianthus_deltoides",120,"percent.germ",0.34,10
"kolodziejek18","Dianthus_deltoides",120,"percent.germ",0.58,15
"kolodziejek18","Dianthus_deltoides",120,"percent.germ",0.93,20
"kolodziejek18","Dianthus_deltoides",120,"percent.germ",0.34,10
"kolodziejek18","Dianthus_deltoides",120,"percent.germ",0.49,15
"kolodziejek18","Dianthus_deltoides",120,"percent.germ",0.92,20
"kolodziejek18","Dianthus_gratianopolitanus",120,"percent.germ",0.38,10
"kolodziejek18","Dianthus_gratianopolitanus",120,"percent.germ",0.6,15
"kolodziejek18","Dianthus_gratianopolitanus",120,"percent.germ",0.97,20
"kolodziejek18","Dianthus_gratianopolitanus",120,"percent.germ",0.06,10
"kolodziejek18","Dianthus_gratianopolitanus",120,"percent.germ",0.55,15
"kolodziejek18","Dianthus_gratianopolitanus",120,"percent.germ",0.87,20
"kolodziejek19","Potentilla_argentea",112,"percent.germ",0.67,10.8333333333333
"kolodziejek19","Potentilla_argentea",112,"percent.germ",0.85,15.8333333333333
"kolodziejek19","Potentilla_argentea",112,"percent.germ",0.95,20.8333333333333
"kolodziejek19","Potentilla_aurea",112,"percent.germ",0.61,10.8333333333333
"kolodziejek19","Potentilla_aurea",112,"percent.germ",0.8,15.8333333333333
"kolodziejek19","Potentilla_aurea",112,"percent.germ",0.91,20.8333333333333
"kolodziejek19","Potentilla_incana",112,"percent.germ",0.55,10.8333333333333
"kolodziejek19","Potentilla_incana",112,"percent.germ",0.78,15.8333333333333
"kolodziejek19","Potentilla_incana",112,"percent.germ",0.92,20.8333333333333
"kolodziejek19","Potentilla_inclinata",112,"percent.germ",0.52,10.8333333333333
"kolodziejek19","Potentilla_inclinata",112,"percent.germ",0.81,15.8333333333333
"kolodziejek19","Potentilla_inclinata",112,"percent.germ",0.93,20.8333333333333
"kolodziejek19","Potentilla_reptans",112,"percent.germ",0.45,10.8333333333333
"kolodziejek19","Potentilla_reptans",112,"percent.germ",0.76,15.8333333333333
"kolodziejek19","Potentilla_reptans",112,"percent.germ",0.93,20.8333333333333
"kulkarni06","Eucomis_autumnalis",15,"percent.germ",0.6,25
"kulkarni06","Eucomis_autumnalis",30,"percent.germ",0.75,25
"kulkarni06","Eucomis_autumnalis",45,"percent.germ",0.89,25
"ahmad07","Primula_meadia",0,"percent.germ",0,16.6666666666667
"ahmad07","Primula_meadia",30,"percent.germ",0.9333,16.6666666666667
"ahmad07","Primula_meadia",60,"percent.germ",0.9667,16.6666666666667
"ahmad07","Primula_meadia",90,"percent.germ",0.8167,16.6666666666667
"ahmad07","Primula_meadia",120,"percent.germ",0.7667,16.6666666666667
"ahmad07","Primula_meadia",150,"percent.germ",0.1667,16.6666666666667
"ahmad07","Phlox_divaricata",0,"percent.germ",0,16.6666666666667
"ahmad07","Phlox_divaricata",30,"percent.germ",0.1,16.6666666666667
"ahmad07","Phlox_divaricata",60,"percent.germ",0.35,16.6666666666667
"ahmad07","Phlox_divaricata",90,"percent.germ",0.5667,16.6666666666667
"ahmad07","Phlox_divaricata",120,"percent.germ",0.0833,16.6666666666667
"ahmad07","Phlox_divaricata",150,"percent.germ",0,16.6666666666667
"ahmad07","Polemonium_reptans",0,"percent.germ",0.55,16.6666666666667
"ahmad07","Polemonium_reptans",30,"percent.germ",0.1667,16.6666666666667
"ahmad07","Polemonium_reptans",60,"percent.germ",0.1833,16.6666666666667
"ahmad07","Polemonium_reptans",90,"percent.germ",0.1176,16.6666666666667
"ahmad07","Polemonium_reptans",120,"percent.germ",0.1,16.6666666666667
"ahmad07","Polemonium_reptans",150,"percent.germ",0.0333,16.6666666666667
"ahmad07","Primula_elatior",0,"percent.germ",0,16.6666666666667
"ahmad07","Primula_elatior",30,"percent.germ",0,16.6666666666667
"ahmad07","Primula_elatior",60,"percent.germ",0,16.6666666666667
"ahmad07","Primula_elatior",90,"percent.germ",0,16.6666666666667
"ahmad07","Primula_elatior",120,"percent.germ",0,16.6666666666667
"ahmad07","Primula_elatior",150,"percent.germ",0.0167,16.6666666666667
"ahmad07","Primula_veris",0,"percent.germ",0.0167,16.6666666666667
"ahmad07","Primula_veris",30,"percent.germ",0.4833,16.6666666666667
"ahmad07","Primula_veris",60,"percent.germ",0.6167,16.6666666666667
"ahmad07","Primula_veris",90,"percent.germ",0.3333,16.6666666666667
"ahmad07","Primula_veris",120,"percent.germ",0.1833,16.6666666666667
"ahmad07","Primula_veris",150,"percent.germ",0.1333,16.6666666666667
"ahmad07","Primula_vulgaris",0,"percent.germ",0.3333,16.6666666666667
"ahmad07","Primula_vulgaris",30,"percent.germ",0.7,16.6666666666667
"ahmad07","Primula_vulgaris",60,"percent.germ",0.8167,16.6666666666667
"ahmad07","Primula_vulgaris",90,"percent.germ",0.25,16.6666666666667
"ahmad07","Primula_vulgaris",120,"percent.germ",0.0167,16.6666666666667
"ahmad07","Primula_vulgaris",150,"percent.germ",0.05,16.6666666666667
"ahmad07","Phlox_pilosa",0,"percent.germ",0.0333,16.6666666666667
"ahmad07","Phlox_pilosa",30,"percent.germ",0,16.6666666666667
"ahmad07","Phlox_pilosa",60,"percent.germ",0.3667,16.6666666666667
"ahmad07","Phlox_pilosa",90,"percent.germ",0.1667,16.6666666666667
"ahmad07","Phlox_pilosa",120,"percent.germ",0.1333,16.6666666666667
"ahmad07","Phlox_pilosa",150,"percent.germ",0.0667,16.6666666666667
"ahmad07","Zizia_aptera",0,"percent.germ",0.05,16.6666666666667
"ahmad07","Zizia_aptera",30,"percent.germ",0.2833,16.6666666666667
"ahmad07","Zizia_aptera",60,"percent.germ",0.3,16.6666666666667
"ahmad07","Zizia_aptera",90,"percent.germ",0.4167,16.6666666666667
"ahmad07","Zizia_aptera",120,"percent.germ",0.1167,16.6666666666667
"ahmad07","Zizia_aptera",150,"percent.germ",0.0667,16.6666666666667
"ahmad07","Symphyotrichum_oolentangiense",0,"percent.germ",0.1833,16.6666666666667
"ahmad07","Symphyotrichum_oolentangiense",30,"percent.germ",0.1667,16.6666666666667
"ahmad07","Symphyotrichum_oolentangiense",60,"percent.germ",0.2,16.6666666666667
"ahmad07","Symphyotrichum_oolentangiense",90,"percent.germ",0.2,16.6666666666667
"ahmad07","Symphyotrichum_oolentangiense",120,"percent.germ",0.1167,16.6666666666667
"ahmad07","Symphyotrichum_oolentangiense",150,"percent.germ",0.05,16.6666666666667
"ahmad07","Aster_laevis",0,"percent.germ",0,16.6666666666667
"ahmad07","Aster_laevis",30,"percent.germ",0,16.6666666666667
"ahmad07","Aster_laevis",60,"percent.germ",0.05,16.6666666666667
"ahmad07","Aster_laevis",90,"percent.germ",0,16.6666666666667
"ahmad07","Aster_laevis",120,"percent.germ",0.0167,16.6666666666667
"ahmad07","Aster_laevis",150,"percent.germ",0,16.6666666666667
"ahmad07","Symphyotrichum_novae-angliae",0,"percent.germ",0.5667,16.6666666666667
"ahmad07","Symphyotrichum_novae-angliae",30,"percent.germ",0.5167,16.6666666666667
"ahmad07","Symphyotrichum_novae-angliae",60,"percent.germ",0.7833,16.6666666666667
"ahmad07","Symphyotrichum_novae-angliae",90,"percent.germ",0.6,16.6666666666667
"ahmad07","Symphyotrichum_novae-angliae",120,"percent.germ",0.5833,16.6666666666667
"ahmad07","Symphyotrichum_novae-angliae",150,"percent.germ",0.4333,16.6666666666667
"ahmad07","Eupatorium_maculatum",0,"percent.germ",0.0167,16.6666666666667
"ahmad07","Eupatorium_maculatum",30,"percent.germ",0.1833,16.6666666666667
"ahmad07","Eupatorium_maculatum",60,"percent.germ",0.3,16.6666666666667
"ahmad07","Eupatorium_maculatum",90,"percent.germ",0.3333,16.6666666666667
"ahmad07","Eupatorium_maculatum",120,"percent.germ",0.45,16.6666666666667
"ahmad07","Eupatorium_maculatum",150,"percent.germ",0.4333,16.6666666666667
"ahmad07","Helianthus_mollis",0,"percent.germ",0.1833,16.6666666666667
"ahmad07","Helianthus_mollis",30,"percent.germ",0.1833,16.6666666666667
"ahmad07","Helianthus_mollis",60,"percent.germ",0.35,16.6666666666667
"ahmad07","Helianthus_mollis",90,"percent.germ",0.1833,16.6666666666667
"ahmad07","Helianthus_mollis",120,"percent.germ",0.2667,16.6666666666667
"ahmad07","Helianthus_mollis",150,"percent.germ",0.2667,16.6666666666667
"ahmad07","Phlox_maculata",0,"percent.germ",0,16.6666666666667
"ahmad07","Phlox_maculata",30,"percent.germ",0.0833,16.6666666666667
"ahmad07","Phlox_maculata",60,"percent.germ",0.0833,16.6666666666667
"ahmad07","Phlox_maculata",90,"percent.germ",0.0833,16.6666666666667
"ahmad07","Phlox_maculata",120,"percent.germ",0.0833,16.6666666666667
"ahmad07","Phlox_maculata",150,"percent.germ",0.1,16.6666666666667
"ahmad07","Silphium_integrifolium",0,"percent.germ",0.0167,16.6666666666667
"ahmad07","Silphium_integrifolium",30,"percent.germ",0.1333,16.6666666666667
"ahmad07","Silphium_integrifolium",60,"percent.germ",0.15,16.6666666666667
"ahmad07","Silphium_integrifolium",90,"percent.germ",0.1167,16.6666666666667
"ahmad07","Silphium_integrifolium",120,"percent.germ",0.05,16.6666666666667
"ahmad07","Silphium_integrifolium",150,"percent.germ",0.1,16.6666666666667
"ahmad07","Solidago_speciosa",0,"percent.germ",0.3833,16.6666666666667
"ahmad07","Solidago_speciosa",30,"percent.germ",0.4833,16.6666666666667
"ahmad07","Solidago_speciosa",60,"percent.germ",0.4167,16.6666666666667
"ahmad07","Solidago_speciosa",90,"percent.germ",0.4167,16.6666666666667
"ahmad07","Solidago_speciosa",120,"percent.germ",0.1,16.6666666666667
"ahmad07","Solidago_speciosa",150,"percent.germ",0.0667,16.6666666666667
"ahmad07","Tradescantia_ohiensis",0,"percent.germ",0.1,16.6666666666667
"ahmad07","Tradescantia_ohiensis",30,"percent.germ",0.5,16.6666666666667
"ahmad07","Tradescantia_ohiensis",60,"percent.germ",0.7167,16.6666666666667
"ahmad07","Tradescantia_ohiensis",90,"percent.germ",0.7167,16.6666666666667
"ahmad07","Tradescantia_ohiensis",120,"percent.germ",0.6,16.6666666666667
"ahmad07","Tradescantia_ohiensis",150,"percent.germ",0.7333,16.6666666666667
"ahmad07","Veronicastrum_virginicum",0,"percent.germ",0.4833,16.6666666666667
"ahmad07","Veronicastrum_virginicum",30,"percent.germ",0.6167,16.6666666666667
"ahmad07","Veronicastrum_virginicum",60,"percent.germ",0.7333,16.6666666666667
"ahmad07","Veronicastrum_virginicum",90,"percent.germ",0.55,16.6666666666667
"ahmad07","Veronicastrum_virginicum",120,"percent.germ",0.4167,16.6666666666667
"ahmad07","Veronicastrum_virginicum",150,"percent.germ",0.3,16.6666666666667
"budisavljevic21","Degenia_velebitica",0,"percent.germ",0.182,23
"budisavljevic21","Degenia_velebitica",28,"percent.germ",0.31521,23
"budisavljevic21","Degenia_velebitica",56,"percent.germ",0.38654,23
"budisavljevic21","Degenia_velebitica",84,"percent.germ",0.546,23
"budisavljevic21","Degenia_velebitica",112,"percent.germ",0.43269,23
"budisavljevic21","Degenia_velebitica",0,"percent.germ",0,12
"budisavljevic21","Degenia_velebitica",28,"percent.germ",0.02098,12
"budisavljevic21","Degenia_velebitica",56,"percent.germ",0.21591,12
"budisavljevic21","Degenia_velebitica",84,"percent.germ",0.41171,12
"budisavljevic21","Degenia_velebitica",112,"percent.germ",0.506,12
"budisavljevic21","Degenia_velebitica",0,"percent.germ",0,5
"budisavljevic21","Degenia_velebitica",28,"percent.germ",0,5
"budisavljevic21","Degenia_velebitica",56,"percent.germ",0,5
"budisavljevic21","Degenia_velebitica",84,"percent.germ",0,5
"budisavljevic21","Degenia_velebitica",112,"percent.germ",0,5
"budisavljevic21","Scilla_litardierei",0,"percent.germ",0,23
"budisavljevic21","Scilla_litardierei",28,"percent.germ",0.61511,23
"budisavljevic21","Scilla_litardierei",56,"percent.germ",0.9874,23
"budisavljevic21","Scilla_litardierei",84,"percent.germ",0.98975,23
"budisavljevic21","Scilla_litardierei",112,"percent.germ",0.98975,23
"budisavljevic21","Scilla_litardierei",0,"percent.germ",0,15.5
"budisavljevic21","Scilla_litardierei",28,"percent.germ",0,15.5
"budisavljevic21","Scilla_litardierei",56,"percent.germ",0.81547,15.5
"budisavljevic21","Scilla_litardierei",84,"percent.germ",0.93585,15.5
"budisavljevic21","Scilla_litardierei",112,"percent.germ",0.96397,15.5
"budisavljevic21","Scilla_litardierei",0,"percent.germ",0,5
"budisavljevic21","Scilla_litardierei",28,"percent.germ",0,5
"budisavljevic21","Scilla_litardierei",56,"percent.germ",0,5
"budisavljevic21","Scilla_litardierei",84,"percent.germ",0,5
"budisavljevic21","Scilla_litardierei",112,"percent.germ",0,5
"budisavljevic21","Klasea_lycopifolia",0,"percent.germ",0.2752,23
"budisavljevic21","Klasea_lycopifolia",28,"percent.germ",0.45938,23
"budisavljevic21","Klasea_lycopifolia",56,"percent.germ",0.58733,23
"budisavljevic21","Klasea_lycopifolia",84,"percent.germ",0.62685,23
"budisavljevic21","Klasea_lycopifolia",112,"percent.germ",0.52335,23
"budisavljevic21","Klasea_lycopifolia",0,"percent.germ",0,12
"budisavljevic21","Klasea_lycopifolia",28,"percent.germ",0,12
"budisavljevic21","Klasea_lycopifolia",56,"percent.germ",0,12
"budisavljevic21","Klasea_lycopifolia",84,"percent.germ",0,12
"budisavljevic21","Klasea_lycopifolia",112,"percent.germ",0,12
"budisavljevic21","Klasea_lycopifolia",0,"percent.germ",0,5
"budisavljevic21","Klasea_lycopifolia",28,"percent.germ",0,5
"budisavljevic21","Klasea_lycopifolia",56,"percent.germ",0,5
"budisavljevic21","Klasea_lycopifolia",84,"percent.germ",0,5
"budisavljevic21","Klasea_lycopifolia",112,"percent.germ",0,5
"budisavljevic21","Ligularia_sibirica",0,"percent.germ",0.36914,23
"budisavljevic21","Ligularia_sibirica",28,"percent.germ",0.28156,23
"budisavljevic21","Ligularia_sibirica",56,"percent.germ",0.28156,23
"budisavljevic21","Ligularia_sibirica",84,"percent.germ",0.17575,23
"budisavljevic21","Ligularia_sibirica",112,"percent.germ",0.13567,23
"budisavljevic21","Ligularia_sibirica",0,"percent.germ",0.36433,12
"budisavljevic21","Ligularia_sibirica",28,"percent.germ",0.45631,12
"budisavljevic21","Ligularia_sibirica",56,"percent.germ",0.4515,12
"budisavljevic21","Ligularia_sibirica",84,"percent.germ",0.22705,12
"budisavljevic21","Ligularia_sibirica",112,"percent.germ",0.12445,12
"budisavljevic21","Ligularia_sibirica",0,"percent.germ",0,5
"budisavljevic21","Ligularia_sibirica",28,"percent.germ",0,5
"budisavljevic21","Ligularia_sibirica",56,"percent.germ",0,5
"budisavljevic21","Ligularia_sibirica",84,"percent.germ",0,5
"budisavljevic21","Ligularia_sibirica",112,"percent.germ",0,5
"budisavljevic21","Genista_holopetala",0,"percent.germ",0.07466,23
"budisavljevic21","Genista_holopetala",28,"percent.germ",0.11381,23
"budisavljevic21","Genista_holopetala",56,"percent.germ",0.08733,23
"budisavljevic21","Genista_holopetala",84,"percent.germ",0.29372,23
"budisavljevic21","Genista_holopetala",112,"percent.germ",0.18687,23
"budisavljevic21","Genista_holopetala",0,"percent.germ",0.06096,10.5
"budisavljevic21","Genista_holopetala",28,"percent.germ",0.10833,10.5
"budisavljevic21","Genista_holopetala",56,"percent.germ",0.08733,10.5
"budisavljevic21","Genista_holopetala",84,"percent.germ",0.28094,10.5
"budisavljevic21","Genista_holopetala",112,"percent.germ",0.26815,10.5
"budisavljevic21","Genista_holopetala",0,"percent.germ",0,5
"budisavljevic21","Genista_holopetala",28,"percent.germ",0,5
"budisavljevic21","Genista_holopetala",56,"percent.germ",0,5
"budisavljevic21","Genista_holopetala",84,"percent.germ",0,5
"budisavljevic21","Genista_holopetala",112,"percent.germ",0,5
"budisavljevic21","Genista_holopetala",0,"percent.germ",0,23
"budisavljevic21","Genista_holopetala",0,"percent.germ",0,23
"budisavljevic21","Genista_holopetala",0,"percent.germ",0,23
"budisavljevic21","Genista_holopetala",0,"percent.germ",0,23
"budisavljevic21","Genista_holopetala",0,"percent.germ",0.06181,10.5
"budisavljevic21","Genista_holopetala",0,"percent.germ",0,10.5
"budisavljevic21","Genista_holopetala",0,"percent.germ",0,10.5
"budisavljevic21","Genista_holopetala",0,"percent.germ",0.28956,10.5
"budisavljevic21","Genista_holopetala",0,"percent.germ",0.02457,5
"budisavljevic21","Genista_holopetala",0,"percent.germ",0,5
"budisavljevic21","Genista_holopetala",0,"percent.germ",0,5
"budisavljevic21","Genista_holopetala",0,"percent.germ",0.16445,5
"harrington09","Cytisus_scoparius",0,"percent.germ",0.48,17.0833333333333
"hatzilazarou21","Abies_marocana",0,"percent.germ",0.35,15
"hatzilazarou21","Abies_marocana",0,"percent.germ",0.19,20
"hatzilazarou21","Abies_marocana",0,"percent.germ",0.21,25
"irvani12","Ferula_ammoniacum",15,"percent.germ",0.1425,24
"irvani12","Ferula_ammoniacum",30,"percent.germ",0.315,24
"irvani12","Ferula_ammoniacum",45,"percent.germ",0.32,24
"irvani12","Ferula_ammoniacum",15,"percent.germ",0.115,24
"irvani12","Ferula_ammoniacum",30,"percent.germ",0.13,24
"irvani12","Ferula_ammoniacum",15,"percent.germ",0.0875,24
"irvani12","Ferula_ammoniacum",30,"percent.germ",0.1113,24
"tang10b","Chimonanthus_praecox",28,"percent.germ",0.28,15
"tang10b","Chimonanthus_praecox",28,"percent.germ",0.67,23
"tang10b","Chimonanthus_praecox",28,"percent.germ",0.55,15
"tang10b","Chimonanthus_praecox",56,"percent.germ",0.55,15
"tang10b","Chimonanthus_praecox",56,"percent.germ",0.86,23
"tang10b","Chimonanthus_praecox",56,"percent.germ",0.74,15
"tang10b","Chimonanthus_praecox",84,"percent.germ",0.61,15
"tang10b","Chimonanthus_praecox",84,"percent.germ",0.94,23
"tang10b","Chimonanthus_praecox",84,"percent.germ",0.87,15
"tang10b","Chimonanthus_praecox",112,"percent.germ",0.63,15
"tang10b","Chimonanthus_praecox",112,"percent.germ",0.94,23
"tang10b","Chimonanthus_praecox",112,"percent.germ",0.86,15
"yang16a","Malus_sieversii",90,"percent.germ",0.95,25
"yang16a","Malus_sieversii",90,"percent.germ",0.96,25
"aldridge92","Zizania_palustris",30,"percent.germ",0.70214,15
"aldridge92","Zizania_palustris",91,"percent.germ",0.80691,15
"arslan11","Androsace_villosa",15,"percent.germ",0.56,20
"arslan11","Androsace_villosa",0,"percent.germ",0.24,20
"battaglia97","Eucalyptus_delegatensis",0,"percent.germ",0.50511,20
"battaglia97","Eucalyptus_delegatensis",14,"percent.germ",0.77419,20
"battaglia97","Eucalyptus_delegatensis",14,"percent.germ",0.38555,20
"battaglia97","Eucalyptus_delegatensis",14,"percent.germ",0.91237,20
"battaglia97","Eucalyptus_delegatensis",14,"percent.germ",0.8056,20
"battaglia97","Eucalyptus_delegatensis",14,"percent.germ",0.99883,20
"battaglia97","Eucalyptus_delegatensis",28,"percent.germ",0.90804,20
"battaglia97","Eucalyptus_delegatensis",56,"percent.germ",1,20
"battaglia97","Eucalyptus_delegatensis",7,"percent.germ",0.62326,20
"chen08","Trema_cannabina",150,"percent.germ",0.73,25
"chen08","Trema_cannabina",150,"percent.germ",0.72428,25
"chen08","Trema_cannabina",30,"percent.germ",0.765,25
"chen08","Trema_cannabina",30,"percent.germ",0.76251,25
"chen08","Trema_cannabina",90,"percent.germ",0.75,25
"chen08","Trema_cannabina",90,"percent.germ",0.74902,25
"cho18a","Cicuta_virosa",12,"percent.germ",0.03952,15
"cho18a","Cicuta_virosa",12,"percent.germ",0.15887,20
"cho18a","Cicuta_virosa",12,"percent.germ",0.25887,25
"cho18a","Cicuta_virosa",12,"percent.germ",0.05995,30
"cho18b","Cornus_kousa",12,"percent.germ",0.24451,15
"cho18b","Cornus_kousa",12,"percent.germ",0.38228,20
"cho18b","Cornus_kousa",12,"percent.germ",0.39355,25
"cho18b","Cornus_kousa",12,"percent.germ",0.46284,30
"chuanren04","Echinacea_angustifolia",0,"percent.germ",0.19733,25
"chuanren04","Echinacea_angustifolia",12,"percent.germ",0.63822,25
"chuanren04","Echinacea_angustifolia",18,"percent.germ",0.69748,25
"chuanren04","Echinacea_angustifolia",24,"percent.germ",0.72356,25
"chuanren04","Echinacea_angustifolia",6,"percent.germ",0.41541,25
"cousins10","Vitex_rotundifolia",56,"percent.germ",0.81,24
"cousins10","Vitex_rotundifolia",0,"percent.germ",0.64011,24
"feng18","Ginkgo_biloba",0,"percent.germ",NA,25
"feng18","Ginkgo_biloba",0,"percent.germ",NA,25
"feng18","Ginkgo_biloba",0,"percent.germ",0.161,15
"feng18","Ginkgo_biloba",0,"percent.germ",0.827,25
"feng18","Ginkgo_biloba",0,"percent.germ",0.85,30
"feng18","Ginkgo_biloba",0,"percent.germ",0.741,35
"geszprych02","Leuzea_carthamoides",30,"percent.germ",0.6559,18.5
"grose57","Eucalyptus_elata",28,"percent.germ",0.89388,23.9
"grose57","Eucalyptus_elata",42,"percent.germ",0.9436,23.9
"harrington09","Cytisus_scoparius",45,"percent.germ",0.24037,12.0833333333333
"harrington09","Cytisus_scoparius",45,"percent.germ",0.41335,17.0833333333333
"harrington09","Cytisus_scoparius",45,"percent.germ",0.32957,22.0833333333333
"harrington09","Cytisus_scoparius",45,"percent.germ",0.04,27.0833333333333
"harrington09","Cytisus_scoparius",45,"percent.germ",0.16201,7.08333333333333
"harrington09","Cytisus_scoparius",15,"percent.germ",0.52,17.0833333333333
"harrington09","Cytisus_scoparius",30,"percent.germ",0.52,17.0833333333333
"harrington09","Cytisus_scoparius",45,"percent.germ",0.42,17.0833333333333
"harrington09","Cytisus_scoparius",60,"percent.germ",0.54,17.0833333333333
"hatzilazarou21","Abies_marocana",0,"percent.germ",0.12,10
"hatzilazarou21","Abies_marocana",30,"percent.germ",0.27,10
"hatzilazarou21","Abies_marocana",30,"percent.germ",0.32,15
"hatzilazarou21","Abies_marocana",30,"percent.germ",0.26418,20
"hatzilazarou21","Abies_marocana",30,"percent.germ",0.23027,25
"hatzilazarou21","Abies_marocana",60,"percent.germ",0.24,10
"hatzilazarou21","Abies_marocana",60,"percent.germ",0.22,15
"hatzilazarou21","Abies_marocana",60,"percent.germ",0.16073,20
"hatzilazarou21","Abies_marocana",60,"percent.germ",0.15013,25
"hawkins19","Quercus_pagoda",56,"percent.germ",0.79045,10.5
"hawkins19","Quercus_pagoda",56,"percent.germ",0.96589,15
"hawkins19","Quercus_pagoda",56,"percent.germ",0.9269,20
"hawkins19","Quercus_pagoda",56,"percent.germ",0.96784,25
"hawkins19","Quercus_pagoda",84,"percent.germ",0.80332,10.5
"hawkins19","Quercus_pagoda",84,"percent.germ",0.94784,15
"hawkins19","Quercus_pagoda",84,"percent.germ",0.99213,20
"hawkins19","Quercus_pagoda",84,"percent.germ",0.95484,25
"hawkins19","Quercus_pagoda",112,"percent.germ",0.98041,20
"hawkins19","Quercus_pagoda",112,"percent.germ",0.9952,10.5
"hawkins19","Quercus_pagoda",112,"percent.germ",0.96563,15
"hawkins19","Quercus_pagoda",112,"percent.germ",0.9952,25
"jang22","Veronicastrum_sibiricum",0,"percent.germ",0.00026,15
"jang22","Veronicastrum_sibiricum",114,"percent.germ",0.66176,15
"jang22","Veronicastrum_sibiricum",14,"percent.germ",0.79406,15
"jang22","Veronicastrum_sibiricum",28,"percent.germ",0.74858,15
"jang22","Veronicastrum_sibiricum",56,"percent.germ",0.71344,15
"jang22","Veronicastrum_sibiricum",14,"percent.germ",0.7739,15
"jang22","Veronicastrum_sibiricum",14,"percent.germ",0.80698,15
"jensen97","Abies_nordmanniana",35,"percent.germ",0.6818,25
"jusung16","Thalictrum_rochebruneanum",70,"percent.germ",0.043,15
"jusung16","Thalictrum_rochebruneanum",70,"percent.germ",0.09867,20
"jusung16","Thalictrum_rochebruneanum",70,"percent.germ",0.164,25
"jusung16","Thalictrum_rochebruneanum",70,"percent.germ",0.00567,30
"kettenring07","Carex_brevior",0,"percent.germ",0,7.5
"kettenring07","Carex_brevior",0,"percent.germ",0.87847,15
"kettenring07","Carex_brevior",0,"percent.germ",0.99216,21
"kettenring07","Carex_brevior",0,"percent.germ",0.40327,32.5
"kettenring07","Carex_brevior",120,"percent.germ",0.77986,7.5
"kettenring07","Carex_brevior",120,"percent.germ",0.8125,15
"kettenring07","Carex_brevior",120,"percent.germ",0.87386,21
"kettenring07","Carex_brevior",120,"percent.germ",0.85817,32.5
"kettenring07","Carex_brevior",15,"percent.germ",0.23333,7.5
"kettenring07","Carex_brevior",15,"percent.germ",0.88403,15
"kettenring07","Carex_brevior",15,"percent.germ",0.88235,21
"kettenring07","Carex_brevior",15,"percent.germ",0.69085,32.5
"kettenring07","Carex_brevior",150,"percent.germ",0.94653,7.5
"kettenring07","Carex_brevior",150,"percent.germ",1,15
"kettenring07","Carex_brevior",150,"percent.germ",0.92614,21
"kettenring07","Carex_brevior",150,"percent.germ",0.96536,32.5
"kettenring07","Carex_brevior",180,"percent.germ",0.87153,7.5
"kettenring07","Carex_brevior",180,"percent.germ",0.88333,15
"kettenring07","Carex_brevior",180,"percent.germ",0.96013,21
"kettenring07","Carex_brevior",180,"percent.germ",0.88693,32.5
"kettenring07","Carex_brevior",30,"percent.germ",0.2625,7.5
"kettenring07","Carex_brevior",30,"percent.germ",0.83125,15
"kettenring07","Carex_brevior",30,"percent.germ",0.8634,21
"kettenring07","Carex_brevior",30,"percent.germ",0.60458,32.5
"kettenring07","Carex_brevior",60,"percent.germ",0.24097,7.5
"kettenring07","Carex_brevior",60,"percent.germ",0.87083,15
"kettenring07","Carex_brevior",60,"percent.germ",0.5732,21
"kettenring07","Carex_brevior",60,"percent.germ",0.88954,32.5
"kettenring07","Carex_brevior",90,"percent.germ",0.81319,7.5
"kettenring07","Carex_brevior",90,"percent.germ",0.90069,15
"kettenring07","Carex_brevior",90,"percent.germ",0.88954,21
"kettenring07","Carex_brevior",90,"percent.germ",0.85556,32.5
"kettenring07","Carex_comosa",0,"percent.germ",0,7.5
"kettenring07","Carex_comosa",0,"percent.germ",0.05532,15
"kettenring07","Carex_comosa",0,"percent.germ",0.51597,21
"kettenring07","Carex_comosa",0,"percent.germ",0.02088,32.5
"kettenring07","Carex_comosa",120,"percent.germ",0.42737,7.5
"kettenring07","Carex_comosa",120,"percent.germ",1,15
"kettenring07","Carex_comosa",120,"percent.germ",0.91875,21
"kettenring07","Carex_comosa",120,"percent.germ",0.44377,32.5
"kettenring07","Carex_comosa",15,"percent.germ",0.04632,7.5
"kettenring07","Carex_comosa",15,"percent.germ",1,15
"kettenring07","Carex_comosa",15,"percent.germ",0.92153,21
"kettenring07","Carex_comosa",15,"percent.germ",0.07205,32.5
"kettenring07","Carex_comosa",150,"percent.germ",0.83789,7.5
"kettenring07","Carex_comosa",150,"percent.germ",0.99362,15
"kettenring07","Carex_comosa",150,"percent.germ",0.92986,21
"kettenring07","Carex_comosa",150,"percent.germ",0.02088,32.5
"kettenring07","Carex_comosa",180,"percent.germ",0.92421,7.5
"kettenring07","Carex_comosa",180,"percent.germ",0.9766,15
"kettenring07","Carex_comosa",180,"percent.germ",0.85764,21
"kettenring07","Carex_comosa",180,"percent.germ",0.04242,32.5
"kettenring07","Carex_comosa",30,"percent.germ",0.48632,7.5
"kettenring07","Carex_comosa",30,"percent.germ",1,15
"kettenring07","Carex_comosa",30,"percent.germ",0.95764,21
"kettenring07","Carex_comosa",30,"percent.germ",0.52189,32.5
"kettenring07","Carex_comosa",60,"percent.germ",0.66316,7.5
"kettenring07","Carex_comosa",60,"percent.germ",0.87447,15
"kettenring07","Carex_comosa",60,"percent.germ",0.94653,21
"kettenring07","Carex_comosa",60,"percent.germ",0.3037,32.5
"kettenring07","Carex_comosa",90,"percent.germ",0.72421,7.5
"kettenring07","Carex_comosa",90,"percent.germ",0.98085,15
"kettenring07","Carex_comosa",90,"percent.germ",0.91319,21
"kettenring07","Carex_comosa",90,"percent.germ",0.42222,32.5
"kettenring07","Carex_cristatella",0,"percent.germ",0.02727,7.5
"kettenring07","Carex_cristatella",0,"percent.germ",0.91197,15
"kettenring07","Carex_cristatella",0,"percent.germ",0.97832,21
"kettenring07","Carex_cristatella",0,"percent.germ",0.51103,32.5
"kettenring07","Carex_cristatella",120,"percent.germ",0.91399,7.5
"kettenring07","Carex_cristatella",120,"percent.germ",0.96268,15
"kettenring07","Carex_cristatella",120,"percent.germ",0.9,21
"kettenring07","Carex_cristatella",120,"percent.germ",0.81172,32.5
"kettenring07","Carex_cristatella",15,"percent.germ",0.38531,7.5
"kettenring07","Carex_cristatella",15,"percent.germ",0.91761,15
"kettenring07","Carex_cristatella",15,"percent.germ",0.95594,21
"kettenring07","Carex_cristatella",15,"percent.germ",0.49172,32.5
"kettenring07","Carex_cristatella",150,"percent.germ",0.9,7.5
"kettenring07","Carex_cristatella",150,"percent.germ",0.94014,15
"kettenring07","Carex_cristatella",150,"percent.germ",0.9028,21
"kettenring07","Carex_cristatella",150,"percent.germ",0.90828,32.5
"kettenring07","Carex_cristatella",180,"percent.germ",0.95594,7.5
"kettenring07","Carex_cristatella",180,"percent.germ",0.94859,15
"kettenring07","Carex_cristatella",180,"percent.germ",0.92517,21
"kettenring07","Carex_cristatella",180,"percent.germ",0.9,32.5
"kettenring07","Carex_cristatella",30,"percent.germ",0.76573,7.5
"kettenring07","Carex_cristatella",30,"percent.germ",0.9993,15
"kettenring07","Carex_cristatella",30,"percent.germ",0.88881,21
"kettenring07","Carex_cristatella",30,"percent.germ",0.70966,32.5
"kettenring07","Carex_cristatella",60,"percent.germ",0.92238,7.5
"kettenring07","Carex_cristatella",60,"percent.germ",0.94859,15
"kettenring07","Carex_cristatella",60,"percent.germ",0.95315,21
"kettenring07","Carex_cristatella",60,"percent.germ",0.61586,32.5
"kettenring07","Carex_cristatella",90,"percent.germ",0.96154,7.5
"kettenring07","Carex_cristatella",90,"percent.germ",0.99648,15
"kettenring07","Carex_cristatella",90,"percent.germ",0.96434,21
"kettenring07","Carex_cristatella",90,"percent.germ",0.82,32.5
"kettenring07","Carex_cryptolepis",0,"percent.germ",0,7.5
"kettenring07","Carex_cryptolepis",0,"percent.germ",0.07872,15
"kettenring07","Carex_cryptolepis",0,"percent.germ",0.24326,21
"kettenring07","Carex_cryptolepis",0,"percent.germ",0.38227,32.5
"kettenring07","Carex_cryptolepis",30,"percent.germ",0.12979,7.5
"kettenring07","Carex_cryptolepis",30,"percent.germ",0.89007,15
"kettenring07","Carex_cryptolepis",30,"percent.germ",1,21
"kettenring07","Carex_cryptolepis",30,"percent.germ",0.81348,32.5
"kettenring07","Carex_cryptolepis",60,"percent.germ",0.28723,7.5
"kettenring07","Carex_cryptolepis",60,"percent.germ",0.9383,15
"kettenring07","Carex_cryptolepis",60,"percent.germ",1,21
"kettenring07","Carex_cryptolepis",60,"percent.germ",1,32.5
"kettenring07","Carex_cryptolepis",90,"percent.germ",0.17447,7.5
"kettenring07","Carex_cryptolepis",90,"percent.germ",0.92979,15
"kettenring07","Carex_cryptolepis",90,"percent.germ",0.95816,21
"kettenring07","Carex_cryptolepis",90,"percent.germ",0.8078,32.5
"kettenring07","Carex_granularis",0,"percent.germ",0,7.5
"kettenring07","Carex_granularis",0,"percent.germ",0,15
"kettenring07","Carex_granularis",0,"percent.germ",0.01156,21
"kettenring07","Carex_granularis",0,"percent.germ",0,32.5
"kettenring07","Carex_granularis",120,"percent.germ",0.71507,7.5
"kettenring07","Carex_granularis",120,"percent.germ",0.84863,15
"kettenring07","Carex_granularis",120,"percent.germ",0.31224,21
"kettenring07","Carex_granularis",120,"percent.germ",0,32.5
"kettenring07","Carex_granularis",15,"percent.germ",0.02877,7.5
"kettenring07","Carex_granularis",15,"percent.germ",0.04863,15
"kettenring07","Carex_granularis",15,"percent.germ",0.00816,21
"kettenring07","Carex_granularis",15,"percent.germ",0,32.5
"kettenring07","Carex_granularis",150,"percent.germ",0.85822,7.5
"kettenring07","Carex_granularis",150,"percent.germ",0.95274,15
"kettenring07","Carex_granularis",150,"percent.germ",0.6551,21
"kettenring07","Carex_granularis",150,"percent.germ",0,32.5
"kettenring07","Carex_granularis",180,"percent.germ",0.99041,7.5
"kettenring07","Carex_granularis",180,"percent.germ",0.82945,15
"kettenring07","Carex_granularis",180,"percent.germ",0.60612,21
"kettenring07","Carex_granularis",180,"percent.germ",0,32.5
"kettenring07","Carex_granularis",30,"percent.germ",0,7.5
"kettenring07","Carex_granularis",30,"percent.germ",0.28151,15
"kettenring07","Carex_granularis",30,"percent.germ",0.01837,21
"kettenring07","Carex_granularis",30,"percent.germ",0,32.5
"kettenring07","Carex_granularis",60,"percent.germ",0.03699,7.5
"kettenring07","Carex_granularis",60,"percent.germ",0.61575,15
"kettenring07","Carex_granularis",60,"percent.germ",0.16803,21
"kettenring07","Carex_granularis",60,"percent.germ",0,32.5
"kettenring07","Carex_granularis",90,"percent.germ",0.60822,7.5
"kettenring07","Carex_granularis",90,"percent.germ",0.71164,15
"kettenring07","Carex_granularis",90,"percent.germ",0.23333,21
"kettenring07","Carex_granularis",90,"percent.germ",0,32.5
"kettenring07","Carex_hystericina",0,"percent.germ",0,7.5
"kettenring07","Carex_hystericina",0,"percent.germ",0.47241,15
"kettenring07","Carex_hystericina",0,"percent.germ",0.86,21
"kettenring07","Carex_hystericina",0,"percent.germ",0.22431,32.5
"kettenring07","Carex_hystericina",120,"percent.germ",0.89448,7.5
"kettenring07","Carex_hystericina",120,"percent.germ",0.89724,15
"kettenring07","Carex_hystericina",120,"percent.germ",0.99241,21
"kettenring07","Carex_hystericina",120,"percent.germ",1,32.5
"kettenring07","Carex_hystericina",15,"percent.germ",0.65793,7.5
"kettenring07","Carex_hystericina",15,"percent.germ",0.93586,15
"kettenring07","Carex_hystericina",15,"percent.germ",0.92621,21
"kettenring07","Carex_hystericina",15,"percent.germ",0.60486,32.5
"kettenring07","Carex_hystericina",150,"percent.germ",0.9331,7.5
"kettenring07","Carex_hystericina",150,"percent.germ",0.94966,15
"kettenring07","Carex_hystericina",150,"percent.germ",0.97862,21
"kettenring07","Carex_hystericina",150,"percent.germ",0.89375,32.5
"kettenring07","Carex_hystericina",180,"percent.germ",0.89724,7.5
"kettenring07","Carex_hystericina",180,"percent.germ",0.94138,15
"kettenring07","Carex_hystericina",180,"percent.germ",0.94552,21
"kettenring07","Carex_hystericina",180,"percent.germ",0.92153,32.5
"kettenring07","Carex_hystericina",30,"percent.germ",0.67655,7.5
"kettenring07","Carex_hystericina",30,"percent.germ",0.94966,15
"kettenring07","Carex_hystericina",30,"percent.germ",0.94828,21
"kettenring07","Carex_hystericina",30,"percent.germ",0.81319,32.5
"kettenring07","Carex_hystericina",60,"percent.germ",0.73172,7.5
"kettenring07","Carex_hystericina",60,"percent.germ",0.84207,15
"kettenring07","Carex_hystericina",60,"percent.germ",0.94276,21
"kettenring07","Carex_hystericina",60,"percent.germ",0.84097,32.5
"kettenring07","Carex_hystericina",90,"percent.germ",0.56276,7.5
"kettenring07","Carex_hystericina",90,"percent.germ",0.93586,15
"kettenring07","Carex_hystericina",90,"percent.germ",0.94276,21
"kettenring07","Carex_hystericina",90,"percent.germ",0.91875,32.5
"kettenring07","Carex_lacustris",0,"percent.germ",0,7.5
"kettenring07","Carex_lacustris",0,"percent.germ",0,15
"kettenring07","Carex_lacustris",0,"percent.germ",0.08723,21
"kettenring07","Carex_lacustris",0,"percent.germ",0.05155,32.5
"kettenring07","Carex_lacustris",180,"percent.germ",0.31702,7.5
"kettenring07","Carex_lacustris",180,"percent.germ",0.66,15
"kettenring07","Carex_lacustris",180,"percent.germ",0.5766,21
"kettenring07","Carex_lacustris",180,"percent.germ",0.27835,32.5
"kettenring07","Carex_lacustris",30,"percent.germ",0.17021,7.5
"kettenring07","Carex_lacustris",30,"percent.germ",0.54828,15
"kettenring07","Carex_lacustris",30,"percent.germ",1,21
"kettenring07","Carex_lacustris",30,"percent.germ",0.24948,32.5
"kettenring07","Carex_lacustris",90,"percent.germ",0.41915,7.5
"kettenring07","Carex_lacustris",90,"percent.germ",0.61862,15
"kettenring07","Carex_lacustris",90,"percent.germ",0.81489,21
"kettenring07","Carex_lacustris",90,"percent.germ",0.37732,32.5
"kettenring07","Carex_scoparia",0,"percent.germ",0.54,15
"kettenring07","Carex_scoparia",0,"percent.germ",0.88099,21
"kettenring07","Carex_scoparia",0,"percent.germ",0.12534,32.5
"kettenring07","Carex_scoparia",120,"percent.germ",0.87676,7.5
"kettenring07","Carex_scoparia",120,"percent.germ",0.90414,15
"kettenring07","Carex_scoparia",120,"percent.germ",0.99085,21
"kettenring07","Carex_scoparia",120,"percent.germ",0.9637,32.5
"kettenring07","Carex_scoparia",15,"percent.germ",0.53028,7.5
"kettenring07","Carex_scoparia",15,"percent.germ",0.92483,15
"kettenring07","Carex_scoparia",15,"percent.germ",0.96127,21
"kettenring07","Carex_scoparia",15,"percent.germ",0.43767,32.5
"kettenring07","Carex_scoparia",150,"percent.germ",0.86831,7.5
"kettenring07","Carex_scoparia",150,"percent.germ",0.97448,15
"kettenring07","Carex_scoparia",150,"percent.germ",1,21
"kettenring07","Carex_scoparia",150,"percent.germ",0.89795,32.5
"kettenring07","Carex_scoparia",180,"percent.germ",0.93592,7.5
"kettenring07","Carex_scoparia",180,"percent.germ",0.94552,15
"kettenring07","Carex_scoparia",180,"percent.germ",0.94437,21
"kettenring07","Carex_scoparia",180,"percent.germ",0.90616,32.5
"kettenring07","Carex_scoparia",30,"percent.germ",0.57254,7.5
"kettenring07","Carex_scoparia",30,"percent.germ",0.88759,15
"kettenring07","Carex_scoparia",30,"percent.germ",0.88099,21
"kettenring07","Carex_scoparia",30,"percent.germ",0.87329,32.5
"kettenring07","Carex_scoparia",60,"percent.germ",0.98662,7.5
"kettenring07","Carex_scoparia",60,"percent.germ",1,15
"kettenring07","Carex_scoparia",60,"percent.germ",0.96972,21
"kettenring07","Carex_scoparia",60,"percent.germ",0.86096,32.5
"kettenring07","Carex_scoparia",90,"percent.germ",0.90211,7.5
"kettenring07","Carex_scoparia",90,"percent.germ",0.92483,15
"kettenring07","Carex_scoparia",90,"percent.germ",1,21
"kettenring07","Carex_scoparia",90,"percent.germ",0.89795,32.5
"kettenring07","Carex_stipata",0,"percent.germ",0,7.5
"kettenring07","Carex_stipata",0,"percent.germ",0.76759,15
"kettenring07","Carex_stipata",0,"percent.germ",0.93028,21
"kettenring07","Carex_stipata",0,"percent.germ",0.15203,32.5
"kettenring07","Carex_stipata",120,"percent.germ",0.73217,7.5
"kettenring07","Carex_stipata",120,"percent.germ",0.76759,15
"kettenring07","Carex_stipata",120,"percent.germ",0.90493,21
"kettenring07","Carex_stipata",120,"percent.germ",0.70743,32.5
"kettenring07","Carex_stipata",15,"percent.germ",0.23147,7.5
"kettenring07","Carex_stipata",15,"percent.germ",0.83655,15
"kettenring07","Carex_stipata",15,"percent.germ",0.71901,21
"kettenring07","Carex_stipata",15,"percent.germ",0.13581,32.5
"kettenring07","Carex_stipata",150,"percent.germ",0.82448,7.5
"kettenring07","Carex_stipata",150,"percent.germ",0.79793,15
"kettenring07","Carex_stipata",150,"percent.germ",0.84859,21
"kettenring07","Carex_stipata",150,"percent.germ",0.89797,32.5
"kettenring07","Carex_stipata",180,"percent.germ",0.76014,7.5
"kettenring07","Carex_stipata",180,"percent.germ",0.94966,15
"kettenring07","Carex_stipata",180,"percent.germ",0.87958,21
"kettenring07","Carex_stipata",180,"percent.germ",0.59392,32.5
"kettenring07","Carex_stipata",30,"percent.germ",0.52238,7.5
"kettenring07","Carex_stipata",30,"percent.germ",0.9331,15
"kettenring07","Carex_stipata",30,"percent.germ",0.83169,21
"kettenring07","Carex_stipata",30,"percent.germ",0.375,32.5
"kettenring07","Carex_stipata",60,"percent.germ",0.47762,7.5
"kettenring07","Carex_stipata",60,"percent.germ",0.89172,15
"kettenring07","Carex_stipata",60,"percent.germ",0.84296,21
"kettenring07","Carex_stipata",60,"percent.germ",0.65473,32.5
"kettenring07","Carex_stipata",90,"percent.germ",0.6986,7.5
"kettenring07","Carex_stipata",90,"percent.germ",0.83103,15
"kettenring07","Carex_stipata",90,"percent.germ",1,21
"kettenring07","Carex_stipata",90,"percent.germ",0.66689,32.5
"kettenring07","Carex_stricta",0,"percent.germ",0.06643,7.5
"kettenring07","Carex_stricta",0,"percent.germ",0.38,15
"kettenring07","Carex_stricta",0,"percent.germ",0.64759,21
"kettenring07","Carex_stricta",0,"percent.germ",0.69048,32.5
"kettenring07","Carex_stricta",90,"percent.germ",0.50552,15
"kettenring07","Carex_stricta",90,"percent.germ",0.5869,21
"kettenring07","Carex_stricta",90,"percent.germ",1,32.5
"kettenring07","Carex_utriculata",0,"percent.germ",0,7.5
"kettenring07","Carex_utriculata",0,"percent.germ",0,15
"kettenring07","Carex_utriculata",0,"percent.germ",0.03043,21
"kettenring07","Carex_utriculata",0,"percent.germ",0.47584,32.5
"kettenring07","Carex_utriculata",180,"percent.germ",0.02887,7.5
"kettenring07","Carex_utriculata",180,"percent.germ",0.05374,15
"kettenring07","Carex_utriculata",180,"percent.germ",0.38188,21
"kettenring07","Carex_utriculata",180,"percent.germ",1,32.5
"kettenring07","Carex_utriculata",30,"percent.germ",0,7.5
"kettenring07","Carex_utriculata",30,"percent.germ",0,15
"kettenring07","Carex_utriculata",30,"percent.germ",0.1529,21
"kettenring07","Carex_utriculata",30,"percent.germ",0.35235,32.5
"kettenring07","Carex_utriculata",60,"percent.germ",0,7.5
"kettenring07","Carex_utriculata",60,"percent.germ",0.02653,15
"kettenring07","Carex_utriculata",60,"percent.germ",0.07754,21
"kettenring07","Carex_utriculata",60,"percent.germ",0.45436,32.5
"kettenring07","Carex_utriculata",90,"percent.germ",0,7.5
"kettenring07","Carex_utriculata",90,"percent.germ",0.05714,15
"kettenring07","Carex_utriculata",90,"percent.germ",0.20507,21
"kettenring07","Carex_utriculata",90,"percent.germ",0.694,32.5
"kettenring07","Carex_vulpinoidea",0,"percent.germ",0,7.5
"kettenring07","Carex_vulpinoidea",0,"percent.germ",0.02083,15
"kettenring07","Carex_vulpinoidea",0,"percent.germ",1,21
"kettenring07","Carex_vulpinoidea",0,"percent.germ",0.83082,32.5
"kettenring07","Carex_vulpinoidea",120,"percent.germ",0.53264,7.5
"kettenring07","Carex_vulpinoidea",120,"percent.germ",0.94792,15
"kettenring07","Carex_vulpinoidea",120,"percent.germ",0.97034,21
"kettenring07","Carex_vulpinoidea",120,"percent.germ",0.92123,32.5
"kettenring07","Carex_vulpinoidea",15,"percent.germ",0.07153,7.5
"kettenring07","Carex_vulpinoidea",15,"percent.germ",0.84375,15
"kettenring07","Carex_vulpinoidea",15,"percent.germ",0.92345,21
"kettenring07","Carex_vulpinoidea",15,"percent.germ",0.89384,32.5
"kettenring07","Carex_vulpinoidea",150,"percent.germ",0.35208,7.5
"kettenring07","Carex_vulpinoidea",150,"percent.germ",0.95208,15
"kettenring07","Carex_vulpinoidea",150,"percent.germ",0.95379,21
"kettenring07","Carex_vulpinoidea",150,"percent.germ",0.81438,32.5
"kettenring07","Carex_vulpinoidea",180,"percent.germ",0.98264,7.5
"kettenring07","Carex_vulpinoidea",180,"percent.germ",0.86875,15
"kettenring07","Carex_vulpinoidea",180,"percent.germ",0.95103,21
"kettenring07","Carex_vulpinoidea",180,"percent.germ",0.58151,32.5
"kettenring07","Carex_vulpinoidea",30,"percent.germ",0.01875,7.5
"kettenring07","Carex_vulpinoidea",30,"percent.germ",0.85208,15
"kettenring07","Carex_vulpinoidea",30,"percent.germ",0.99793,21
"kettenring07","Carex_vulpinoidea",30,"percent.germ",0.78151,32.5
"kettenring07","Carex_vulpinoidea",60,"percent.germ",0.37917,7.5
"kettenring07","Carex_vulpinoidea",60,"percent.germ",0.96042,15
"kettenring07","Carex_vulpinoidea",60,"percent.germ",0.94828,21
"kettenring07","Carex_vulpinoidea",60,"percent.germ",0.8911,32.5
"kettenring07","Carex_vulpinoidea",90,"percent.germ",0.61319,7.5
"kettenring07","Carex_vulpinoidea",90,"percent.germ",0.82708,15
"kettenring07","Carex_vulpinoidea",90,"percent.germ",0.94828,21
"kettenring07","Carex_vulpinoidea",90,"percent.germ",0.75411,32.5
"lai03","Abies_chensiensis",0,"percent.germ",0.13475,25
"lai03","Abies_chensiensis",14,"percent.germ",0.1668,25
"lai03","Abies_chensiensis",21,"percent.germ",0.19485,25
"lai03","Abies_chensiensis",28,"percent.germ",0.2309,25
"li11","Atriplex_centralasiatica",4,"percent.germ",0.1115,20
"liu13","Picea_glauca",21,"percent.germ",0.98066,23.3333333333333
"liu13","Picea_glauca",21,"percent.germ",0.94444,23.3333333333333
"liu13","Picea_glauca",21,"percent.germ",0.94537,23.3333333333333
"liu13","Picea_glauca",21,"percent.germ",0,23.3333333333333
"liu13","Picea_glauca",21,"percent.germ",0.85655,23.3333333333333
"lo19","Asparagus_acutifolius",0,"percent.germ",0.58788,10
"lo19","Asparagus_acutifolius",0,"percent.germ",0.67586,15
"lo19","Asparagus_acutifolius",0,"percent.germ",0.36346,20
"ma03","Abies_amabilis",56,"percent.germ",0.43293,17
"ma03","Abies_grandis",56,"percent.germ",0.53061,17
"ma03","Abies_lasiocarpa",56,"percent.germ",0.5774,17
"ma03","Abies_procera",56,"percent.germ",0.34395,17
"ma18","Anigozanthos_flavidus",0,"percent.germ",0.51148,15
"mamut20","Leontice_incerta",0,"percent.germ",0.918,5
"mamut20","Leontice_incerta",0,"percent.germ",0.953,5
"mattana09","Rhamnus_persicifolia",91,"percent.germ",0.8839,25
"mattana16","Clinopodium_sandalioticum",0,"percent.germ",0.40781,10
"mattana16","Clinopodium_sandalioticum",0,"percent.germ",0.35591,5
"naumovski05","Degenia_velebitica",0,"percent.germ",0.30135,25.75
"naumovski05","Degenia_velebitica",0,"percent.germ",0.23444,25.75
"naumovski05","Degenia_velebitica",0,"percent.germ",0.19595,24
"naumovski05","Degenia_velebitica",0,"percent.germ",0.15762,24
"naumovski05","Degenia_velebitica",12,"percent.germ",0,25.75
"naumovski05","Degenia_velebitica",12,"percent.germ",0.16184,25.75
"naumovski05","Degenia_velebitica",12,"percent.germ",0.15762,24
"naumovski05","Degenia_velebitica",12,"percent.germ",0.37763,24
"naumovski05","Degenia_velebitica",3,"percent.germ",0.16081,25.75
"naumovski05","Degenia_velebitica",3,"percent.germ",0.27639,25.75
"naumovski05","Degenia_velebitica",3,"percent.germ",0.06351,24
"naumovski05","Degenia_velebitica",3,"percent.germ",0.34861,24
"naumovski05","Degenia_velebitica",6,"percent.germ",0.13651,25.75
"naumovski05","Degenia_velebitica",6,"percent.germ",0.3545,25.75
"naumovski05","Degenia_velebitica",6,"percent.germ",0.10385,24
"naumovski05","Degenia_velebitica",6,"percent.germ",0.35811,24
"naumovski05","Degenia_velebitica",9,"percent.germ",0.02237,25.75
"naumovski05","Degenia_velebitica",9,"percent.germ",0.34954,25.75
"naumovski05","Degenia_velebitica",9,"percent.germ",0.09254,24
"naumovski05","Degenia_velebitica",9,"percent.germ",0.14583,24
"naumovski05","Degenia_velebitica",0,"percent.germ",0.23414,25.75
"naumovski05","Degenia_velebitica",12,"percent.germ",0.34981,25.75
"naumovski05","Degenia_velebitica",3,"percent.germ",0.13526,25.75
"naumovski05","Degenia_velebitica",6,"percent.germ",0.35914,25.75
"naumovski05","Degenia_velebitica",9,"percent.germ",0.35354,25.75
"nurse08","Atriplex_patula",14,"percent.germ",0.08098,15
"nurse08","Atriplex_patula",30,"percent.germ",0.12278,15
"nurse08","Atriplex_patula",61,"percent.germ",0.20219,15
"nurse08","Atriplex_patula",91,"percent.germ",0.22627,15
"ochuodho08","Sisymbrium_capense",5,"percent.germ",0.72581,25
"ochuodho08","Sisymbrium_capense",5,"percent.germ",0.90245,25
"onen20","Ambrosia_artemisiifolia",14,"percent.germ",0.92609,25
"onen20","Ambrosia_artemisiifolia",14,"percent.germ",0.55362,25
"onen20","Ambrosia_artemisiifolia",14,"percent.germ",0.57971,25
"onen20","Ambrosia_artemisiifolia",14,"percent.germ",0.84203,25
"onen20","Ambrosia_artemisiifolia",21,"percent.germ",0.93043,25
"onen20","Ambrosia_artemisiifolia",21,"percent.germ",0.71232,25
"onen20","Ambrosia_artemisiifolia",21,"percent.germ",0.73261,25
"onen20","Ambrosia_artemisiifolia",21,"percent.germ",0.86981,25
"onen20","Ambrosia_artemisiifolia",28,"percent.germ",0.97609,25
"onen20","Ambrosia_artemisiifolia",28,"percent.germ",0.93913,25
"onen20","Ambrosia_artemisiifolia",28,"percent.germ",0.93696,25
"onen20","Ambrosia_artemisiifolia",28,"percent.germ",0.94493,25
"picciau17","Clematis_vitalba",0,"percent.germ",0.84477,17.5
"picciau17","Clematis_vitalba",90,"percent.germ",0.70233,17.5
"picciau19","Helichrysum_microphyllum",0,"percent.germ",0.94586,10
"picciau19","Helichrysum_microphyllum",0,"percent.germ",0.69745,10
"picciau19","Helichrysum_microphyllum",0,"percent.germ",0.5981,10
"picciau19","Helichrysum_microphyllum",0,"percent.germ",0.70253,15
"picciau19","Helichrysum_microphyllum",0,"percent.germ",0.97293,15
"picciau19","Helichrysum_microphyllum",0,"percent.germ",0.82803,15
"picciau19","Helichrysum_microphyllum",0,"percent.germ",0.78534,15
"picciau19","Helichrysum_microphyllum",0,"percent.germ",0.94357,20
"picciau19","Helichrysum_microphyllum",0,"percent.germ",0.94586,20
"picciau19","Helichrysum_microphyllum",0,"percent.germ",0.76115,20
"picciau19","Helichrysum_microphyllum",0,"percent.germ",0.72785,20
"picciau19","Helichrysum_microphyllum",0,"percent.germ",0.72099,25
"picciau19","Helichrysum_microphyllum",0,"percent.germ",0.89331,25
"picciau19","Helichrysum_microphyllum",0,"percent.germ",0.79618,25
"picciau19","Helichrysum_microphyllum",0,"percent.germ",0.59177,25
"picciau19","Helichrysum_microphyllum",0,"percent.germ",0.88291,17.5
"picciau19","Helichrysum_microphyllum",0,"percent.germ",0.96497,17.5
"picciau19","Helichrysum_microphyllum",0,"percent.germ",0.87898,17.5
"picciau19","Helichrysum_microphyllum",0,"percent.germ",0.65506,17.5
"picciau19","Helichrysum_microphyllum",0,"percent.germ",0.6449,30
"picciau19","Helichrysum_microphyllum",0,"percent.germ",0.75949,30
"picciau19","Helichrysum_microphyllum",0,"percent.germ",0.67352,5
"picciau19","Helichrysum_microphyllum",0,"percent.germ",0.88057,5
"pritchard93","Arum_maculatum",0,"percent.germ",0.96265,6
"pritchard93","Arum_maculatum",0,"percent.germ",0.92891,6
"pritchard93","Arum_maculatum",0,"percent.germ",1,6
"pritchard93","Arum_maculatum",0,"percent.germ",0.88274,6
"pritchard93","Arum_maculatum",0,"percent.germ",0.98751,6
"pritchard93","Arum_maculatum",0,"percent.germ",0.965,6
"pritchard93","Arum_maculatum",0,"percent.germ",0.88682,6
"pritchard93","Arum_maculatum",0,"percent.germ",0.96144,6
"pritchard93","Arum_maculatum",0,"percent.germ",0.80864,6
"romero05","Echinacea_spp.",28,"percent.germ",0.83307,25
"saeed16","Pinus_wallichiana",30,"percent.germ",0.79519,20
"saeed16","Pinus_wallichiana",60,"percent.germ",0.8515,20
"seng20","Dalbergia_cochinchinensis",30,"percent.germ",0.1,25
"seng20","Dalbergia_cochinchinensis",40,"percent.germ",0.083,25
"seng20","Dalbergia_cochinchinensis",50,"percent.germ",0.085,25
"skordilis95","Pinus_brutia",93,"percent.germ",0.7957,20
"tang21","Acer_coriaceifolium",0,"percent.germ",0.055,20
"tang21","Acer_coriaceifolium",15,"percent.germ",0.642,20
"tang21","Acer_coriaceifolium",30,"percent.germ",0.974,20
"tang21","Acer_coriaceifolium",60,"percent.germ",0.598,20
"tylkowski07","Rhamnus_cathartica",28,"percent.germ",0.12374,9
"tylkowski07","Rhamnus_cathartica",28,"percent.germ",0.38945,11.5
"tylkowski07","Rhamnus_cathartica",28,"percent.germ",0.89,25
"tylkowski07","Rhamnus_cathartica",28,"percent.germ",0.88,14
"tylkowski07","Rhamnus_cathartica",56,"percent.germ",0.63,9
"tylkowski07","Rhamnus_cathartica",56,"percent.germ",0.79848,11.5
"tylkowski07","Rhamnus_cathartica",56,"percent.germ",0.74,25
"tylkowski07","Rhamnus_cathartica",56,"percent.germ",0.87,14
"tylkowski91","Cornus_mas",126,"percent.germ",0.65647,9
"tylkowski91","Cornus_mas",126,"percent.germ",0.67086,11.5
"tylkowski91","Cornus_mas",126,"percent.germ",0.6205,3
"walck12","Berchemia_scandens",42,"percent.germ",0.6231,11.25
"walck12","Berchemia_scandens",42,"percent.germ",0.6748,15.8333333333333
"walck12","Berchemia_scandens",42,"percent.germ",0.7447,20.8333333333333
"walck12","Berchemia_scandens",42,"percent.germ",0.6626,23.75
"walck12","Berchemia_scandens",42,"percent.germ",0.8148,28.75
"walck12","Berchemia_scandens",84,"percent.germ",0.749,11.25
"walck12","Berchemia_scandens",84,"percent.germ",0.8118,15.8333333333333
"walck12","Berchemia_scandens",84,"percent.germ",0.7569,20.8333333333333
"walck12","Berchemia_scandens",84,"percent.germ",0.8118,23.75
"walck12","Berchemia_scandens",84,"percent.germ",0.8118,28.75
"wang09","Vitis_amurensis",10,"percent.germ",0.5502,25
"wang09","Vitis_amurensis",15,"percent.germ",0.5457,25
"wang09","Vitis_amurensis",20,"percent.germ",0.7674,25
"wang09","Vitis_amurensis",30,"percent.germ",0.8388,25
"wang09","Vitis_amurensis",5,"percent.germ",0.4177,25
"wang09","Vitis_amurensis",60,"percent.germ",0.882,25
"wang09","Vitis_amurensis",10,"percent.germ",0.7131,25
"wang09","Vitis_amurensis",15,"percent.germ",0.7547,25
"wang09","Vitis_amurensis",20,"percent.germ",0.8653,25
"wang09","Vitis_amurensis",30,"percent.germ",0.8567,25
"wang09","Vitis_amurensis",5,"percent.germ",0.5939,25
"wang09","Vitis_amurensis",60,"percent.germ",0.861,25
"wang09","Vitis_amurensis",10,"percent.germ",0.7793,25
"wang09","Vitis_amurensis",15,"percent.germ",0.7809,25
"wang09","Vitis_amurensis",20,"percent.germ",0.8951,25
"wang09","Vitis_amurensis",30,"percent.germ",0.9118,25
"wang09","Vitis_amurensis",5,"percent.germ",0.5402,25
"wang09","Vitis_amurensis",60,"percent.germ",0.924,25
"wang09","Vitis_amurensis",0,"percent.germ",0.5867,25
"wang09","Vitis_amurensis",0,"percent.germ",0.6736,25
"wang09","Vitis_amurensis",0,"percent.germ",0.6543,25
"wang09","Vitis_amurensis",0,"percent.germ",0.7494,25
"wang09","Vitis_amurensis",0,"percent.germ",0.4957,25
"wang09","Vitis_amurensis",0,"percent.germ",0.6253,25
"wang09","Vitis_amurensis",0,"percent.germ",0.4053,25
"wang09","Vitis_amurensis",0,"percent.germ",0.3298,25
"wang09","Vitis_amurensis",0,"percent.germ",0.2942,25
"wang09","Vitis_amurensis",0,"percent.germ",0.2785,25
"wang09","Vitis_amurensis",0,"percent.germ",0.3953,25
"wang09","Vitis_amurensis",0,"percent.germ",0.1945,25
"wang09","Vitis_amurensis",0,"percent.germ",0.0915,25
"wang09","Vitis_amurensis",0,"percent.germ",0.0235,25
"wang09","Vitis_amurensis",0,"percent.germ",0.0205,25
"wang09","Vitis_amurensis",0,"percent.germ",0.0205,25
"wang09","Vitis_amurensis",0,"percent.germ",0.2026,25
"wang09","Vitis_amurensis",0,"percent.germ",0,25
"wang09","Vitis_amurensis",10,"percent.germ",0.5998,25
"wang09","Vitis_amurensis",15,"percent.germ",0.5998,25
"wang09","Vitis_amurensis",20,"percent.germ",0.8625,25
"wang09","Vitis_amurensis",30,"percent.germ",0.9293,25
"wang09","Vitis_amurensis",5,"percent.germ",0.3831,25
"wang09","Vitis_amurensis",60,"percent.germ",0.9085,25
"wang09","Vitis_amurensis",10,"percent.germ",0.6879,25
"wang09","Vitis_amurensis",15,"percent.germ",0.7308,25
"wang09","Vitis_amurensis",20,"percent.germ",0.8123,25
"wang09","Vitis_amurensis",30,"percent.germ",0.9224,25
"wang09","Vitis_amurensis",5,"percent.germ",0.4735,25
"wang09","Vitis_amurensis",60,"percent.germ",0.9181,25
"washitani85","Geranium_carolinianum",7,"percent.germ",0.93834,24
"washitani89","Taraxacum_platycarpum",0,"percent.germ",0.87205,16
"washitani89","Taraxacum_platycarpum",0,"percent.germ",0.89961,16
"washitani89","Taraxacum_platycarpum",0,"percent.germ",0.86811,16
"washitani89","Taraxacum_platycarpum",0,"percent.germ",0.87992,16
"washitani89","Taraxacum_platycarpum",0,"percent.germ",0.89173,16
"washitani89","Taraxacum_platycarpum",0,"percent.germ",0.91468,16
"washitani89","Taraxacum_platycarpum",0,"percent.germ",0.92659,16
"washitani89","Taraxacum_platycarpum",0,"percent.germ",0.89484,16
"washitani89","Taraxacum_platycarpum",0,"percent.germ",0.88294,16
"washitani89","Taraxacum_platycarpum",0,"percent.germ",0.85516,16
"yang18a","Maackia_taiwanensis",0,"percent.germ",0.94054,4
"yang18a","Maackia_taiwanensis",120,"percent.germ",0.95613,25
"yang18a","Maackia_taiwanensis",120,"percent.germ",0.93406,25
"yang18a","Maackia_taiwanensis",180,"percent.germ",0.88011,25
"yang18a","Maackia_taiwanensis",180,"percent.germ",0.86869,25
"yang18a","Maackia_taiwanensis",270,"percent.germ",0.9152,25
"yang18a","Maackia_taiwanensis",270,"percent.germ",0.76979,25
"yang18a","Maackia_taiwanensis",30,"percent.germ",0.96393,25
"yang18a","Maackia_taiwanensis",30,"percent.germ",0.97764,25
"yang18a","Maackia_taiwanensis",360,"percent.germ",0.83917,25
"yang18a","Maackia_taiwanensis",360,"percent.germ",0.80835,25
"yang18a","Maackia_taiwanensis",60,"percent.germ",0.98927,25
"yang18a","Maackia_taiwanensis",60,"percent.germ",0.99608,25
"yang18b","Lithocarpus_glaber",0,"percent.germ",0.49238,23.3333333333333
"yang18b","Lithocarpus_glaber",0,"percent.germ",0.61481,23.3333333333333
"yang18b","Lithocarpus_glaber",0,"percent.germ",0.63365,23.3333333333333
"yang18b","Lithocarpus_glaber",0,"percent.germ",0.60001,23.3333333333333
"yeom21","Glehnia_littoralis",56,"percent.germ",0.6468,10
"yeom21","Glehnia_littoralis",56,"percent.germ",0.68315,15
"yeom21","Glehnia_littoralis",56,"percent.germ",0.6435,20
"yeom21","Glehnia_littoralis",56,"percent.germ",0.4991,25
"yeom21","Glehnia_littoralis",56,"percent.germ",0.33452,5
"zardari19","Ferula_gummosa",30,"percent.germ",0.21666,10
"zardari19","Ferula_gummosa",30,"percent.germ",0.21013,12.5
"zardari19","Ferula_gummosa",30,"percent.germ",0,15
"zardari19","Ferula_gummosa",30,"percent.germ",0,17.5
"zardari19","Ferula_gummosa",30,"percent.germ",0,20
"zardari19","Ferula_gummosa",30,"percent.germ",0,25
"zardari19","Ferula_gummosa",30,"percent.germ",0.59348,5
"zardari19","Ferula_gummosa",30,"percent.germ",0.47277,7.5
"zardari19","Ferula_gummosa",60,"percent.germ",0.5422,10
"zardari19","Ferula_gummosa",60,"percent.germ",0.76723,12.5
"zardari19","Ferula_gummosa",60,"percent.germ",0.17856,15
"zardari19","Ferula_gummosa",60,"percent.germ",0.10681,17.5
"zardari19","Ferula_gummosa",60,"percent.germ",0.12638,20
"zardari19","Ferula_gummosa",60,"percent.germ",0.11007,25
"zardari19","Ferula_gummosa",60,"percent.germ",0.93845,5
"zardari19","Ferula_gummosa",60,"percent.germ",0.79658,7.5
"zardari19","Ferula_gummosa",90,"percent.germ",0.58494,10
"zardari19","Ferula_gummosa",90,"percent.germ",0.7155,12.5
"zardari19","Ferula_gummosa",90,"percent.germ",0.22591,15
"zardari19","Ferula_gummosa",90,"percent.germ",0.33688,17.5
"zardari19","Ferula_gummosa",90,"percent.germ",0.13615,20
"zardari19","Ferula_gummosa",90,"percent.germ",0.146,25
"zardari19","Ferula_gummosa",90,"percent.germ",0.85258,5
"zardari19","Ferula_gummosa",90,"percent.germ",0.82484,7.5
"zhou03","Paris_polyphylla",7,"percent.germ",0.18796,22
"zhou03","Paris_polyphylla",14,"percent.germ",0.43183,22
"zhou03","Paris_polyphylla",28,"percent.germ",0.26271,22
