"'","'mm",
"'","'",
"'","'seedcoat",
"'","'cotyledons",
"'","'hypocoty1",
"'","'radicle",
"'","'",
,

'Confidence Scores % (Table Cell)
"'22.87597656","'14.52636719",
"'32.66601563","'20.73974609",
"'23.01025391","'14.61181641",
"'33.93554688","'21.54541016",
"'33.88671875","'21.50878906",
"'21.59423828","'28.58886719",
"'32.66601563","'28.58886719",
