"'wing","'",
"'","'cotyoledons",
"'testa","'",
"'","'endosperm testa",
"'","'radicle",
"'","'1 cm",
,

'Confidence Scores % (Table Cell)
"'27.19726563","'45.84960938",
"'16.44287109","'27.70996094",
"'19.90966797","'33.54492188",
"'24.47509766","'41.23535156",
"'26.95312500","'45.41015625",
"'40.45410156","'68.16406250",
