"'","'cm o","'",
"'","'","'",
,,

'Confidence Scores % (Table Cell)
"'14.94140625","'14.55078125","'15.62500000",
"'28.39355469","'27.63671875","'29.66308594",
