"'","'4mm",
"'","'pericarp",
"'","'seedcoat",
"'","'endosperm",
"'","'cotyledons",
"'","'hypocotyl",
"'","'radicle",
"'","'",
,

'Confidence Scores % (Table Cell)
"'22.86376953","'14.81933594",
"'23.43750000","'15.18554688",
"'34.08203125","'22.08251953",
"'37.69531250","'24.42626953",
"'37.69531250","'24.42626953",
"'37.30468750","'24.18212891",
"'26.56250000","'17.21191406",
"'23.12011719","'14.97802734",
