"'Species","'seeds/kg","'seeds/lb",
"'saltwater falsewillow","'4,989,600","'2,268,000",
"'eastern baccharis","'10,000,000","'4,500,000",
"'coyotebrush","'8,316,000","'3,780,000",
"'mulefat baccharis","'11,000,000","'5,000,000",
,,

'Confidence Scores % (Table Cell)
""'93.45703125","'89.79492188","'92.52929688",
"'87.40234375","'83.98437500","'86.52343750",
"'91.06445313","'87.50000000","'90.13671875",
"'88.67187500","'85.20507813","'87.79296875",
"'93.65234375","'89.99023438","'92.72460938",
