"'A","'1cm. o","'",
"'","'","'",
,,

'Confidence Scores % (Table Cell)
"'22.05810547","'26.34277344","'47.97363281",
"'27.14843750","'32.42187500","'59.03320313",
