"'","'1cm","'","'",
"'","'","'","'",
,,,

'Confidence Scores % (Table Cell)
"'21.08154297","'20.33691406","'19.44580078","'20.70312500",
"'38.08593750","'36.74316406","'37.47558594","'37.47558594",
